env: load .env
env: export EXPO_PUBLIC_API_BASE_URL EXPO_PUBLIC_API_BASE_URL_WEB
Starting project at C:\mahaa
Using src/app as the root directory for Expo Router.
React Compiler enabled
Starting Metro Bundler

warning: Bundler cache is empty, rebuilding (this may take a minute)
Waiting on http://localhost:8081

Logs for your project will appear below.
λ Bundled 58668ms node_modules\expo\node_modules\@expo\cli\node_modules\@expo\router-server\node\render.js (1543 modules)
λ Bundled 5170ms node_modules\expo\node_modules\@expo\cli\node_modules\@expo\router-server\node\render.js (1 module)
Web Bundled 67254ms node_modules\expo-router\entry.js (1509 modules)
Web Bundled 9177ms node_modules\expo-router\entry.js (1 module)
Web Bundled 23293ms node_modules\expo-router\entry.js (1509 modules)
λ Bundled 224ms node_modules\expo\node_modules\@expo\cli\node_modules\@expo\router-server\node\render.js (1 module)
Web Bundled 1357ms node_modules\expo-router\entry.js (1 module)
Web Bundled 170ms node_modules\expo-router\entry.js (1 module)
Web  INFO  %cDownload the React DevTools for a better development experience: https://react.dev/link/react-devtools font-weight:bold
Web  LOG  Running application "main" with appParams:
 {"hydrate": undefined, "rootTag": "#root"} 
Development-level warnings: ON.
Performance optimizations: OFF.
Web  WARN  "shadow*" style props are deprecated. Use "boxShadow".
Web  WARN  Image: style.resizeMode is deprecated. Please use props.resizeMode.
λ Bundled 99ms node_modules\expo\node_modules\@expo\cli\node_modules\@expo\router-server\node\render.js (1 module)
Web Bundled 857ms node_modules\expo-router\entry.js (1 module)
Web Bundled 113ms node_modules\expo-router\entry.js (1 module)
Web  INFO  %cDownload the React DevTools for a better development experience: https://react.dev/link/react-devtools font-weight:bold
Web  LOG  Running application "main" with appParams:
 {"hydrate": undefined, "rootTag": "#root"} 
Development-level warnings: ON.
Performance optimizations: OFF.
Web  WARN  "shadow*" style props are deprecated. Use "boxShadow".
λ Bundled 658ms node_modules\expo\node_modules\@expo\cli\node_modules\@expo\router-server\node\render.js (1 module)
Web Bundled 3129ms node_modules\expo-router\entry.js (1 module)
Web Bundled 866ms node_modules\expo-router\entry.js (1 module)
Web  INFO  %cDownload the React DevTools for a better development experience: https://react.dev/link/react-devtools font-weight:bold
Web  LOG  Running application "main" with appParams:
 {"hydrate": undefined, "rootTag": "#root"} 
Development-level warnings: ON.
Performance optimizations: OFF.
Web  WARN  "shadow*" style props are deprecated. Use "boxShadow".
Web  WARN  Cannot record touch end without a touch start.
 Touch End: {"identifier":0,"pageX":430,"pageY":100,"timestamp":11616.199999999255}
 Touch Bank: []
 ERROR  SyntaxError: C:\mahaa\src\features\stories\StoryViewer.tsx: Unexpected token, expected "," (220:2)

  218 | }
  219 |
> 220 |   }, [currentStory, currentIndex, isPaused, handleNext, progressAnim]);
      |   ^
  221 |
  222 |   if (!currentStory) return null;
  223 |
    at constructor (C:\mahaa\node_modules\@babel\parser\lib\index.js:369:19)
    at TypeScriptParserMixin.raise (C:\mahaa\node_modules\@babel\parser\lib\index.js:6622:19)
    at TypeScriptParserMixin.unexpected (C:\mahaa\node_modules\@babel\parser\lib\index.js:6642:16)
    at TypeScriptParserMixin.expect (C:\mahaa\node_modules\@babel\parser\lib\index.js:6922:12)
    at TypeScriptParserMixin.parseCallExpressionArguments (C:\mahaa\node_modules\@babel\parser\lib\index.js:11274:14)
    at TypeScriptParserMixin.parseCoverCallAndAsyncArrowHead (C:\mahaa\node_modules\@babel\parser\lib\index.js:11217:29)
    at TypeScriptParserMixin.parseSubscript (C:\mahaa\node_modules\@babel\parser\lib\index.js:11146:19)
    at TypeScriptParserMixin.parseSubscript (C:\mahaa\node_modules\@babel\parser\lib\index.js:9295:18)
    at TypeScriptParserMixin.parseSubscripts (C:\mahaa\node_modules\@babel\parser\lib\index.js:11120:19)
    at TypeScriptParserMixin.parseExprSubscripts (C:\mahaa\node_modules\@babel\parser\lib\index.js:11111:17)
    at TypeScriptParserMixin.parseUpdate (C:\mahaa\node_modules\@babel\parser\lib\index.js:11092:21)
    at TypeScriptParserMixin.parseMaybeUnary (C:\mahaa\node_modules\@babel\parser\lib\index.js:11072:23)
    at TypeScriptParserMixin.parseMaybeUnary (C:\mahaa\node_modules\@babel\parser\lib\index.js:9860:18)
    at TypeScriptParserMixin.parseMaybeUnaryOrPrivate (C:\mahaa\node_modules\@babel\parser\lib\index.js:10925:61)
    at TypeScriptParserMixin.parseExprOps (C:\mahaa\node_modules\@babel\parser\lib\index.js:10930:23)
    at TypeScriptParserMixin.parseMaybeConditional (C:\mahaa\node_modules\@babel\parser\lib\index.js:10907:23)
    at TypeScriptParserMixin.parseMaybeAssign (C:\mahaa\node_modules\@babel\parser\lib\index.js:10857:21)
    at TypeScriptParserMixin.parseMaybeAssign (C:\mahaa\node_modules\@babel\parser\lib\index.js:9809:20)
    at TypeScriptParserMixin.parseExpressionBase (C:\mahaa\node_modules\@babel\parser\lib\index.js:10810:23)
    at C:\mahaa\node_modules\@babel\parser\lib\index.js:10806:39
    at TypeScriptParserMixin.allowInAnd (C:\mahaa\node_modules\@babel\parser\lib\index.js:12455:16)
    at TypeScriptParserMixin.parseExpression (C:\mahaa\node_modules\@babel\parser\lib\index.js:10806:17)
    at TypeScriptParserMixin.parseStatementContent (C:\mahaa\node_modules\@babel\parser\lib\index.js:12929:23)
    at TypeScriptParserMixin.parseStatementContent (C:\mahaa\node_modules\@babel\parser\lib\index.js:9531:18)
    at TypeScriptParserMixin.parseStatementLike (C:\mahaa\node_modules\@babel\parser\lib\index.js:12801:17)
    at TypeScriptParserMixin.parseStatementListItem (C:\mahaa\node_modules\@babel\parser\lib\index.js:12781:17)
    at TypeScriptParserMixin.parseBlockOrModuleBlockBody (C:\mahaa\node_modules\@babel\parser\lib\index.js:13350:61)
    at TypeScriptParserMixin.parseBlockBody (C:\mahaa\node_modules\@babel\parser\lib\index.js:13343:10)
    at TypeScriptParserMixin.parseBlock (C:\mahaa\node_modules\@babel\parser\lib\index.js:13331:10)
    at TypeScriptParserMixin.parseFunctionBody (C:\mahaa\node_modules\@babel\parser\lib\index.js:12134:24)
    at TypeScriptParserMixin.parseFunctionBodyAndFinish (C:\mahaa\node_modules\@babel\parser\lib\index.js:12120:10)
    at TypeScriptParserMixin.parseFunctionBodyAndFinish (C:\mahaa\node_modules\@babel\parser\lib\index.js:9195:18)
    at C:\mahaa\node_modules\@babel\parser\lib\index.js:13479:12
    at TypeScriptParserMixin.withSmartMixTopicForbiddingContext (C:\mahaa\node_modules\@babel\parser\lib\index.js:12437:14)
    at TypeScriptParserMixin.parseFunction (C:\mahaa\node_modules\@babel\parser\lib\index.js:13478:10)
    at TypeScriptParserMixin.parseFunctionStatement (C:\mahaa\node_modules\@babel\parser\lib\index.js:13159:17)
    at TypeScriptParserMixin.parseStatementContent (C:\mahaa\node_modules\@babel\parser\lib\index.js:12825:21)
    at TypeScriptParserMixin.parseStatementContent (C:\mahaa\node_modules\@babel\parser\lib\index.js:9531:18)
    at TypeScriptParserMixin.parseStatementLike (C:\mahaa\node_modules\@babel\parser\lib\index.js:12801:17)
    at TypeScriptParserMixin.parseStatementListItem (C:\mahaa\node_modules\@babel\parser\lib\index.js:12781:17)
    at TypeScriptParserMixin.parseExportDeclaration (C:\mahaa\node_modules\@babel\parser\lib\index.js:13968:17)
    at TypeScriptParserMixin.parseExportDeclaration (C:\mahaa\node_modules\@babel\parser\lib\index.js:9652:85)
    at TypeScriptParserMixin.maybeParseExportDeclaration (C:\mahaa\node_modules\@babel\parser\lib\index.js:13927:31)
    at TypeScriptParserMixin.parseExport (C:\mahaa\node_modules\@babel\parser\lib\index.js:13846:29)
    at TypeScriptParserMixin.parseExport (C:\mahaa\node_modules\@babel\parser\lib\index.js:9408:20)
    at TypeScriptParserMixin.parseStatementContent (C:\mahaa\node_modules\@babel\parser\lib\index.js:12912:27)
    at TypeScriptParserMixin.parseStatementContent (C:\mahaa\node_modules\@babel\parser\lib\index.js:9531:18)
    at TypeScriptParserMixin.parseStatementLike (C:\mahaa\node_modules\@babel\parser\lib\index.js:12801:17)
    at TypeScriptParserMixin.parseModuleItem (C:\mahaa\node_modules\@babel\parser\lib\index.js:12778:17)
    at TypeScriptParserMixin.parseBlockOrModuleBlockBody (C:\mahaa\node_modules\@babel\parser\lib\index.js:13350:36)
 ERROR  SyntaxError: C:\mahaa\src\features\stories\StoryViewer.tsx: Unexpected token, expected "," (220:2)

  218 | }
  219 |
> 220 |   }, [currentStory, currentIndex, isPaused, handleNext, progressAnim]);
      |   ^
  221 |
  222 |   if (!currentStory) return null;
  223 |
    at constructor (C:\mahaa\node_modules\@babel\parser\lib\index.js:369:19)
    at TypeScriptParserMixin.raise (C:\mahaa\node_modules\@babel\parser\lib\index.js:6622:19)
    at TypeScriptParserMixin.unexpected (C:\mahaa\node_modules\@babel\parser\lib\index.js:6642:16)
    at TypeScriptParserMixin.expect (C:\mahaa\node_modules\@babel\parser\lib\index.js:6922:12)
    at TypeScriptParserMixin.parseCallExpressionArguments (C:\mahaa\node_modules\@babel\parser\lib\index.js:11274:14)
    at TypeScriptParserMixin.parseCoverCallAndAsyncArrowHead (C:\mahaa\node_modules\@babel\parser\lib\index.js:11217:29)
    at TypeScriptParserMixin.parseSubscript (C:\mahaa\node_modules\@babel\parser\lib\index.js:11146:19)
    at TypeScriptParserMixin.parseSubscript (C:\mahaa\node_modules\@babel\parser\lib\index.js:9295:18)
    at TypeScriptParserMixin.parseSubscripts (C:\mahaa\node_modules\@babel\parser\lib\index.js:11120:19)
    at TypeScriptParserMixin.parseExprSubscripts (C:\mahaa\node_modules\@babel\parser\lib\index.js:11111:17)
    at TypeScriptParserMixin.parseUpdate (C:\mahaa\node_modules\@babel\parser\lib\index.js:11092:21)
    at TypeScriptParserMixin.parseMaybeUnary (C:\mahaa\node_modules\@babel\parser\lib\index.js:11072:23)
    at TypeScriptParserMixin.parseMaybeUnary (C:\mahaa\node_modules\@babel\parser\lib\index.js:9860:18)
    at TypeScriptParserMixin.parseMaybeUnaryOrPrivate (C:\mahaa\node_modules\@babel\parser\lib\index.js:10925:61)
    at TypeScriptParserMixin.parseExprOps (C:\mahaa\node_modules\@babel\parser\lib\index.js:10930:23)
    at TypeScriptParserMixin.parseMaybeConditional (C:\mahaa\node_modules\@babel\parser\lib\index.js:10907:23)
    at TypeScriptParserMixin.parseMaybeAssign (C:\mahaa\node_modules\@babel\parser\lib\index.js:10857:21)
    at TypeScriptParserMixin.parseMaybeAssign (C:\mahaa\node_modules\@babel\parser\lib\index.js:9809:20)
    at TypeScriptParserMixin.parseExpressionBase (C:\mahaa\node_modules\@babel\parser\lib\index.js:10810:23)
    at C:\mahaa\node_modules\@babel\parser\lib\index.js:10806:39
    at TypeScriptParserMixin.allowInAnd (C:\mahaa\node_modules\@babel\parser\lib\index.js:12455:16)
    at TypeScriptParserMixin.parseExpression (C:\mahaa\node_modules\@babel\parser\lib\index.js:10806:17)
    at TypeScriptParserMixin.parseStatementContent (C:\mahaa\node_modules\@babel\parser\lib\index.js:12929:23)
    at TypeScriptParserMixin.parseStatementContent (C:\mahaa\node_modules\@babel\parser\lib\index.js:9531:18)
    at TypeScriptParserMixin.parseStatementLike (C:\mahaa\node_modules\@babel\parser\lib\index.js:12801:17)
    at TypeScriptParserMixin.parseStatementListItem (C:\mahaa\node_modules\@babel\parser\lib\index.js:12781:17)
    at TypeScriptParserMixin.parseBlockOrModuleBlockBody (C:\mahaa\node_modules\@babel\parser\lib\index.js:13350:61)
    at TypeScriptParserMixin.parseBlockBody (C:\mahaa\node_modules\@babel\parser\lib\index.js:13343:10)
    at TypeScriptParserMixin.parseBlock (C:\mahaa\node_modules\@babel\parser\lib\index.js:13331:10)
    at TypeScriptParserMixin.parseFunctionBody (C:\mahaa\node_modules\@babel\parser\lib\index.js:12134:24)
    at TypeScriptParserMixin.parseFunctionBodyAndFinish (C:\mahaa\node_modules\@babel\parser\lib\index.js:12120:10)
    at TypeScriptParserMixin.parseFunctionBodyAndFinish (C:\mahaa\node_modules\@babel\parser\lib\index.js:9195:18)
    at C:\mahaa\node_modules\@babel\parser\lib\index.js:13479:12
    at TypeScriptParserMixin.withSmartMixTopicForbiddingContext (C:\mahaa\node_modules\@babel\parser\lib\index.js:12437:14)
    at TypeScriptParserMixin.parseFunction (C:\mahaa\node_modules\@babel\parser\lib\index.js:13478:10)
    at TypeScriptParserMixin.parseFunctionStatement (C:\mahaa\node_modules\@babel\parser\lib\index.js:13159:17)
    at TypeScriptParserMixin.parseStatementContent (C:\mahaa\node_modules\@babel\parser\lib\index.js:12825:21)
    at TypeScriptParserMixin.parseStatementContent (C:\mahaa\node_modules\@babel\parser\lib\index.js:9531:18)
    at TypeScriptParserMixin.parseStatementLike (C:\mahaa\node_modules\@babel\parser\lib\index.js:12801:17)
    at TypeScriptParserMixin.parseStatementListItem (C:\mahaa\node_modules\@babel\parser\lib\index.js:12781:17)
    at TypeScriptParserMixin.parseExportDeclaration (C:\mahaa\node_modules\@babel\parser\lib\index.js:13968:17)
    at TypeScriptParserMixin.parseExportDeclaration (C:\mahaa\node_modules\@babel\parser\lib\index.js:9652:85)
    at TypeScriptParserMixin.maybeParseExportDeclaration (C:\mahaa\node_modules\@babel\parser\lib\index.js:13927:31)
    at TypeScriptParserMixin.parseExport (C:\mahaa\node_modules\@babel\parser\lib\index.js:13846:29)
    at TypeScriptParserMixin.parseExport (C:\mahaa\node_modules\@babel\parser\lib\index.js:9408:20)
    at TypeScriptParserMixin.parseStatementContent (C:\mahaa\node_modules\@babel\parser\lib\index.js:12912:27)
    at TypeScriptParserMixin.parseStatementContent (C:\mahaa\node_modules\@babel\parser\lib\index.js:9531:18)
    at TypeScriptParserMixin.parseStatementLike (C:\mahaa\node_modules\@babel\parser\lib\index.js:12801:17)
    at TypeScriptParserMixin.parseModuleItem (C:\mahaa\node_modules\@babel\parser\lib\index.js:12778:17)
    at TypeScriptParserMixin.parseBlockOrModuleBlockBody (C:\mahaa\node_modules\@babel\parser\lib\index.js:13350:36)
 ERROR  SyntaxError: C:\mahaa\src\features\stories\StoryViewer.tsx: Unexpected token, expected "," (220:2)

  218 | }
  219 |
> 220 |   }, [currentStory, currentIndex, isPaused, handleNext, progressAnim]);
      |   ^
  221 |
  222 |   if (!currentStory) return null;
  223 |
    at constructor (C:\mahaa\node_modules\@babel\parser\lib\index.js:369:19)
    at TypeScriptParserMixin.raise (C:\mahaa\node_modules\@babel\parser\lib\index.js:6622:19)
    at TypeScriptParserMixin.unexpected (C:\mahaa\node_modules\@babel\parser\lib\index.js:6642:16)
    at TypeScriptParserMixin.expect (C:\mahaa\node_modules\@babel\parser\lib\index.js:6922:12)
    at TypeScriptParserMixin.parseCallExpressionArguments (C:\mahaa\node_modules\@babel\parser\lib\index.js:11274:14)
    at TypeScriptParserMixin.parseCoverCallAndAsyncArrowHead (C:\mahaa\node_modules\@babel\parser\lib\index.js:11217:29)
    at TypeScriptParserMixin.parseSubscript (C:\mahaa\node_modules\@babel\parser\lib\index.js:11146:19)
    at TypeScriptParserMixin.parseSubscript (C:\mahaa\node_modules\@babel\parser\lib\index.js:9295:18)
    at TypeScriptParserMixin.parseSubscripts (C:\mahaa\node_modules\@babel\parser\lib\index.js:11120:19)
    at TypeScriptParserMixin.parseExprSubscripts (C:\mahaa\node_modules\@babel\parser\lib\index.js:11111:17)
    at TypeScriptParserMixin.parseUpdate (C:\mahaa\node_modules\@babel\parser\lib\index.js:11092:21)
    at TypeScriptParserMixin.parseMaybeUnary (C:\mahaa\node_modules\@babel\parser\lib\index.js:11072:23)
    at TypeScriptParserMixin.parseMaybeUnary (C:\mahaa\node_modules\@babel\parser\lib\index.js:9860:18)
    at TypeScriptParserMixin.parseMaybeUnaryOrPrivate (C:\mahaa\node_modules\@babel\parser\lib\index.js:10925:61)
    at TypeScriptParserMixin.parseExprOps (C:\mahaa\node_modules\@babel\parser\lib\index.js:10930:23)
    at TypeScriptParserMixin.parseMaybeConditional (C:\mahaa\node_modules\@babel\parser\lib\index.js:10907:23)
    at TypeScriptParserMixin.parseMaybeAssign (C:\mahaa\node_modules\@babel\parser\lib\index.js:10857:21)
    at TypeScriptParserMixin.parseMaybeAssign (C:\mahaa\node_modules\@babel\parser\lib\index.js:9809:20)
    at TypeScriptParserMixin.parseExpressionBase (C:\mahaa\node_modules\@babel\parser\lib\index.js:10810:23)
    at C:\mahaa\node_modules\@babel\parser\lib\index.js:10806:39
    at TypeScriptParserMixin.allowInAnd (C:\mahaa\node_modules\@babel\parser\lib\index.js:12455:16)
    at TypeScriptParserMixin.parseExpression (C:\mahaa\node_modules\@babel\parser\lib\index.js:10806:17)
    at TypeScriptParserMixin.parseStatementContent (C:\mahaa\node_modules\@babel\parser\lib\index.js:12929:23)
    at TypeScriptParserMixin.parseStatementContent (C:\mahaa\node_modules\@babel\parser\lib\index.js:9531:18)
    at TypeScriptParserMixin.parseStatementLike (C:\mahaa\node_modules\@babel\parser\lib\index.js:12801:17)
    at TypeScriptParserMixin.parseStatementListItem (C:\mahaa\node_modules\@babel\parser\lib\index.js:12781:17)
    at TypeScriptParserMixin.parseBlockOrModuleBlockBody (C:\mahaa\node_modules\@babel\parser\lib\index.js:13350:61)
    at TypeScriptParserMixin.parseBlockBody (C:\mahaa\node_modules\@babel\parser\lib\index.js:13343:10)
    at TypeScriptParserMixin.parseBlock (C:\mahaa\node_modules\@babel\parser\lib\index.js:13331:10)
    at TypeScriptParserMixin.parseFunctionBody (C:\mahaa\node_modules\@babel\parser\lib\index.js:12134:24)
    at TypeScriptParserMixin.parseFunctionBodyAndFinish (C:\mahaa\node_modules\@babel\parser\lib\index.js:12120:10)
    at TypeScriptParserMixin.parseFunctionBodyAndFinish (C:\mahaa\node_modules\@babel\parser\lib\index.js:9195:18)
    at C:\mahaa\node_modules\@babel\parser\lib\index.js:13479:12
    at TypeScriptParserMixin.withSmartMixTopicForbiddingContext (C:\mahaa\node_modules\@babel\parser\lib\index.js:12437:14)
    at TypeScriptParserMixin.parseFunction (C:\mahaa\node_modules\@babel\parser\lib\index.js:13478:10)
    at TypeScriptParserMixin.parseFunctionStatement (C:\mahaa\node_modules\@babel\parser\lib\index.js:13159:17)
    at TypeScriptParserMixin.parseStatementContent (C:\mahaa\node_modules\@babel\parser\lib\index.js:12825:21)
    at TypeScriptParserMixin.parseStatementContent (C:\mahaa\node_modules\@babel\parser\lib\index.js:9531:18)
    at TypeScriptParserMixin.parseStatementLike (C:\mahaa\node_modules\@babel\parser\lib\index.js:12801:17)
    at TypeScriptParserMixin.parseStatementListItem (C:\mahaa\node_modules\@babel\parser\lib\index.js:12781:17)
    at TypeScriptParserMixin.parseExportDeclaration (C:\mahaa\node_modules\@babel\parser\lib\index.js:13968:17)
    at TypeScriptParserMixin.parseExportDeclaration (C:\mahaa\node_modules\@babel\parser\lib\index.js:9652:85)
    at TypeScriptParserMixin.maybeParseExportDeclaration (C:\mahaa\node_modules\@babel\parser\lib\index.js:13927:31)
    at TypeScriptParserMixin.parseExport (C:\mahaa\node_modules\@babel\parser\lib\index.js:13846:29)
    at TypeScriptParserMixin.parseExport (C:\mahaa\node_modules\@babel\parser\lib\index.js:9408:20)
    at TypeScriptParserMixin.parseStatementContent (C:\mahaa\node_modules\@babel\parser\lib\index.js:12912:27)
    at TypeScriptParserMixin.parseStatementContent (C:\mahaa\node_modules\@babel\parser\lib\index.js:9531:18)
    at TypeScriptParserMixin.parseStatementLike (C:\mahaa\node_modules\@babel\parser\lib\index.js:12801:17)
    at TypeScriptParserMixin.parseModuleItem (C:\mahaa\node_modules\@babel\parser\lib\index.js:12778:17)
    at TypeScriptParserMixin.parseBlockOrModuleBlockBody (C:\mahaa\node_modules\@babel\parser\lib\index.js:13350:36)
Web  ERROR  [TransformError: SyntaxError: C:\mahaa\src\features\stories\StoryViewer.tsx: Unexpected token, expected "," (220:2)

  218 | }
  219 |
> 220 |   }, [currentStory, currentIndex, isPaused, handleNext, progressAnim]);
      |   ^
  221 |
  222 |   if (!currentStory) return null;
  223 |]
Web  ERROR  [TransformError: SyntaxError: C:\mahaa\src\features\stories\StoryViewer.tsx: Unexpected token, expected "," (220:2)

  218 | }
  219 |
> 220 |   }, [currentStory, currentIndex, isPaused, handleNext, progressAnim]);
      |   ^
  221 |
  222 |   if (!currentStory) return null;
  223 |]
Web  ERROR  [TransformError: SyntaxError: C:\mahaa\src\features\stories\StoryViewer.tsx: Unexpected token, expected "," (220:2)

  218 | }
  219 |
> 220 |   }, [currentStory, currentIndex, isPaused, handleNext, progressAnim]);
      |   ^
  221 |
  222 |   if (!currentStory) return null;
  223 |]
Web  ERROR  [TransformError: SyntaxError: C:\mahaa\src\features\stories\StoryViewer.tsx: Unexpected token, expected "," (220:2)

  218 | }
  219 |
> 220 |   }, [currentStory, currentIndex, isPaused, handleNext, progressAnim]);
      |   ^
  221 |
  222 |   if (!currentStory) return null;
  223 |]
Web  ERROR  [TransformError: SyntaxError: C:\mahaa\src\features\stories\StoryViewer.tsx: Unexpected token, expected "," (220:2)

  218 | }
  219 |
> 220 |   }, [currentStory, currentIndex, isPaused, handleNext, progressAnim]);
      |   ^
  221 |
  222 |   if (!currentStory) return null;
  223 |]
Web  ERROR  [TransformError: SyntaxError: C:\mahaa\src\features\stories\StoryViewer.tsx: Unexpected token, expected "," (220:2)

  218 | }
  219 |
> 220 |   }, [currentStory, currentIndex, isPaused, handleNext, progressAnim]);
      |   ^
  221 |
  222 |   if (!currentStory) return null;
  223 |]
Web  ERROR  [TransformError: SyntaxError: C:\mahaa\src\features\stories\StoryViewer.tsx: Unexpected token, expected "," (220:2)

  218 | }
  219 |
> 220 |   }, [currentStory, currentIndex, isPaused, handleNext, progressAnim]);
      |   ^
  221 |
  222 |   if (!currentStory) return null;
  223 |]
Web  ERROR  [TransformError: SyntaxError: C:\mahaa\src\features\stories\StoryViewer.tsx: Unexpected token, expected "," (220:2)

  218 | }
  219 |
> 220 |   }, [currentStory, currentIndex, isPaused, handleNext, progressAnim]);
      |   ^
  221 |
  222 |   if (!currentStory) return null;
  223 |]
Web  ERROR  [TransformError: SyntaxError: C:\mahaa\src\features\stories\StoryViewer.tsx: Unexpected token, expected "," (220:2)

  218 | }
  219 |
> 220 |   }, [currentStory, currentIndex, isPaused, handleNext, progressAnim]);
      |   ^
  221 |
  222 |   if (!currentStory) return null;
  223 |]
 ERROR  SyntaxError: C:\mahaa\src\features\stories\StoryViewer.tsx: Unexpected token, expected "," (220:2)

  218 | }
  219 |
> 220 |   }, [currentStory, currentIndex, isPaused, handleNext, progressAnim]);
      |   ^
  221 |
  222 |   if (!currentStory) return null;
  223 |
    at constructor (C:\mahaa\node_modules\@babel\parser\lib\index.js:369:19)
    at TypeScriptParserMixin.raise (C:\mahaa\node_modules\@babel\parser\lib\index.js:6622:19)
    at TypeScriptParserMixin.unexpected (C:\mahaa\node_modules\@babel\parser\lib\index.js:6642:16)
    at TypeScriptParserMixin.expect (C:\mahaa\node_modules\@babel\parser\lib\index.js:6922:12)
    at TypeScriptParserMixin.parseCallExpressionArguments (C:\mahaa\node_modules\@babel\parser\lib\index.js:11274:14)
    at TypeScriptParserMixin.parseCoverCallAndAsyncArrowHead (C:\mahaa\node_modules\@babel\parser\lib\index.js:11217:29)
    at TypeScriptParserMixin.parseSubscript (C:\mahaa\node_modules\@babel\parser\lib\index.js:11146:19)
    at TypeScriptParserMixin.parseSubscript (C:\mahaa\node_modules\@babel\parser\lib\index.js:9295:18)
    at TypeScriptParserMixin.parseSubscripts (C:\mahaa\node_modules\@babel\parser\lib\index.js:11120:19)
    at TypeScriptParserMixin.parseExprSubscripts (C:\mahaa\node_modules\@babel\parser\lib\index.js:11111:17)
    at TypeScriptParserMixin.parseUpdate (C:\mahaa\node_modules\@babel\parser\lib\index.js:11092:21)
    at TypeScriptParserMixin.parseMaybeUnary (C:\mahaa\node_modules\@babel\parser\lib\index.js:11072:23)
    at TypeScriptParserMixin.parseMaybeUnary (C:\mahaa\node_modules\@babel\parser\lib\index.js:9860:18)
    at TypeScriptParserMixin.parseMaybeUnaryOrPrivate (C:\mahaa\node_modules\@babel\parser\lib\index.js:10925:61)
    at TypeScriptParserMixin.parseExprOps (C:\mahaa\node_modules\@babel\parser\lib\index.js:10930:23)
    at TypeScriptParserMixin.parseMaybeConditional (C:\mahaa\node_modules\@babel\parser\lib\index.js:10907:23)
    at TypeScriptParserMixin.parseMaybeAssign (C:\mahaa\node_modules\@babel\parser\lib\index.js:10857:21)
    at TypeScriptParserMixin.parseMaybeAssign (C:\mahaa\node_modules\@babel\parser\lib\index.js:9809:20)
    at TypeScriptParserMixin.parseExpressionBase (C:\mahaa\node_modules\@babel\parser\lib\index.js:10810:23)
    at C:\mahaa\node_modules\@babel\parser\lib\index.js:10806:39
    at TypeScriptParserMixin.allowInAnd (C:\mahaa\node_modules\@babel\parser\lib\index.js:12455:16)
    at TypeScriptParserMixin.parseExpression (C:\mahaa\node_modules\@babel\parser\lib\index.js:10806:17)
    at TypeScriptParserMixin.parseStatementContent (C:\mahaa\node_modules\@babel\parser\lib\index.js:12929:23)
    at TypeScriptParserMixin.parseStatementContent (C:\mahaa\node_modules\@babel\parser\lib\index.js:9531:18)
    at TypeScriptParserMixin.parseStatementLike (C:\mahaa\node_modules\@babel\parser\lib\index.js:12801:17)
    at TypeScriptParserMixin.parseStatementListItem (C:\mahaa\node_modules\@babel\parser\lib\index.js:12781:17)
    at TypeScriptParserMixin.parseBlockOrModuleBlockBody (C:\mahaa\node_modules\@babel\parser\lib\index.js:13350:61)
    at TypeScriptParserMixin.parseBlockBody (C:\mahaa\node_modules\@babel\parser\lib\index.js:13343:10)
    at TypeScriptParserMixin.parseBlock (C:\mahaa\node_modules\@babel\parser\lib\index.js:13331:10)
    at TypeScriptParserMixin.parseFunctionBody (C:\mahaa\node_modules\@babel\parser\lib\index.js:12134:24)
    at TypeScriptParserMixin.parseFunctionBodyAndFinish (C:\mahaa\node_modules\@babel\parser\lib\index.js:12120:10)
    at TypeScriptParserMixin.parseFunctionBodyAndFinish (C:\mahaa\node_modules\@babel\parser\lib\index.js:9195:18)
    at C:\mahaa\node_modules\@babel\parser\lib\index.js:13479:12
    at TypeScriptParserMixin.withSmartMixTopicForbiddingContext (C:\mahaa\node_modules\@babel\parser\lib\index.js:12437:14)
    at TypeScriptParserMixin.parseFunction (C:\mahaa\node_modules\@babel\parser\lib\index.js:13478:10)
    at TypeScriptParserMixin.parseFunctionStatement (C:\mahaa\node_modules\@babel\parser\lib\index.js:13159:17)
    at TypeScriptParserMixin.parseStatementContent (C:\mahaa\node_modules\@babel\parser\lib\index.js:12825:21)
    at TypeScriptParserMixin.parseStatementContent (C:\mahaa\node_modules\@babel\parser\lib\index.js:9531:18)
    at TypeScriptParserMixin.parseStatementLike (C:\mahaa\node_modules\@babel\parser\lib\index.js:12801:17)
    at TypeScriptParserMixin.parseStatementListItem (C:\mahaa\node_modules\@babel\parser\lib\index.js:12781:17)
    at TypeScriptParserMixin.parseExportDeclaration (C:\mahaa\node_modules\@babel\parser\lib\index.js:13968:17)
    at TypeScriptParserMixin.parseExportDeclaration (C:\mahaa\node_modules\@babel\parser\lib\index.js:9652:85)
    at TypeScriptParserMixin.maybeParseExportDeclaration (C:\mahaa\node_modules\@babel\parser\lib\index.js:13927:31)
    at TypeScriptParserMixin.parseExport (C:\mahaa\node_modules\@babel\parser\lib\index.js:13846:29)
    at TypeScriptParserMixin.parseExport (C:\mahaa\node_modules\@babel\parser\lib\index.js:9408:20)
    at TypeScriptParserMixin.parseStatementContent (C:\mahaa\node_modules\@babel\parser\lib\index.js:12912:27)
    at TypeScriptParserMixin.parseStatementContent (C:\mahaa\node_modules\@babel\parser\lib\index.js:9531:18)
    at TypeScriptParserMixin.parseStatementLike (C:\mahaa\node_modules\@babel\parser\lib\index.js:12801:17)
    at TypeScriptParserMixin.parseModuleItem (C:\mahaa\node_modules\@babel\parser\lib\index.js:12778:17)
    at TypeScriptParserMixin.parseBlockOrModuleBlockBody (C:\mahaa\node_modules\@babel\parser\lib\index.js:13350:36)
Web  ERROR  [TransformError: SyntaxError: C:\mahaa\src\features\stories\StoryViewer.tsx: Unexpected token, expected "," (220:2)

  218 | }
  219 |
> 220 |   }, [currentStory, currentIndex, isPaused, handleNext, progressAnim]);
      |   ^
  221 |
  222 |   if (!currentStory) return null;
  223 |]
Web  ERROR  [TransformError: SyntaxError: C:\mahaa\src\features\stories\StoryViewer.tsx: Unexpected token, expected "," (220:2)

  218 | }
  219 |
> 220 |   }, [currentStory, currentIndex, isPaused, handleNext, progressAnim]);
      |   ^
  221 |
  222 |   if (!currentStory) return null;
  223 |]
Web  ERROR  [TransformError: SyntaxError: C:\mahaa\src\features\stories\StoryViewer.tsx: Unexpected token, expected "," (220:2)

  218 | }
  219 |
> 220 |   }, [currentStory, currentIndex, isPaused, handleNext, progressAnim]);
      |   ^
  221 |
  222 |   if (!currentStory) return null;
  223 |]
 ERROR  SyntaxError: C:\mahaa\src\features\stories\StoryViewer.tsx: Unexpected token, expected "," (220:2)

  218 | }
  219 |
> 220 |   }, [currentStory, currentIndex, isPaused, handleNext, progressAnim]);
      |   ^
  221 |
  222 |   if (!currentStory) return null;
  223 |
    at constructor (C:\mahaa\node_modules\@babel\parser\lib\index.js:369:19)
    at TypeScriptParserMixin.raise (C:\mahaa\node_modules\@babel\parser\lib\index.js:6622:19)
    at TypeScriptParserMixin.unexpected (C:\mahaa\node_modules\@babel\parser\lib\index.js:6642:16)
    at TypeScriptParserMixin.expect (C:\mahaa\node_modules\@babel\parser\lib\index.js:6922:12)
    at TypeScriptParserMixin.parseCallExpressionArguments (C:\mahaa\node_modules\@babel\parser\lib\index.js:11274:14)
    at TypeScriptParserMixin.parseCoverCallAndAsyncArrowHead (C:\mahaa\node_modules\@babel\parser\lib\index.js:11217:29)
    at TypeScriptParserMixin.parseSubscript (C:\mahaa\node_modules\@babel\parser\lib\index.js:11146:19)
    at TypeScriptParserMixin.parseSubscript (C:\mahaa\node_modules\@babel\parser\lib\index.js:9295:18)
    at TypeScriptParserMixin.parseSubscripts (C:\mahaa\node_modules\@babel\parser\lib\index.js:11120:19)
    at TypeScriptParserMixin.parseExprSubscripts (C:\mahaa\node_modules\@babel\parser\lib\index.js:11111:17)
    at TypeScriptParserMixin.parseUpdate (C:\mahaa\node_modules\@babel\parser\lib\index.js:11092:21)
    at TypeScriptParserMixin.parseMaybeUnary (C:\mahaa\node_modules\@babel\parser\lib\index.js:11072:23)
    at TypeScriptParserMixin.parseMaybeUnary (C:\mahaa\node_modules\@babel\parser\lib\index.js:9860:18)
    at TypeScriptParserMixin.parseMaybeUnaryOrPrivate (C:\mahaa\node_modules\@babel\parser\lib\index.js:10925:61)
    at TypeScriptParserMixin.parseExprOps (C:\mahaa\node_modules\@babel\parser\lib\index.js:10930:23)
    at TypeScriptParserMixin.parseMaybeConditional (C:\mahaa\node_modules\@babel\parser\lib\index.js:10907:23)
    at TypeScriptParserMixin.parseMaybeAssign (C:\mahaa\node_modules\@babel\parser\lib\index.js:10857:21)
    at TypeScriptParserMixin.parseMaybeAssign (C:\mahaa\node_modules\@babel\parser\lib\index.js:9809:20)
    at TypeScriptParserMixin.parseExpressionBase (C:\mahaa\node_modules\@babel\parser\lib\index.js:10810:23)
    at C:\mahaa\node_modules\@babel\parser\lib\index.js:10806:39
    at TypeScriptParserMixin.allowInAnd (C:\mahaa\node_modules\@babel\parser\lib\index.js:12455:16)
    at TypeScriptParserMixin.parseExpression (C:\mahaa\node_modules\@babel\parser\lib\index.js:10806:17)
    at TypeScriptParserMixin.parseStatementContent (C:\mahaa\node_modules\@babel\parser\lib\index.js:12929:23)
    at TypeScriptParserMixin.parseStatementContent (C:\mahaa\node_modules\@babel\parser\lib\index.js:9531:18)
    at TypeScriptParserMixin.parseStatementLike (C:\mahaa\node_modules\@babel\parser\lib\index.js:12801:17)
    at TypeScriptParserMixin.parseStatementListItem (C:\mahaa\node_modules\@babel\parser\lib\index.js:12781:17)
    at TypeScriptParserMixin.parseBlockOrModuleBlockBody (C:\mahaa\node_modules\@babel\parser\lib\index.js:13350:61)
    at TypeScriptParserMixin.parseBlockBody (C:\mahaa\node_modules\@babel\parser\lib\index.js:13343:10)
    at TypeScriptParserMixin.parseBlock (C:\mahaa\node_modules\@babel\parser\lib\index.js:13331:10)
    at TypeScriptParserMixin.parseFunctionBody (C:\mahaa\node_modules\@babel\parser\lib\index.js:12134:24)
    at TypeScriptParserMixin.parseFunctionBodyAndFinish (C:\mahaa\node_modules\@babel\parser\lib\index.js:12120:10)
    at TypeScriptParserMixin.parseFunctionBodyAndFinish (C:\mahaa\node_modules\@babel\parser\lib\index.js:9195:18)
    at C:\mahaa\node_modules\@babel\parser\lib\index.js:13479:12
    at TypeScriptParserMixin.withSmartMixTopicForbiddingContext (C:\mahaa\node_modules\@babel\parser\lib\index.js:12437:14)
    at TypeScriptParserMixin.parseFunction (C:\mahaa\node_modules\@babel\parser\lib\index.js:13478:10)
    at TypeScriptParserMixin.parseFunctionStatement (C:\mahaa\node_modules\@babel\parser\lib\index.js:13159:17)
    at TypeScriptParserMixin.parseStatementContent (C:\mahaa\node_modules\@babel\parser\lib\index.js:12825:21)
    at TypeScriptParserMixin.parseStatementContent (C:\mahaa\node_modules\@babel\parser\lib\index.js:9531:18)
    at TypeScriptParserMixin.parseStatementLike (C:\mahaa\node_modules\@babel\parser\lib\index.js:12801:17)
    at TypeScriptParserMixin.parseStatementListItem (C:\mahaa\node_modules\@babel\parser\lib\index.js:12781:17)
    at TypeScriptParserMixin.parseExportDeclaration (C:\mahaa\node_modules\@babel\parser\lib\index.js:13968:17)
    at TypeScriptParserMixin.parseExportDeclaration (C:\mahaa\node_modules\@babel\parser\lib\index.js:9652:85)
    at TypeScriptParserMixin.maybeParseExportDeclaration (C:\mahaa\node_modules\@babel\parser\lib\index.js:13927:31)
    at TypeScriptParserMixin.parseExport (C:\mahaa\node_modules\@babel\parser\lib\index.js:13846:29)
    at TypeScriptParserMixin.parseExport (C:\mahaa\node_modules\@babel\parser\lib\index.js:9408:20)
    at TypeScriptParserMixin.parseStatementContent (C:\mahaa\node_modules\@babel\parser\lib\index.js:12912:27)
    at TypeScriptParserMixin.parseStatementContent (C:\mahaa\node_modules\@babel\parser\lib\index.js:9531:18)
    at TypeScriptParserMixin.parseStatementLike (C:\mahaa\node_modules\@babel\parser\lib\index.js:12801:17)
    at TypeScriptParserMixin.parseModuleItem (C:\mahaa\node_modules\@babel\parser\lib\index.js:12778:17)
    at TypeScriptParserMixin.parseBlockOrModuleBlockBody (C:\mahaa\node_modules\@babel\parser\lib\index.js:13350:36)
Web  ERROR  [TransformError: SyntaxError: C:\mahaa\src\features\stories\StoryViewer.tsx: Unexpected token, expected "," (220:2)

  218 | }
  219 |
> 220 |   }, [currentStory, currentIndex, isPaused, handleNext, progressAnim]);
      |   ^
  221 |
  222 |   if (!currentStory) return null;
  223 |]
Web  ERROR  [TransformError: SyntaxError: C:\mahaa\src\features\stories\StoryViewer.tsx: Unexpected token, expected "," (220:2)

  218 | }
  219 |
> 220 |   }, [currentStory, currentIndex, isPaused, handleNext, progressAnim]);
      |   ^
  221 |
  222 |   if (!currentStory) return null;
  223 |]
Web  ERROR  [TransformError: SyntaxError: C:\mahaa\src\features\stories\StoryViewer.tsx: Unexpected token, expected "," (220:2)

  218 | }
  219 |
> 220 |   }, [currentStory, currentIndex, isPaused, handleNext, progressAnim]);
      |   ^
  221 |
  222 |   if (!currentStory) return null;
  223 |]
 ERROR  SyntaxError: C:\mahaa\src\features\stories\StoryViewer.tsx: Unexpected token, expected "," (220:2)

  218 | }
  219 |
> 220 |   }, [currentStory, currentIndex, isPaused, handleNext, progressAnim]);
      |   ^
  221 |
  222 |   if (!currentStory) return null;
  223 |
    at constructor (C:\mahaa\node_modules\@babel\parser\lib\index.js:369:19)
    at TypeScriptParserMixin.raise (C:\mahaa\node_modules\@babel\parser\lib\index.js:6622:19)
    at TypeScriptParserMixin.unexpected (C:\mahaa\node_modules\@babel\parser\lib\index.js:6642:16)
    at TypeScriptParserMixin.expect (C:\mahaa\node_modules\@babel\parser\lib\index.js:6922:12)
    at TypeScriptParserMixin.parseCallExpressionArguments (C:\mahaa\node_modules\@babel\parser\lib\index.js:11274:14)
    at TypeScriptParserMixin.parseCoverCallAndAsyncArrowHead (C:\mahaa\node_modules\@babel\parser\lib\index.js:11217:29)
    at TypeScriptParserMixin.parseSubscript (C:\mahaa\node_modules\@babel\parser\lib\index.js:11146:19)
    at TypeScriptParserMixin.parseSubscript (C:\mahaa\node_modules\@babel\parser\lib\index.js:9295:18)
    at TypeScriptParserMixin.parseSubscripts (C:\mahaa\node_modules\@babel\parser\lib\index.js:11120:19)
    at TypeScriptParserMixin.parseExprSubscripts (C:\mahaa\node_modules\@babel\parser\lib\index.js:11111:17)
    at TypeScriptParserMixin.parseUpdate (C:\mahaa\node_modules\@babel\parser\lib\index.js:11092:21)
    at TypeScriptParserMixin.parseMaybeUnary (C:\mahaa\node_modules\@babel\parser\lib\index.js:11072:23)
    at TypeScriptParserMixin.parseMaybeUnary (C:\mahaa\node_modules\@babel\parser\lib\index.js:9860:18)
    at TypeScriptParserMixin.parseMaybeUnaryOrPrivate (C:\mahaa\node_modules\@babel\parser\lib\index.js:10925:61)
    at TypeScriptParserMixin.parseExprOps (C:\mahaa\node_modules\@babel\parser\lib\index.js:10930:23)
    at TypeScriptParserMixin.parseMaybeConditional (C:\mahaa\node_modules\@babel\parser\lib\index.js:10907:23)
    at TypeScriptParserMixin.parseMaybeAssign (C:\mahaa\node_modules\@babel\parser\lib\index.js:10857:21)
    at TypeScriptParserMixin.parseMaybeAssign (C:\mahaa\node_modules\@babel\parser\lib\index.js:9809:20)
    at TypeScriptParserMixin.parseExpressionBase (C:\mahaa\node_modules\@babel\parser\lib\index.js:10810:23)
    at C:\mahaa\node_modules\@babel\parser\lib\index.js:10806:39
    at TypeScriptParserMixin.allowInAnd (C:\mahaa\node_modules\@babel\parser\lib\index.js:12455:16)
    at TypeScriptParserMixin.parseExpression (C:\mahaa\node_modules\@babel\parser\lib\index.js:10806:17)
    at TypeScriptParserMixin.parseStatementContent (C:\mahaa\node_modules\@babel\parser\lib\index.js:12929:23)
    at TypeScriptParserMixin.parseStatementContent (C:\mahaa\node_modules\@babel\parser\lib\index.js:9531:18)
    at TypeScriptParserMixin.parseStatementLike (C:\mahaa\node_modules\@babel\parser\lib\index.js:12801:17)
    at TypeScriptParserMixin.parseStatementListItem (C:\mahaa\node_modules\@babel\parser\lib\index.js:12781:17)
    at TypeScriptParserMixin.parseBlockOrModuleBlockBody (C:\mahaa\node_modules\@babel\parser\lib\index.js:13350:61)
    at TypeScriptParserMixin.parseBlockBody (C:\mahaa\node_modules\@babel\parser\lib\index.js:13343:10)
    at TypeScriptParserMixin.parseBlock (C:\mahaa\node_modules\@babel\parser\lib\index.js:13331:10)
    at TypeScriptParserMixin.parseFunctionBody (C:\mahaa\node_modules\@babel\parser\lib\index.js:12134:24)
    at TypeScriptParserMixin.parseFunctionBodyAndFinish (C:\mahaa\node_modules\@babel\parser\lib\index.js:12120:10)
    at TypeScriptParserMixin.parseFunctionBodyAndFinish (C:\mahaa\node_modules\@babel\parser\lib\index.js:9195:18)
    at C:\mahaa\node_modules\@babel\parser\lib\index.js:13479:12
    at TypeScriptParserMixin.withSmartMixTopicForbiddingContext (C:\mahaa\node_modules\@babel\parser\lib\index.js:12437:14)
    at TypeScriptParserMixin.parseFunction (C:\mahaa\node_modules\@babel\parser\lib\index.js:13478:10)
    at TypeScriptParserMixin.parseFunctionStatement (C:\mahaa\node_modules\@babel\parser\lib\index.js:13159:17)
    at TypeScriptParserMixin.parseStatementContent (C:\mahaa\node_modules\@babel\parser\lib\index.js:12825:21)
    at TypeScriptParserMixin.parseStatementContent (C:\mahaa\node_modules\@babel\parser\lib\index.js:9531:18)
    at TypeScriptParserMixin.parseStatementLike (C:\mahaa\node_modules\@babel\parser\lib\index.js:12801:17)
    at TypeScriptParserMixin.parseStatementListItem (C:\mahaa\node_modules\@babel\parser\lib\index.js:12781:17)
    at TypeScriptParserMixin.parseExportDeclaration (C:\mahaa\node_modules\@babel\parser\lib\index.js:13968:17)
    at TypeScriptParserMixin.parseExportDeclaration (C:\mahaa\node_modules\@babel\parser\lib\index.js:9652:85)
    at TypeScriptParserMixin.maybeParseExportDeclaration (C:\mahaa\node_modules\@babel\parser\lib\index.js:13927:31)
    at TypeScriptParserMixin.parseExport (C:\mahaa\node_modules\@babel\parser\lib\index.js:13846:29)
    at TypeScriptParserMixin.parseExport (C:\mahaa\node_modules\@babel\parser\lib\index.js:9408:20)
    at TypeScriptParserMixin.parseStatementContent (C:\mahaa\node_modules\@babel\parser\lib\index.js:12912:27)
    at TypeScriptParserMixin.parseStatementContent (C:\mahaa\node_modules\@babel\parser\lib\index.js:9531:18)
    at TypeScriptParserMixin.parseStatementLike (C:\mahaa\node_modules\@babel\parser\lib\index.js:12801:17)
    at TypeScriptParserMixin.parseModuleItem (C:\mahaa\node_modules\@babel\parser\lib\index.js:12778:17)
    at TypeScriptParserMixin.parseBlockOrModuleBlockBody (C:\mahaa\node_modules\@babel\parser\lib\index.js:13350:36)
Web  ERROR  [TransformError: SyntaxError: C:\mahaa\src\features\stories\StoryViewer.tsx: Unexpected token, expected "," (220:2)

  218 | }
  219 |
> 220 |   }, [currentStory, currentIndex, isPaused, handleNext, progressAnim]);
      |   ^
  221 |
  222 |   if (!currentStory) return null;
  223 |]
Web  ERROR  [TransformError: SyntaxError: C:\mahaa\src\features\stories\StoryViewer.tsx: Unexpected token, expected "," (220:2)

  218 | }
  219 |
> 220 |   }, [currentStory, currentIndex, isPaused, handleNext, progressAnim]);
      |   ^
  221 |
  222 |   if (!currentStory) return null;
  223 |]
Web  ERROR  [TransformError: SyntaxError: C:\mahaa\src\features\stories\StoryViewer.tsx: Unexpected token, expected "," (220:2)

  218 | }
  219 |
> 220 |   }, [currentStory, currentIndex, isPaused, handleNext, progressAnim]);
      |   ^
  221 |
  222 |   if (!currentStory) return null;
  223 |]
 ERROR  SyntaxError: C:\mahaa\src\features\stories\StoryViewer.tsx: Unexpected token, expected "," (220:2)

  218 | }
  219 |
> 220 |   }, [currentStory, currentIndex, isPaused, handleNext, progressAnim]);
      |   ^
  221 |
  222 |   if (!currentStory) return null;
  223 |
    at constructor (C:\mahaa\node_modules\@babel\parser\lib\index.js:369:19)
    at TypeScriptParserMixin.raise (C:\mahaa\node_modules\@babel\parser\lib\index.js:6622:19)
    at TypeScriptParserMixin.unexpected (C:\mahaa\node_modules\@babel\parser\lib\index.js:6642:16)
    at TypeScriptParserMixin.expect (C:\mahaa\node_modules\@babel\parser\lib\index.js:6922:12)
    at TypeScriptParserMixin.parseCallExpressionArguments (C:\mahaa\node_modules\@babel\parser\lib\index.js:11274:14)
    at TypeScriptParserMixin.parseCoverCallAndAsyncArrowHead (C:\mahaa\node_modules\@babel\parser\lib\index.js:11217:29)
    at TypeScriptParserMixin.parseSubscript (C:\mahaa\node_modules\@babel\parser\lib\index.js:11146:19)
    at TypeScriptParserMixin.parseSubscript (C:\mahaa\node_modules\@babel\parser\lib\index.js:9295:18)
    at TypeScriptParserMixin.parseSubscripts (C:\mahaa\node_modules\@babel\parser\lib\index.js:11120:19)
    at TypeScriptParserMixin.parseExprSubscripts (C:\mahaa\node_modules\@babel\parser\lib\index.js:11111:17)
    at TypeScriptParserMixin.parseUpdate (C:\mahaa\node_modules\@babel\parser\lib\index.js:11092:21)
    at TypeScriptParserMixin.parseMaybeUnary (C:\mahaa\node_modules\@babel\parser\lib\index.js:11072:23)
    at TypeScriptParserMixin.parseMaybeUnary (C:\mahaa\node_modules\@babel\parser\lib\index.js:9860:18)
    at TypeScriptParserMixin.parseMaybeUnaryOrPrivate (C:\mahaa\node_modules\@babel\parser\lib\index.js:10925:61)
    at TypeScriptParserMixin.parseExprOps (C:\mahaa\node_modules\@babel\parser\lib\index.js:10930:23)
    at TypeScriptParserMixin.parseMaybeConditional (C:\mahaa\node_modules\@babel\parser\lib\index.js:10907:23)
    at TypeScriptParserMixin.parseMaybeAssign (C:\mahaa\node_modules\@babel\parser\lib\index.js:10857:21)
    at TypeScriptParserMixin.parseMaybeAssign (C:\mahaa\node_modules\@babel\parser\lib\index.js:9809:20)
    at TypeScriptParserMixin.parseExpressionBase (C:\mahaa\node_modules\@babel\parser\lib\index.js:10810:23)
    at C:\mahaa\node_modules\@babel\parser\lib\index.js:10806:39
    at TypeScriptParserMixin.allowInAnd (C:\mahaa\node_modules\@babel\parser\lib\index.js:12455:16)
    at TypeScriptParserMixin.parseExpression (C:\mahaa\node_modules\@babel\parser\lib\index.js:10806:17)
    at TypeScriptParserMixin.parseStatementContent (C:\mahaa\node_modules\@babel\parser\lib\index.js:12929:23)
    at TypeScriptParserMixin.parseStatementContent (C:\mahaa\node_modules\@babel\parser\lib\index.js:9531:18)
    at TypeScriptParserMixin.parseStatementLike (C:\mahaa\node_modules\@babel\parser\lib\index.js:12801:17)
    at TypeScriptParserMixin.parseStatementListItem (C:\mahaa\node_modules\@babel\parser\lib\index.js:12781:17)
    at TypeScriptParserMixin.parseBlockOrModuleBlockBody (C:\mahaa\node_modules\@babel\parser\lib\index.js:13350:61)
    at TypeScriptParserMixin.parseBlockBody (C:\mahaa\node_modules\@babel\parser\lib\index.js:13343:10)
    at TypeScriptParserMixin.parseBlock (C:\mahaa\node_modules\@babel\parser\lib\index.js:13331:10)
    at TypeScriptParserMixin.parseFunctionBody (C:\mahaa\node_modules\@babel\parser\lib\index.js:12134:24)
    at TypeScriptParserMixin.parseFunctionBodyAndFinish (C:\mahaa\node_modules\@babel\parser\lib\index.js:12120:10)
    at TypeScriptParserMixin.parseFunctionBodyAndFinish (C:\mahaa\node_modules\@babel\parser\lib\index.js:9195:18)
    at C:\mahaa\node_modules\@babel\parser\lib\index.js:13479:12
    at TypeScriptParserMixin.withSmartMixTopicForbiddingContext (C:\mahaa\node_modules\@babel\parser\lib\index.js:12437:14)
    at TypeScriptParserMixin.parseFunction (C:\mahaa\node_modules\@babel\parser\lib\index.js:13478:10)
    at TypeScriptParserMixin.parseFunctionStatement (C:\mahaa\node_modules\@babel\parser\lib\index.js:13159:17)
    at TypeScriptParserMixin.parseStatementContent (C:\mahaa\node_modules\@babel\parser\lib\index.js:12825:21)
    at TypeScriptParserMixin.parseStatementContent (C:\mahaa\node_modules\@babel\parser\lib\index.js:9531:18)
    at TypeScriptParserMixin.parseStatementLike (C:\mahaa\node_modules\@babel\parser\lib\index.js:12801:17)
    at TypeScriptParserMixin.parseStatementListItem (C:\mahaa\node_modules\@babel\parser\lib\index.js:12781:17)
    at TypeScriptParserMixin.parseExportDeclaration (C:\mahaa\node_modules\@babel\parser\lib\index.js:13968:17)
    at TypeScriptParserMixin.parseExportDeclaration (C:\mahaa\node_modules\@babel\parser\lib\index.js:9652:85)
    at TypeScriptParserMixin.maybeParseExportDeclaration (C:\mahaa\node_modules\@babel\parser\lib\index.js:13927:31)
    at TypeScriptParserMixin.parseExport (C:\mahaa\node_modules\@babel\parser\lib\index.js:13846:29)
    at TypeScriptParserMixin.parseExport (C:\mahaa\node_modules\@babel\parser\lib\index.js:9408:20)
    at TypeScriptParserMixin.parseStatementContent (C:\mahaa\node_modules\@babel\parser\lib\index.js:12912:27)
    at TypeScriptParserMixin.parseStatementContent (C:\mahaa\node_modules\@babel\parser\lib\index.js:9531:18)
    at TypeScriptParserMixin.parseStatementLike (C:\mahaa\node_modules\@babel\parser\lib\index.js:12801:17)
    at TypeScriptParserMixin.parseModuleItem (C:\mahaa\node_modules\@babel\parser\lib\index.js:12778:17)
    at TypeScriptParserMixin.parseBlockOrModuleBlockBody (C:\mahaa\node_modules\@babel\parser\lib\index.js:13350:36)
Web  ERROR  [TransformError: SyntaxError: C:\mahaa\src\features\stories\StoryViewer.tsx: Unexpected token, expected "," (220:2)

  218 | }
  219 |
> 220 |   }, [currentStory, currentIndex, isPaused, handleNext, progressAnim]);
      |   ^
  221 |
  222 |   if (!currentStory) return null;
  223 |]
Web  ERROR  [TransformError: SyntaxError: C:\mahaa\src\features\stories\StoryViewer.tsx: Unexpected token, expected "," (220:2)

  218 | }
  219 |
> 220 |   }, [currentStory, currentIndex, isPaused, handleNext, progressAnim]);
      |   ^
  221 |
  222 |   if (!currentStory) return null;
  223 |]
Web  ERROR  [TransformError: SyntaxError: C:\mahaa\src\features\stories\StoryViewer.tsx: Unexpected token, expected "," (220:2)

  218 | }
  219 |
> 220 |   }, [currentStory, currentIndex, isPaused, handleNext, progressAnim]);
      |   ^
  221 |
  222 |   if (!currentStory) return null;
  223 |]
 ERROR  SyntaxError: C:\mahaa\src\features\stories\StoryViewer.tsx: Unexpected token, expected "," (220:2)

  218 | }
  219 |
> 220 |   }, [currentStory, currentIndex, isPaused, handleNext, progressAnim]);
      |   ^
  221 |
  222 |   if (!currentStory) return null;
  223 |
    at constructor (C:\mahaa\node_modules\@babel\parser\lib\index.js:369:19)
    at TypeScriptParserMixin.raise (C:\mahaa\node_modules\@babel\parser\lib\index.js:6622:19)
    at TypeScriptParserMixin.unexpected (C:\mahaa\node_modules\@babel\parser\lib\index.js:6642:16)
    at TypeScriptParserMixin.expect (C:\mahaa\node_modules\@babel\parser\lib\index.js:6922:12)
    at TypeScriptParserMixin.parseCallExpressionArguments (C:\mahaa\node_modules\@babel\parser\lib\index.js:11274:14)
    at TypeScriptParserMixin.parseCoverCallAndAsyncArrowHead (C:\mahaa\node_modules\@babel\parser\lib\index.js:11217:29)
    at TypeScriptParserMixin.parseSubscript (C:\mahaa\node_modules\@babel\parser\lib\index.js:11146:19)
    at TypeScriptParserMixin.parseSubscript (C:\mahaa\node_modules\@babel\parser\lib\index.js:9295:18)
    at TypeScriptParserMixin.parseSubscripts (C:\mahaa\node_modules\@babel\parser\lib\index.js:11120:19)
    at TypeScriptParserMixin.parseExprSubscripts (C:\mahaa\node_modules\@babel\parser\lib\index.js:11111:17)
    at TypeScriptParserMixin.parseUpdate (C:\mahaa\node_modules\@babel\parser\lib\index.js:11092:21)
    at TypeScriptParserMixin.parseMaybeUnary (C:\mahaa\node_modules\@babel\parser\lib\index.js:11072:23)
    at TypeScriptParserMixin.parseMaybeUnary (C:\mahaa\node_modules\@babel\parser\lib\index.js:9860:18)
    at TypeScriptParserMixin.parseMaybeUnaryOrPrivate (C:\mahaa\node_modules\@babel\parser\lib\index.js:10925:61)
    at TypeScriptParserMixin.parseExprOps (C:\mahaa\node_modules\@babel\parser\lib\index.js:10930:23)
    at TypeScriptParserMixin.parseMaybeConditional (C:\mahaa\node_modules\@babel\parser\lib\index.js:10907:23)
    at TypeScriptParserMixin.parseMaybeAssign (C:\mahaa\node_modules\@babel\parser\lib\index.js:10857:21)
    at TypeScriptParserMixin.parseMaybeAssign (C:\mahaa\node_modules\@babel\parser\lib\index.js:9809:20)
    at TypeScriptParserMixin.parseExpressionBase (C:\mahaa\node_modules\@babel\parser\lib\index.js:10810:23)
    at C:\mahaa\node_modules\@babel\parser\lib\index.js:10806:39
    at TypeScriptParserMixin.allowInAnd (C:\mahaa\node_modules\@babel\parser\lib\index.js:12455:16)
    at TypeScriptParserMixin.parseExpression (C:\mahaa\node_modules\@babel\parser\lib\index.js:10806:17)
    at TypeScriptParserMixin.parseStatementContent (C:\mahaa\node_modules\@babel\parser\lib\index.js:12929:23)
    at TypeScriptParserMixin.parseStatementContent (C:\mahaa\node_modules\@babel\parser\lib\index.js:9531:18)
    at TypeScriptParserMixin.parseStatementLike (C:\mahaa\node_modules\@babel\parser\lib\index.js:12801:17)
    at TypeScriptParserMixin.parseStatementListItem (C:\mahaa\node_modules\@babel\parser\lib\index.js:12781:17)
    at TypeScriptParserMixin.parseBlockOrModuleBlockBody (C:\mahaa\node_modules\@babel\parser\lib\index.js:13350:61)
    at TypeScriptParserMixin.parseBlockBody (C:\mahaa\node_modules\@babel\parser\lib\index.js:13343:10)
    at TypeScriptParserMixin.parseBlock (C:\mahaa\node_modules\@babel\parser\lib\index.js:13331:10)
    at TypeScriptParserMixin.parseFunctionBody (C:\mahaa\node_modules\@babel\parser\lib\index.js:12134:24)
    at TypeScriptParserMixin.parseFunctionBodyAndFinish (C:\mahaa\node_modules\@babel\parser\lib\index.js:12120:10)
    at TypeScriptParserMixin.parseFunctionBodyAndFinish (C:\mahaa\node_modules\@babel\parser\lib\index.js:9195:18)
    at C:\mahaa\node_modules\@babel\parser\lib\index.js:13479:12
    at TypeScriptParserMixin.withSmartMixTopicForbiddingContext (C:\mahaa\node_modules\@babel\parser\lib\index.js:12437:14)
    at TypeScriptParserMixin.parseFunction (C:\mahaa\node_modules\@babel\parser\lib\index.js:13478:10)
    at TypeScriptParserMixin.parseFunctionStatement (C:\mahaa\node_modules\@babel\parser\lib\index.js:13159:17)
    at TypeScriptParserMixin.parseStatementContent (C:\mahaa\node_modules\@babel\parser\lib\index.js:12825:21)
    at TypeScriptParserMixin.parseStatementContent (C:\mahaa\node_modules\@babel\parser\lib\index.js:9531:18)
    at TypeScriptParserMixin.parseStatementLike (C:\mahaa\node_modules\@babel\parser\lib\index.js:12801:17)
    at TypeScriptParserMixin.parseStatementListItem (C:\mahaa\node_modules\@babel\parser\lib\index.js:12781:17)
    at TypeScriptParserMixin.parseExportDeclaration (C:\mahaa\node_modules\@babel\parser\lib\index.js:13968:17)
    at TypeScriptParserMixin.parseExportDeclaration (C:\mahaa\node_modules\@babel\parser\lib\index.js:9652:85)
    at TypeScriptParserMixin.maybeParseExportDeclaration (C:\mahaa\node_modules\@babel\parser\lib\index.js:13927:31)
    at TypeScriptParserMixin.parseExport (C:\mahaa\node_modules\@babel\parser\lib\index.js:13846:29)
    at TypeScriptParserMixin.parseExport (C:\mahaa\node_modules\@babel\parser\lib\index.js:9408:20)
    at TypeScriptParserMixin.parseStatementContent (C:\mahaa\node_modules\@babel\parser\lib\index.js:12912:27)
    at TypeScriptParserMixin.parseStatementContent (C:\mahaa\node_modules\@babel\parser\lib\index.js:9531:18)
    at TypeScriptParserMixin.parseStatementLike (C:\mahaa\node_modules\@babel\parser\lib\index.js:12801:17)
    at TypeScriptParserMixin.parseModuleItem (C:\mahaa\node_modules\@babel\parser\lib\index.js:12778:17)
    at TypeScriptParserMixin.parseBlockOrModuleBlockBody (C:\mahaa\node_modules\@babel\parser\lib\index.js:13350:36)
Web  ERROR  [TransformError: SyntaxError: C:\mahaa\src\features\stories\StoryViewer.tsx: Unexpected token, expected "," (220:2)

  218 | }
  219 |
> 220 |   }, [currentStory, currentIndex, isPaused, handleNext, progressAnim]);
      |   ^
  221 |
  222 |   if (!currentStory) return null;
  223 |]
Web  ERROR  [TransformError: SyntaxError: C:\mahaa\src\features\stories\StoryViewer.tsx: Unexpected token, expected "," (220:2)

  218 | }
  219 |
> 220 |   }, [currentStory, currentIndex, isPaused, handleNext, progressAnim]);
      |   ^
  221 |
  222 |   if (!currentStory) return null;
  223 |]
Web  ERROR  [TransformError: SyntaxError: C:\mahaa\src\features\stories\StoryViewer.tsx: Unexpected token, expected "," (220:2)

  218 | }
  219 |
> 220 |   }, [currentStory, currentIndex, isPaused, handleNext, progressAnim]);
      |   ^
  221 |
  222 |   if (!currentStory) return null;
  223 |]
 ERROR  SyntaxError: C:\mahaa\src\features\stories\StoryViewer.tsx: Unexpected token, expected "," (220:2)

  218 | }
  219 |
> 220 |   }, [currentStory, currentIndex, isPaused, handleNext, progressAnim]);
      |   ^
  221 |
  222 |   if (!currentStory) return null;
  223 |
    at constructor (C:\mahaa\node_modules\@babel\parser\lib\index.js:369:19)
    at TypeScriptParserMixin.raise (C:\mahaa\node_modules\@babel\parser\lib\index.js:6622:19)
    at TypeScriptParserMixin.unexpected (C:\mahaa\node_modules\@babel\parser\lib\index.js:6642:16)
    at TypeScriptParserMixin.expect (C:\mahaa\node_modules\@babel\parser\lib\index.js:6922:12)
    at TypeScriptParserMixin.parseCallExpressionArguments (C:\mahaa\node_modules\@babel\parser\lib\index.js:11274:14)
    at TypeScriptParserMixin.parseCoverCallAndAsyncArrowHead (C:\mahaa\node_modules\@babel\parser\lib\index.js:11217:29)
    at TypeScriptParserMixin.parseSubscript (C:\mahaa\node_modules\@babel\parser\lib\index.js:11146:19)
    at TypeScriptParserMixin.parseSubscript (C:\mahaa\node_modules\@babel\parser\lib\index.js:9295:18)
    at TypeScriptParserMixin.parseSubscripts (C:\mahaa\node_modules\@babel\parser\lib\index.js:11120:19)
    at TypeScriptParserMixin.parseExprSubscripts (C:\mahaa\node_modules\@babel\parser\lib\index.js:11111:17)
    at TypeScriptParserMixin.parseUpdate (C:\mahaa\node_modules\@babel\parser\lib\index.js:11092:21)
    at TypeScriptParserMixin.parseMaybeUnary (C:\mahaa\node_modules\@babel\parser\lib\index.js:11072:23)
    at TypeScriptParserMixin.parseMaybeUnary (C:\mahaa\node_modules\@babel\parser\lib\index.js:9860:18)
    at TypeScriptParserMixin.parseMaybeUnaryOrPrivate (C:\mahaa\node_modules\@babel\parser\lib\index.js:10925:61)
    at TypeScriptParserMixin.parseExprOps (C:\mahaa\node_modules\@babel\parser\lib\index.js:10930:23)
    at TypeScriptParserMixin.parseMaybeConditional (C:\mahaa\node_modules\@babel\parser\lib\index.js:10907:23)
    at TypeScriptParserMixin.parseMaybeAssign (C:\mahaa\node_modules\@babel\parser\lib\index.js:10857:21)
    at TypeScriptParserMixin.parseMaybeAssign (C:\mahaa\node_modules\@babel\parser\lib\index.js:9809:20)
    at TypeScriptParserMixin.parseExpressionBase (C:\mahaa\node_modules\@babel\parser\lib\index.js:10810:23)
    at C:\mahaa\node_modules\@babel\parser\lib\index.js:10806:39
    at TypeScriptParserMixin.allowInAnd (C:\mahaa\node_modules\@babel\parser\lib\index.js:12455:16)
    at TypeScriptParserMixin.parseExpression (C:\mahaa\node_modules\@babel\parser\lib\index.js:10806:17)
    at TypeScriptParserMixin.parseStatementContent (C:\mahaa\node_modules\@babel\parser\lib\index.js:12929:23)
    at TypeScriptParserMixin.parseStatementContent (C:\mahaa\node_modules\@babel\parser\lib\index.js:9531:18)
    at TypeScriptParserMixin.parseStatementLike (C:\mahaa\node_modules\@babel\parser\lib\index.js:12801:17)
    at TypeScriptParserMixin.parseStatementListItem (C:\mahaa\node_modules\@babel\parser\lib\index.js:12781:17)
    at TypeScriptParserMixin.parseBlockOrModuleBlockBody (C:\mahaa\node_modules\@babel\parser\lib\index.js:13350:61)
    at TypeScriptParserMixin.parseBlockBody (C:\mahaa\node_modules\@babel\parser\lib\index.js:13343:10)
    at TypeScriptParserMixin.parseBlock (C:\mahaa\node_modules\@babel\parser\lib\index.js:13331:10)
    at TypeScriptParserMixin.parseFunctionBody (C:\mahaa\node_modules\@babel\parser\lib\index.js:12134:24)
    at TypeScriptParserMixin.parseFunctionBodyAndFinish (C:\mahaa\node_modules\@babel\parser\lib\index.js:12120:10)
    at TypeScriptParserMixin.parseFunctionBodyAndFinish (C:\mahaa\node_modules\@babel\parser\lib\index.js:9195:18)
    at C:\mahaa\node_modules\@babel\parser\lib\index.js:13479:12
    at TypeScriptParserMixin.withSmartMixTopicForbiddingContext (C:\mahaa\node_modules\@babel\parser\lib\index.js:12437:14)
    at TypeScriptParserMixin.parseFunction (C:\mahaa\node_modules\@babel\parser\lib\index.js:13478:10)
    at TypeScriptParserMixin.parseFunctionStatement (C:\mahaa\node_modules\@babel\parser\lib\index.js:13159:17)
    at TypeScriptParserMixin.parseStatementContent (C:\mahaa\node_modules\@babel\parser\lib\index.js:12825:21)
    at TypeScriptParserMixin.parseStatementContent (C:\mahaa\node_modules\@babel\parser\lib\index.js:9531:18)
    at TypeScriptParserMixin.parseStatementLike (C:\mahaa\node_modules\@babel\parser\lib\index.js:12801:17)
    at TypeScriptParserMixin.parseStatementListItem (C:\mahaa\node_modules\@babel\parser\lib\index.js:12781:17)
    at TypeScriptParserMixin.parseExportDeclaration (C:\mahaa\node_modules\@babel\parser\lib\index.js:13968:17)
    at TypeScriptParserMixin.parseExportDeclaration (C:\mahaa\node_modules\@babel\parser\lib\index.js:9652:85)
    at TypeScriptParserMixin.maybeParseExportDeclaration (C:\mahaa\node_modules\@babel\parser\lib\index.js:13927:31)
    at TypeScriptParserMixin.parseExport (C:\mahaa\node_modules\@babel\parser\lib\index.js:13846:29)
    at TypeScriptParserMixin.parseExport (C:\mahaa\node_modules\@babel\parser\lib\index.js:9408:20)
    at TypeScriptParserMixin.parseStatementContent (C:\mahaa\node_modules\@babel\parser\lib\index.js:12912:27)
    at TypeScriptParserMixin.parseStatementContent (C:\mahaa\node_modules\@babel\parser\lib\index.js:9531:18)
    at TypeScriptParserMixin.parseStatementLike (C:\mahaa\node_modules\@babel\parser\lib\index.js:12801:17)
    at TypeScriptParserMixin.parseModuleItem (C:\mahaa\node_modules\@babel\parser\lib\index.js:12778:17)
    at TypeScriptParserMixin.parseBlockOrModuleBlockBody (C:\mahaa\node_modules\@babel\parser\lib\index.js:13350:36)
Web  ERROR  [TransformError: SyntaxError: C:\mahaa\src\features\stories\StoryViewer.tsx: Unexpected token, expected "," (220:2)

  218 | }
  219 |
> 220 |   }, [currentStory, currentIndex, isPaused, handleNext, progressAnim]);
      |   ^
  221 |
  222 |   if (!currentStory) return null;
  223 |]
Web  ERROR  [TransformError: SyntaxError: C:\mahaa\src\features\stories\StoryViewer.tsx: Unexpected token, expected "," (220:2)

  218 | }
  219 |
> 220 |   }, [currentStory, currentIndex, isPaused, handleNext, progressAnim]);
      |   ^
  221 |
  222 |   if (!currentStory) return null;
  223 |]
Web  ERROR  [TransformError: SyntaxError: C:\mahaa\src\features\stories\StoryViewer.tsx: Unexpected token, expected "," (220:2)

  218 | }
  219 |
> 220 |   }, [currentStory, currentIndex, isPaused, handleNext, progressAnim]);
      |   ^
  221 |
  222 |   if (!currentStory) return null;
  223 |]
 ERROR  SyntaxError: C:\mahaa\src\features\stories\StoryViewer.tsx: Unexpected token, expected "," (220:2)

  218 | }
  219 |
> 220 |   }, [currentStory, currentIndex, isPaused, handleNext, progressAnim]);
      |   ^
  221 |
  222 |   if (!currentStory) return null;
  223 |
    at constructor (C:\mahaa\node_modules\@babel\parser\lib\index.js:369:19)
    at TypeScriptParserMixin.raise (C:\mahaa\node_modules\@babel\parser\lib\index.js:6622:19)
    at TypeScriptParserMixin.unexpected (C:\mahaa\node_modules\@babel\parser\lib\index.js:6642:16)
    at TypeScriptParserMixin.expect (C:\mahaa\node_modules\@babel\parser\lib\index.js:6922:12)
    at TypeScriptParserMixin.parseCallExpressionArguments (C:\mahaa\node_modules\@babel\parser\lib\index.js:11274:14)
    at TypeScriptParserMixin.parseCoverCallAndAsyncArrowHead (C:\mahaa\node_modules\@babel\parser\lib\index.js:11217:29)
    at TypeScriptParserMixin.parseSubscript (C:\mahaa\node_modules\@babel\parser\lib\index.js:11146:19)
    at TypeScriptParserMixin.parseSubscript (C:\mahaa\node_modules\@babel\parser\lib\index.js:9295:18)
    at TypeScriptParserMixin.parseSubscripts (C:\mahaa\node_modules\@babel\parser\lib\index.js:11120:19)
    at TypeScriptParserMixin.parseExprSubscripts (C:\mahaa\node_modules\@babel\parser\lib\index.js:11111:17)
    at TypeScriptParserMixin.parseUpdate (C:\mahaa\node_modules\@babel\parser\lib\index.js:11092:21)
    at TypeScriptParserMixin.parseMaybeUnary (C:\mahaa\node_modules\@babel\parser\lib\index.js:11072:23)
    at TypeScriptParserMixin.parseMaybeUnary (C:\mahaa\node_modules\@babel\parser\lib\index.js:9860:18)
    at TypeScriptParserMixin.parseMaybeUnaryOrPrivate (C:\mahaa\node_modules\@babel\parser\lib\index.js:10925:61)
    at TypeScriptParserMixin.parseExprOps (C:\mahaa\node_modules\@babel\parser\lib\index.js:10930:23)
    at TypeScriptParserMixin.parseMaybeConditional (C:\mahaa\node_modules\@babel\parser\lib\index.js:10907:23)
    at TypeScriptParserMixin.parseMaybeAssign (C:\mahaa\node_modules\@babel\parser\lib\index.js:10857:21)
    at TypeScriptParserMixin.parseMaybeAssign (C:\mahaa\node_modules\@babel\parser\lib\index.js:9809:20)
    at TypeScriptParserMixin.parseExpressionBase (C:\mahaa\node_modules\@babel\parser\lib\index.js:10810:23)
    at C:\mahaa\node_modules\@babel\parser\lib\index.js:10806:39
    at TypeScriptParserMixin.allowInAnd (C:\mahaa\node_modules\@babel\parser\lib\index.js:12455:16)
    at TypeScriptParserMixin.parseExpression (C:\mahaa\node_modules\@babel\parser\lib\index.js:10806:17)
    at TypeScriptParserMixin.parseStatementContent (C:\mahaa\node_modules\@babel\parser\lib\index.js:12929:23)
    at TypeScriptParserMixin.parseStatementContent (C:\mahaa\node_modules\@babel\parser\lib\index.js:9531:18)
    at TypeScriptParserMixin.parseStatementLike (C:\mahaa\node_modules\@babel\parser\lib\index.js:12801:17)
    at TypeScriptParserMixin.parseStatementListItem (C:\mahaa\node_modules\@babel\parser\lib\index.js:12781:17)
    at TypeScriptParserMixin.parseBlockOrModuleBlockBody (C:\mahaa\node_modules\@babel\parser\lib\index.js:13350:61)
    at TypeScriptParserMixin.parseBlockBody (C:\mahaa\node_modules\@babel\parser\lib\index.js:13343:10)
    at TypeScriptParserMixin.parseBlock (C:\mahaa\node_modules\@babel\parser\lib\index.js:13331:10)
    at TypeScriptParserMixin.parseFunctionBody (C:\mahaa\node_modules\@babel\parser\lib\index.js:12134:24)
    at TypeScriptParserMixin.parseFunctionBodyAndFinish (C:\mahaa\node_modules\@babel\parser\lib\index.js:12120:10)
    at TypeScriptParserMixin.parseFunctionBodyAndFinish (C:\mahaa\node_modules\@babel\parser\lib\index.js:9195:18)
    at C:\mahaa\node_modules\@babel\parser\lib\index.js:13479:12
    at TypeScriptParserMixin.withSmartMixTopicForbiddingContext (C:\mahaa\node_modules\@babel\parser\lib\index.js:12437:14)
    at TypeScriptParserMixin.parseFunction (C:\mahaa\node_modules\@babel\parser\lib\index.js:13478:10)
    at TypeScriptParserMixin.parseFunctionStatement (C:\mahaa\node_modules\@babel\parser\lib\index.js:13159:17)
    at TypeScriptParserMixin.parseStatementContent (C:\mahaa\node_modules\@babel\parser\lib\index.js:12825:21)
    at TypeScriptParserMixin.parseStatementContent (C:\mahaa\node_modules\@babel\parser\lib\index.js:9531:18)
    at TypeScriptParserMixin.parseStatementLike (C:\mahaa\node_modules\@babel\parser\lib\index.js:12801:17)
    at TypeScriptParserMixin.parseStatementListItem (C:\mahaa\node_modules\@babel\parser\lib\index.js:12781:17)
    at TypeScriptParserMixin.parseExportDeclaration (C:\mahaa\node_modules\@babel\parser\lib\index.js:13968:17)
    at TypeScriptParserMixin.parseExportDeclaration (C:\mahaa\node_modules\@babel\parser\lib\index.js:9652:85)
    at TypeScriptParserMixin.maybeParseExportDeclaration (C:\mahaa\node_modules\@babel\parser\lib\index.js:13927:31)
    at TypeScriptParserMixin.parseExport (C:\mahaa\node_modules\@babel\parser\lib\index.js:13846:29)
    at TypeScriptParserMixin.parseExport (C:\mahaa\node_modules\@babel\parser\lib\index.js:9408:20)
    at TypeScriptParserMixin.parseStatementContent (C:\mahaa\node_modules\@babel\parser\lib\index.js:12912:27)
    at TypeScriptParserMixin.parseStatementContent (C:\mahaa\node_modules\@babel\parser\lib\index.js:9531:18)
    at TypeScriptParserMixin.parseStatementLike (C:\mahaa\node_modules\@babel\parser\lib\index.js:12801:17)
    at TypeScriptParserMixin.parseModuleItem (C:\mahaa\node_modules\@babel\parser\lib\index.js:12778:17)
    at TypeScriptParserMixin.parseBlockOrModuleBlockBody (C:\mahaa\node_modules\@babel\parser\lib\index.js:13350:36)
Web  ERROR  [TransformError: SyntaxError: C:\mahaa\src\features\stories\StoryViewer.tsx: Unexpected token, expected "," (220:2)

  218 | }
  219 |
> 220 |   }, [currentStory, currentIndex, isPaused, handleNext, progressAnim]);
      |   ^
  221 |
  222 |   if (!currentStory) return null;
  223 |]
Web  ERROR  [TransformError: SyntaxError: C:\mahaa\src\features\stories\StoryViewer.tsx: Unexpected token, expected "," (220:2)

  218 | }
  219 |
> 220 |   }, [currentStory, currentIndex, isPaused, handleNext, progressAnim]);
      |   ^
  221 |
  222 |   if (!currentStory) return null;
  223 |]
Web  ERROR  [TransformError: SyntaxError: C:\mahaa\src\features\stories\StoryViewer.tsx: Unexpected token, expected "," (220:2)

  218 | }
  219 |
> 220 |   }, [currentStory, currentIndex, isPaused, handleNext, progressAnim]);
      |   ^
  221 |
  222 |   if (!currentStory) return null;
  223 |]
 ERROR  SyntaxError: C:\mahaa\src\features\stories\StoryViewer.tsx: Unexpected token, expected "," (220:2)

  218 | }
  219 |
> 220 |   }, [currentStory, currentIndex, isPaused, handleNext, progressAnim]);
      |   ^
  221 |
  222 |   if (!currentStory) return null;
  223 |
    at constructor (C:\mahaa\node_modules\@babel\parser\lib\index.js:369:19)
    at TypeScriptParserMixin.raise (C:\mahaa\node_modules\@babel\parser\lib\index.js:6622:19)
    at TypeScriptParserMixin.unexpected (C:\mahaa\node_modules\@babel\parser\lib\index.js:6642:16)
    at TypeScriptParserMixin.expect (C:\mahaa\node_modules\@babel\parser\lib\index.js:6922:12)
    at TypeScriptParserMixin.parseCallExpressionArguments (C:\mahaa\node_modules\@babel\parser\lib\index.js:11274:14)
    at TypeScriptParserMixin.parseCoverCallAndAsyncArrowHead (C:\mahaa\node_modules\@babel\parser\lib\index.js:11217:29)
    at TypeScriptParserMixin.parseSubscript (C:\mahaa\node_modules\@babel\parser\lib\index.js:11146:19)
    at TypeScriptParserMixin.parseSubscript (C:\mahaa\node_modules\@babel\parser\lib\index.js:9295:18)
    at TypeScriptParserMixin.parseSubscripts (C:\mahaa\node_modules\@babel\parser\lib\index.js:11120:19)
    at TypeScriptParserMixin.parseExprSubscripts (C:\mahaa\node_modules\@babel\parser\lib\index.js:11111:17)
    at TypeScriptParserMixin.parseUpdate (C:\mahaa\node_modules\@babel\parser\lib\index.js:11092:21)
    at TypeScriptParserMixin.parseMaybeUnary (C:\mahaa\node_modules\@babel\parser\lib\index.js:11072:23)
    at TypeScriptParserMixin.parseMaybeUnary (C:\mahaa\node_modules\@babel\parser\lib\index.js:9860:18)
    at TypeScriptParserMixin.parseMaybeUnaryOrPrivate (C:\mahaa\node_modules\@babel\parser\lib\index.js:10925:61)
    at TypeScriptParserMixin.parseExprOps (C:\mahaa\node_modules\@babel\parser\lib\index.js:10930:23)
    at TypeScriptParserMixin.parseMaybeConditional (C:\mahaa\node_modules\@babel\parser\lib\index.js:10907:23)
    at TypeScriptParserMixin.parseMaybeAssign (C:\mahaa\node_modules\@babel\parser\lib\index.js:10857:21)
    at TypeScriptParserMixin.parseMaybeAssign (C:\mahaa\node_modules\@babel\parser\lib\index.js:9809:20)
    at TypeScriptParserMixin.parseExpressionBase (C:\mahaa\node_modules\@babel\parser\lib\index.js:10810:23)
    at C:\mahaa\node_modules\@babel\parser\lib\index.js:10806:39
    at TypeScriptParserMixin.allowInAnd (C:\mahaa\node_modules\@babel\parser\lib\index.js:12455:16)
    at TypeScriptParserMixin.parseExpression (C:\mahaa\node_modules\@babel\parser\lib\index.js:10806:17)
    at TypeScriptParserMixin.parseStatementContent (C:\mahaa\node_modules\@babel\parser\lib\index.js:12929:23)
    at TypeScriptParserMixin.parseStatementContent (C:\mahaa\node_modules\@babel\parser\lib\index.js:9531:18)
    at TypeScriptParserMixin.parseStatementLike (C:\mahaa\node_modules\@babel\parser\lib\index.js:12801:17)
    at TypeScriptParserMixin.parseStatementListItem (C:\mahaa\node_modules\@babel\parser\lib\index.js:12781:17)
    at TypeScriptParserMixin.parseBlockOrModuleBlockBody (C:\mahaa\node_modules\@babel\parser\lib\index.js:13350:61)
    at TypeScriptParserMixin.parseBlockBody (C:\mahaa\node_modules\@babel\parser\lib\index.js:13343:10)
    at TypeScriptParserMixin.parseBlock (C:\mahaa\node_modules\@babel\parser\lib\index.js:13331:10)
    at TypeScriptParserMixin.parseFunctionBody (C:\mahaa\node_modules\@babel\parser\lib\index.js:12134:24)
    at TypeScriptParserMixin.parseFunctionBodyAndFinish (C:\mahaa\node_modules\@babel\parser\lib\index.js:12120:10)
    at TypeScriptParserMixin.parseFunctionBodyAndFinish (C:\mahaa\node_modules\@babel\parser\lib\index.js:9195:18)
    at C:\mahaa\node_modules\@babel\parser\lib\index.js:13479:12
    at TypeScriptParserMixin.withSmartMixTopicForbiddingContext (C:\mahaa\node_modules\@babel\parser\lib\index.js:12437:14)
    at TypeScriptParserMixin.parseFunction (C:\mahaa\node_modules\@babel\parser\lib\index.js:13478:10)
    at TypeScriptParserMixin.parseFunctionStatement (C:\mahaa\node_modules\@babel\parser\lib\index.js:13159:17)
    at TypeScriptParserMixin.parseStatementContent (C:\mahaa\node_modules\@babel\parser\lib\index.js:12825:21)
    at TypeScriptParserMixin.parseStatementContent (C:\mahaa\node_modules\@babel\parser\lib\index.js:9531:18)
    at TypeScriptParserMixin.parseStatementLike (C:\mahaa\node_modules\@babel\parser\lib\index.js:12801:17)
    at TypeScriptParserMixin.parseStatementListItem (C:\mahaa\node_modules\@babel\parser\lib\index.js:12781:17)
    at TypeScriptParserMixin.parseExportDeclaration (C:\mahaa\node_modules\@babel\parser\lib\index.js:13968:17)
    at TypeScriptParserMixin.parseExportDeclaration (C:\mahaa\node_modules\@babel\parser\lib\index.js:9652:85)
    at TypeScriptParserMixin.maybeParseExportDeclaration (C:\mahaa\node_modules\@babel\parser\lib\index.js:13927:31)
    at TypeScriptParserMixin.parseExport (C:\mahaa\node_modules\@babel\parser\lib\index.js:13846:29)
    at TypeScriptParserMixin.parseExport (C:\mahaa\node_modules\@babel\parser\lib\index.js:9408:20)
    at TypeScriptParserMixin.parseStatementContent (C:\mahaa\node_modules\@babel\parser\lib\index.js:12912:27)
    at TypeScriptParserMixin.parseStatementContent (C:\mahaa\node_modules\@babel\parser\lib\index.js:9531:18)
    at TypeScriptParserMixin.parseStatementLike (C:\mahaa\node_modules\@babel\parser\lib\index.js:12801:17)
    at TypeScriptParserMixin.parseModuleItem (C:\mahaa\node_modules\@babel\parser\lib\index.js:12778:17)
    at TypeScriptParserMixin.parseBlockOrModuleBlockBody (C:\mahaa\node_modules\@babel\parser\lib\index.js:13350:36)
Web  ERROR  [TransformError: SyntaxError: C:\mahaa\src\features\stories\StoryViewer.tsx: Unexpected token, expected "," (220:2)

  218 | }
  219 |
> 220 |   }, [currentStory, currentIndex, isPaused, handleNext, progressAnim]);
      |   ^
  221 |
  222 |   if (!currentStory) return null;
  223 |]
Web  ERROR  [TransformError: SyntaxError: C:\mahaa\src\features\stories\StoryViewer.tsx: Unexpected token, expected "," (220:2)

  218 | }
  219 |
> 220 |   }, [currentStory, currentIndex, isPaused, handleNext, progressAnim]);
      |   ^
  221 |
  222 |   if (!currentStory) return null;
  223 |]
Web  ERROR  [TransformError: SyntaxError: C:\mahaa\src\features\stories\StoryViewer.tsx: Unexpected token, expected "," (220:2)

  218 | }
  219 |
> 220 |   }, [currentStory, currentIndex, isPaused, handleNext, progressAnim]);
      |   ^
  221 |
  222 |   if (!currentStory) return null;
  223 |]
 ERROR  SyntaxError: C:\mahaa\src\features\stories\StoryViewer.tsx: Unexpected token, expected "," (220:2)

  218 | }
  219 |
> 220 |   }, [currentStory, currentIndex, isPaused, handleNext, progressAnim]);
      |   ^
  221 |
  222 |   if (!currentStory) return null;
  223 |
    at constructor (C:\mahaa\node_modules\@babel\parser\lib\index.js:369:19)
    at TypeScriptParserMixin.raise (C:\mahaa\node_modules\@babel\parser\lib\index.js:6622:19)
    at TypeScriptParserMixin.unexpected (C:\mahaa\node_modules\@babel\parser\lib\index.js:6642:16)
    at TypeScriptParserMixin.expect (C:\mahaa\node_modules\@babel\parser\lib\index.js:6922:12)
    at TypeScriptParserMixin.parseCallExpressionArguments (C:\mahaa\node_modules\@babel\parser\lib\index.js:11274:14)
    at TypeScriptParserMixin.parseCoverCallAndAsyncArrowHead (C:\mahaa\node_modules\@babel\parser\lib\index.js:11217:29)
    at TypeScriptParserMixin.parseSubscript (C:\mahaa\node_modules\@babel\parser\lib\index.js:11146:19)
    at TypeScriptParserMixin.parseSubscript (C:\mahaa\node_modules\@babel\parser\lib\index.js:9295:18)
    at TypeScriptParserMixin.parseSubscripts (C:\mahaa\node_modules\@babel\parser\lib\index.js:11120:19)
    at TypeScriptParserMixin.parseExprSubscripts (C:\mahaa\node_modules\@babel\parser\lib\index.js:11111:17)
    at TypeScriptParserMixin.parseUpdate (C:\mahaa\node_modules\@babel\parser\lib\index.js:11092:21)
    at TypeScriptParserMixin.parseMaybeUnary (C:\mahaa\node_modules\@babel\parser\lib\index.js:11072:23)
    at TypeScriptParserMixin.parseMaybeUnary (C:\mahaa\node_modules\@babel\parser\lib\index.js:9860:18)
    at TypeScriptParserMixin.parseMaybeUnaryOrPrivate (C:\mahaa\node_modules\@babel\parser\lib\index.js:10925:61)
    at TypeScriptParserMixin.parseExprOps (C:\mahaa\node_modules\@babel\parser\lib\index.js:10930:23)
    at TypeScriptParserMixin.parseMaybeConditional (C:\mahaa\node_modules\@babel\parser\lib\index.js:10907:23)
    at TypeScriptParserMixin.parseMaybeAssign (C:\mahaa\node_modules\@babel\parser\lib\index.js:10857:21)
    at TypeScriptParserMixin.parseMaybeAssign (C:\mahaa\node_modules\@babel\parser\lib\index.js:9809:20)
    at TypeScriptParserMixin.parseExpressionBase (C:\mahaa\node_modules\@babel\parser\lib\index.js:10810:23)
    at C:\mahaa\node_modules\@babel\parser\lib\index.js:10806:39
    at TypeScriptParserMixin.allowInAnd (C:\mahaa\node_modules\@babel\parser\lib\index.js:12455:16)
    at TypeScriptParserMixin.parseExpression (C:\mahaa\node_modules\@babel\parser\lib\index.js:10806:17)
    at TypeScriptParserMixin.parseStatementContent (C:\mahaa\node_modules\@babel\parser\lib\index.js:12929:23)
    at TypeScriptParserMixin.parseStatementContent (C:\mahaa\node_modules\@babel\parser\lib\index.js:9531:18)
    at TypeScriptParserMixin.parseStatementLike (C:\mahaa\node_modules\@babel\parser\lib\index.js:12801:17)
    at TypeScriptParserMixin.parseStatementListItem (C:\mahaa\node_modules\@babel\parser\lib\index.js:12781:17)
    at TypeScriptParserMixin.parseBlockOrModuleBlockBody (C:\mahaa\node_modules\@babel\parser\lib\index.js:13350:61)
    at TypeScriptParserMixin.parseBlockBody (C:\mahaa\node_modules\@babel\parser\lib\index.js:13343:10)
    at TypeScriptParserMixin.parseBlock (C:\mahaa\node_modules\@babel\parser\lib\index.js:13331:10)
    at TypeScriptParserMixin.parseFunctionBody (C:\mahaa\node_modules\@babel\parser\lib\index.js:12134:24)
    at TypeScriptParserMixin.parseFunctionBodyAndFinish (C:\mahaa\node_modules\@babel\parser\lib\index.js:12120:10)
    at TypeScriptParserMixin.parseFunctionBodyAndFinish (C:\mahaa\node_modules\@babel\parser\lib\index.js:9195:18)
    at C:\mahaa\node_modules\@babel\parser\lib\index.js:13479:12
    at TypeScriptParserMixin.withSmartMixTopicForbiddingContext (C:\mahaa\node_modules\@babel\parser\lib\index.js:12437:14)
    at TypeScriptParserMixin.parseFunction (C:\mahaa\node_modules\@babel\parser\lib\index.js:13478:10)
    at TypeScriptParserMixin.parseFunctionStatement (C:\mahaa\node_modules\@babel\parser\lib\index.js:13159:17)
    at TypeScriptParserMixin.parseStatementContent (C:\mahaa\node_modules\@babel\parser\lib\index.js:12825:21)
    at TypeScriptParserMixin.parseStatementContent (C:\mahaa\node_modules\@babel\parser\lib\index.js:9531:18)
    at TypeScriptParserMixin.parseStatementLike (C:\mahaa\node_modules\@babel\parser\lib\index.js:12801:17)
    at TypeScriptParserMixin.parseStatementListItem (C:\mahaa\node_modules\@babel\parser\lib\index.js:12781:17)
    at TypeScriptParserMixin.parseExportDeclaration (C:\mahaa\node_modules\@babel\parser\lib\index.js:13968:17)
    at TypeScriptParserMixin.parseExportDeclaration (C:\mahaa\node_modules\@babel\parser\lib\index.js:9652:85)
    at TypeScriptParserMixin.maybeParseExportDeclaration (C:\mahaa\node_modules\@babel\parser\lib\index.js:13927:31)
    at TypeScriptParserMixin.parseExport (C:\mahaa\node_modules\@babel\parser\lib\index.js:13846:29)
    at TypeScriptParserMixin.parseExport (C:\mahaa\node_modules\@babel\parser\lib\index.js:9408:20)
    at TypeScriptParserMixin.parseStatementContent (C:\mahaa\node_modules\@babel\parser\lib\index.js:12912:27)
    at TypeScriptParserMixin.parseStatementContent (C:\mahaa\node_modules\@babel\parser\lib\index.js:9531:18)
    at TypeScriptParserMixin.parseStatementLike (C:\mahaa\node_modules\@babel\parser\lib\index.js:12801:17)
    at TypeScriptParserMixin.parseModuleItem (C:\mahaa\node_modules\@babel\parser\lib\index.js:12778:17)
    at TypeScriptParserMixin.parseBlockOrModuleBlockBody (C:\mahaa\node_modules\@babel\parser\lib\index.js:13350:36)
Web  ERROR  [TransformError: SyntaxError: C:\mahaa\src\features\stories\StoryViewer.tsx: Unexpected token, expected "," (220:2)

  218 | }
  219 |
> 220 |   }, [currentStory, currentIndex, isPaused, handleNext, progressAnim]);
      |   ^
  221 |
  222 |   if (!currentStory) return null;
  223 |]
Web  ERROR  [TransformError: SyntaxError: C:\mahaa\src\features\stories\StoryViewer.tsx: Unexpected token, expected "," (220:2)

  218 | }
  219 |
> 220 |   }, [currentStory, currentIndex, isPaused, handleNext, progressAnim]);
      |   ^
  221 |
  222 |   if (!currentStory) return null;
  223 |]
Web  ERROR  [TransformError: SyntaxError: C:\mahaa\src\features\stories\StoryViewer.tsx: Unexpected token, expected "," (220:2)

  218 | }
  219 |
> 220 |   }, [currentStory, currentIndex, isPaused, handleNext, progressAnim]);
      |   ^
  221 |
  222 |   if (!currentStory) return null;
  223 |]
 ERROR  SyntaxError: C:\mahaa\src\features\stories\StoryViewer.tsx: Unexpected token, expected "," (220:2)

  218 | }
  219 |
> 220 |   }, [currentStory, currentIndex, isPaused, handleNext, progressAnim]);
      |   ^
  221 |
  222 |   if (!currentStory) return null;
  223 |
    at constructor (C:\mahaa\node_modules\@babel\parser\lib\index.js:369:19)
    at TypeScriptParserMixin.raise (C:\mahaa\node_modules\@babel\parser\lib\index.js:6622:19)
    at TypeScriptParserMixin.unexpected (C:\mahaa\node_modules\@babel\parser\lib\index.js:6642:16)
    at TypeScriptParserMixin.expect (C:\mahaa\node_modules\@babel\parser\lib\index.js:6922:12)
    at TypeScriptParserMixin.parseCallExpressionArguments (C:\mahaa\node_modules\@babel\parser\lib\index.js:11274:14)
    at TypeScriptParserMixin.parseCoverCallAndAsyncArrowHead (C:\mahaa\node_modules\@babel\parser\lib\index.js:11217:29)
    at TypeScriptParserMixin.parseSubscript (C:\mahaa\node_modules\@babel\parser\lib\index.js:11146:19)
    at TypeScriptParserMixin.parseSubscript (C:\mahaa\node_modules\@babel\parser\lib\index.js:9295:18)
    at TypeScriptParserMixin.parseSubscripts (C:\mahaa\node_modules\@babel\parser\lib\index.js:11120:19)
    at TypeScriptParserMixin.parseExprSubscripts (C:\mahaa\node_modules\@babel\parser\lib\index.js:11111:17)
    at TypeScriptParserMixin.parseUpdate (C:\mahaa\node_modules\@babel\parser\lib\index.js:11092:21)
    at TypeScriptParserMixin.parseMaybeUnary (C:\mahaa\node_modules\@babel\parser\lib\index.js:11072:23)
    at TypeScriptParserMixin.parseMaybeUnary (C:\mahaa\node_modules\@babel\parser\lib\index.js:9860:18)
    at TypeScriptParserMixin.parseMaybeUnaryOrPrivate (C:\mahaa\node_modules\@babel\parser\lib\index.js:10925:61)
    at TypeScriptParserMixin.parseExprOps (C:\mahaa\node_modules\@babel\parser\lib\index.js:10930:23)
    at TypeScriptParserMixin.parseMaybeConditional (C:\mahaa\node_modules\@babel\parser\lib\index.js:10907:23)
    at TypeScriptParserMixin.parseMaybeAssign (C:\mahaa\node_modules\@babel\parser\lib\index.js:10857:21)
    at TypeScriptParserMixin.parseMaybeAssign (C:\mahaa\node_modules\@babel\parser\lib\index.js:9809:20)
    at TypeScriptParserMixin.parseExpressionBase (C:\mahaa\node_modules\@babel\parser\lib\index.js:10810:23)
    at C:\mahaa\node_modules\@babel\parser\lib\index.js:10806:39
    at TypeScriptParserMixin.allowInAnd (C:\mahaa\node_modules\@babel\parser\lib\index.js:12455:16)
    at TypeScriptParserMixin.parseExpression (C:\mahaa\node_modules\@babel\parser\lib\index.js:10806:17)
    at TypeScriptParserMixin.parseStatementContent (C:\mahaa\node_modules\@babel\parser\lib\index.js:12929:23)
    at TypeScriptParserMixin.parseStatementContent (C:\mahaa\node_modules\@babel\parser\lib\index.js:9531:18)
    at TypeScriptParserMixin.parseStatementLike (C:\mahaa\node_modules\@babel\parser\lib\index.js:12801:17)
    at TypeScriptParserMixin.parseStatementListItem (C:\mahaa\node_modules\@babel\parser\lib\index.js:12781:17)
    at TypeScriptParserMixin.parseBlockOrModuleBlockBody (C:\mahaa\node_modules\@babel\parser\lib\index.js:13350:61)
    at TypeScriptParserMixin.parseBlockBody (C:\mahaa\node_modules\@babel\parser\lib\index.js:13343:10)
    at TypeScriptParserMixin.parseBlock (C:\mahaa\node_modules\@babel\parser\lib\index.js:13331:10)
    at TypeScriptParserMixin.parseFunctionBody (C:\mahaa\node_modules\@babel\parser\lib\index.js:12134:24)
    at TypeScriptParserMixin.parseFunctionBodyAndFinish (C:\mahaa\node_modules\@babel\parser\lib\index.js:12120:10)
    at TypeScriptParserMixin.parseFunctionBodyAndFinish (C:\mahaa\node_modules\@babel\parser\lib\index.js:9195:18)
    at C:\mahaa\node_modules\@babel\parser\lib\index.js:13479:12
    at TypeScriptParserMixin.withSmartMixTopicForbiddingContext (C:\mahaa\node_modules\@babel\parser\lib\index.js:12437:14)
    at TypeScriptParserMixin.parseFunction (C:\mahaa\node_modules\@babel\parser\lib\index.js:13478:10)
    at TypeScriptParserMixin.parseFunctionStatement (C:\mahaa\node_modules\@babel\parser\lib\index.js:13159:17)
    at TypeScriptParserMixin.parseStatementContent (C:\mahaa\node_modules\@babel\parser\lib\index.js:12825:21)
    at TypeScriptParserMixin.parseStatementContent (C:\mahaa\node_modules\@babel\parser\lib\index.js:9531:18)
    at TypeScriptParserMixin.parseStatementLike (C:\mahaa\node_modules\@babel\parser\lib\index.js:12801:17)
    at TypeScriptParserMixin.parseStatementListItem (C:\mahaa\node_modules\@babel\parser\lib\index.js:12781:17)
    at TypeScriptParserMixin.parseExportDeclaration (C:\mahaa\node_modules\@babel\parser\lib\index.js:13968:17)
    at TypeScriptParserMixin.parseExportDeclaration (C:\mahaa\node_modules\@babel\parser\lib\index.js:9652:85)
    at TypeScriptParserMixin.maybeParseExportDeclaration (C:\mahaa\node_modules\@babel\parser\lib\index.js:13927:31)
    at TypeScriptParserMixin.parseExport (C:\mahaa\node_modules\@babel\parser\lib\index.js:13846:29)
    at TypeScriptParserMixin.parseExport (C:\mahaa\node_modules\@babel\parser\lib\index.js:9408:20)
    at TypeScriptParserMixin.parseStatementContent (C:\mahaa\node_modules\@babel\parser\lib\index.js:12912:27)
    at TypeScriptParserMixin.parseStatementContent (C:\mahaa\node_modules\@babel\parser\lib\index.js:9531:18)
    at TypeScriptParserMixin.parseStatementLike (C:\mahaa\node_modules\@babel\parser\lib\index.js:12801:17)
    at TypeScriptParserMixin.parseModuleItem (C:\mahaa\node_modules\@babel\parser\lib\index.js:12778:17)
    at TypeScriptParserMixin.parseBlockOrModuleBlockBody (C:\mahaa\node_modules\@babel\parser\lib\index.js:13350:36)
Web  ERROR  [TransformError: SyntaxError: C:\mahaa\src\features\stories\StoryViewer.tsx: Unexpected token, expected "," (220:2)

  218 | }
  219 |
> 220 |   }, [currentStory, currentIndex, isPaused, handleNext, progressAnim]);
      |   ^
  221 |
  222 |   if (!currentStory) return null;
  223 |]
Web  ERROR  [TransformError: SyntaxError: C:\mahaa\src\features\stories\StoryViewer.tsx: Unexpected token, expected "," (220:2)

  218 | }
  219 |
> 220 |   }, [currentStory, currentIndex, isPaused, handleNext, progressAnim]);
      |   ^
  221 |
  222 |   if (!currentStory) return null;
  223 |]
Web  ERROR  [TransformError: SyntaxError: C:\mahaa\src\features\stories\StoryViewer.tsx: Unexpected token, expected "," (220:2)

  218 | }
  219 |
> 220 |   }, [currentStory, currentIndex, isPaused, handleNext, progressAnim]);
      |   ^
  221 |
  222 |   if (!currentStory) return null;
  223 |]
 ERROR  SyntaxError: C:\mahaa\src\features\stories\StoryViewer.tsx: Unexpected token, expected "," (220:2)

  218 | }
  219 |
> 220 |   }, [currentStory, currentIndex, isPaused, handleNext, progressAnim]);
      |   ^
  221 |
  222 |   if (!currentStory) return null;
  223 |
    at constructor (C:\mahaa\node_modules\@babel\parser\lib\index.js:369:19)
    at TypeScriptParserMixin.raise (C:\mahaa\node_modules\@babel\parser\lib\index.js:6622:19)
    at TypeScriptParserMixin.unexpected (C:\mahaa\node_modules\@babel\parser\lib\index.js:6642:16)
    at TypeScriptParserMixin.expect (C:\mahaa\node_modules\@babel\parser\lib\index.js:6922:12)
    at TypeScriptParserMixin.parseCallExpressionArguments (C:\mahaa\node_modules\@babel\parser\lib\index.js:11274:14)
    at TypeScriptParserMixin.parseCoverCallAndAsyncArrowHead (C:\mahaa\node_modules\@babel\parser\lib\index.js:11217:29)
    at TypeScriptParserMixin.parseSubscript (C:\mahaa\node_modules\@babel\parser\lib\index.js:11146:19)
    at TypeScriptParserMixin.parseSubscript (C:\mahaa\node_modules\@babel\parser\lib\index.js:9295:18)
    at TypeScriptParserMixin.parseSubscripts (C:\mahaa\node_modules\@babel\parser\lib\index.js:11120:19)
    at TypeScriptParserMixin.parseExprSubscripts (C:\mahaa\node_modules\@babel\parser\lib\index.js:11111:17)
    at TypeScriptParserMixin.parseUpdate (C:\mahaa\node_modules\@babel\parser\lib\index.js:11092:21)
    at TypeScriptParserMixin.parseMaybeUnary (C:\mahaa\node_modules\@babel\parser\lib\index.js:11072:23)
    at TypeScriptParserMixin.parseMaybeUnary (C:\mahaa\node_modules\@babel\parser\lib\index.js:9860:18)
    at TypeScriptParserMixin.parseMaybeUnaryOrPrivate (C:\mahaa\node_modules\@babel\parser\lib\index.js:10925:61)
    at TypeScriptParserMixin.parseExprOps (C:\mahaa\node_modules\@babel\parser\lib\index.js:10930:23)
    at TypeScriptParserMixin.parseMaybeConditional (C:\mahaa\node_modules\@babel\parser\lib\index.js:10907:23)
    at TypeScriptParserMixin.parseMaybeAssign (C:\mahaa\node_modules\@babel\parser\lib\index.js:10857:21)
    at TypeScriptParserMixin.parseMaybeAssign (C:\mahaa\node_modules\@babel\parser\lib\index.js:9809:20)
    at TypeScriptParserMixin.parseExpressionBase (C:\mahaa\node_modules\@babel\parser\lib\index.js:10810:23)
    at C:\mahaa\node_modules\@babel\parser\lib\index.js:10806:39
    at TypeScriptParserMixin.allowInAnd (C:\mahaa\node_modules\@babel\parser\lib\index.js:12455:16)
    at TypeScriptParserMixin.parseExpression (C:\mahaa\node_modules\@babel\parser\lib\index.js:10806:17)
    at TypeScriptParserMixin.parseStatementContent (C:\mahaa\node_modules\@babel\parser\lib\index.js:12929:23)
    at TypeScriptParserMixin.parseStatementContent (C:\mahaa\node_modules\@babel\parser\lib\index.js:9531:18)
    at TypeScriptParserMixin.parseStatementLike (C:\mahaa\node_modules\@babel\parser\lib\index.js:12801:17)
    at TypeScriptParserMixin.parseStatementListItem (C:\mahaa\node_modules\@babel\parser\lib\index.js:12781:17)
    at TypeScriptParserMixin.parseBlockOrModuleBlockBody (C:\mahaa\node_modules\@babel\parser\lib\index.js:13350:61)
    at TypeScriptParserMixin.parseBlockBody (C:\mahaa\node_modules\@babel\parser\lib\index.js:13343:10)
    at TypeScriptParserMixin.parseBlock (C:\mahaa\node_modules\@babel\parser\lib\index.js:13331:10)
    at TypeScriptParserMixin.parseFunctionBody (C:\mahaa\node_modules\@babel\parser\lib\index.js:12134:24)
    at TypeScriptParserMixin.parseFunctionBodyAndFinish (C:\mahaa\node_modules\@babel\parser\lib\index.js:12120:10)
    at TypeScriptParserMixin.parseFunctionBodyAndFinish (C:\mahaa\node_modules\@babel\parser\lib\index.js:9195:18)
    at C:\mahaa\node_modules\@babel\parser\lib\index.js:13479:12
    at TypeScriptParserMixin.withSmartMixTopicForbiddingContext (C:\mahaa\node_modules\@babel\parser\lib\index.js:12437:14)
    at TypeScriptParserMixin.parseFunction (C:\mahaa\node_modules\@babel\parser\lib\index.js:13478:10)
    at TypeScriptParserMixin.parseFunctionStatement (C:\mahaa\node_modules\@babel\parser\lib\index.js:13159:17)
    at TypeScriptParserMixin.parseStatementContent (C:\mahaa\node_modules\@babel\parser\lib\index.js:12825:21)
    at TypeScriptParserMixin.parseStatementContent (C:\mahaa\node_modules\@babel\parser\lib\index.js:9531:18)
    at TypeScriptParserMixin.parseStatementLike (C:\mahaa\node_modules\@babel\parser\lib\index.js:12801:17)
    at TypeScriptParserMixin.parseStatementListItem (C:\mahaa\node_modules\@babel\parser\lib\index.js:12781:17)
    at TypeScriptParserMixin.parseExportDeclaration (C:\mahaa\node_modules\@babel\parser\lib\index.js:13968:17)
    at TypeScriptParserMixin.parseExportDeclaration (C:\mahaa\node_modules\@babel\parser\lib\index.js:9652:85)
    at TypeScriptParserMixin.maybeParseExportDeclaration (C:\mahaa\node_modules\@babel\parser\lib\index.js:13927:31)
    at TypeScriptParserMixin.parseExport (C:\mahaa\node_modules\@babel\parser\lib\index.js:13846:29)
    at TypeScriptParserMixin.parseExport (C:\mahaa\node_modules\@babel\parser\lib\index.js:9408:20)
    at TypeScriptParserMixin.parseStatementContent (C:\mahaa\node_modules\@babel\parser\lib\index.js:12912:27)
    at TypeScriptParserMixin.parseStatementContent (C:\mahaa\node_modules\@babel\parser\lib\index.js:9531:18)
    at TypeScriptParserMixin.parseStatementLike (C:\mahaa\node_modules\@babel\parser\lib\index.js:12801:17)
    at TypeScriptParserMixin.parseModuleItem (C:\mahaa\node_modules\@babel\parser\lib\index.js:12778:17)
    at TypeScriptParserMixin.parseBlockOrModuleBlockBody (C:\mahaa\node_modules\@babel\parser\lib\index.js:13350:36)
Web  ERROR  [TransformError: SyntaxError: C:\mahaa\src\features\stories\StoryViewer.tsx: Unexpected token, expected "," (220:2)

  218 | }
  219 |
> 220 |   }, [currentStory, currentIndex, isPaused, handleNext, progressAnim]);
      |   ^
  221 |
  222 |   if (!currentStory) return null;
  223 |]
Web  ERROR  [TransformError: SyntaxError: C:\mahaa\src\features\stories\StoryViewer.tsx: Unexpected token, expected "," (220:2)

  218 | }
  219 |
> 220 |   }, [currentStory, currentIndex, isPaused, handleNext, progressAnim]);
      |   ^
  221 |
  222 |   if (!currentStory) return null;
  223 |]
Web  ERROR  [TransformError: SyntaxError: C:\mahaa\src\features\stories\StoryViewer.tsx: Unexpected token, expected "," (220:2)

  218 | }
  219 |
> 220 |   }, [currentStory, currentIndex, isPaused, handleNext, progressAnim]);
      |   ^
  221 |
  222 |   if (!currentStory) return null;
  223 |]
 ERROR  SyntaxError: C:\mahaa\src\features\stories\StoryViewer.tsx: Unexpected token, expected "," (220:2)

  218 | }
  219 |
> 220 |   }, [currentStory, currentIndex, isPaused, handleNext, progressAnim]);
      |   ^
  221 |
  222 |   if (!currentStory) return null;
  223 |
    at constructor (C:\mahaa\node_modules\@babel\parser\lib\index.js:369:19)
    at TypeScriptParserMixin.raise (C:\mahaa\node_modules\@babel\parser\lib\index.js:6622:19)
    at TypeScriptParserMixin.unexpected (C:\mahaa\node_modules\@babel\parser\lib\index.js:6642:16)
    at TypeScriptParserMixin.expect (C:\mahaa\node_modules\@babel\parser\lib\index.js:6922:12)
    at TypeScriptParserMixin.parseCallExpressionArguments (C:\mahaa\node_modules\@babel\parser\lib\index.js:11274:14)
    at TypeScriptParserMixin.parseCoverCallAndAsyncArrowHead (C:\mahaa\node_modules\@babel\parser\lib\index.js:11217:29)
    at TypeScriptParserMixin.parseSubscript (C:\mahaa\node_modules\@babel\parser\lib\index.js:11146:19)
    at TypeScriptParserMixin.parseSubscript (C:\mahaa\node_modules\@babel\parser\lib\index.js:9295:18)
    at TypeScriptParserMixin.parseSubscripts (C:\mahaa\node_modules\@babel\parser\lib\index.js:11120:19)
    at TypeScriptParserMixin.parseExprSubscripts (C:\mahaa\node_modules\@babel\parser\lib\index.js:11111:17)
    at TypeScriptParserMixin.parseUpdate (C:\mahaa\node_modules\@babel\parser\lib\index.js:11092:21)
    at TypeScriptParserMixin.parseMaybeUnary (C:\mahaa\node_modules\@babel\parser\lib\index.js:11072:23)
    at TypeScriptParserMixin.parseMaybeUnary (C:\mahaa\node_modules\@babel\parser\lib\index.js:9860:18)
    at TypeScriptParserMixin.parseMaybeUnaryOrPrivate (C:\mahaa\node_modules\@babel\parser\lib\index.js:10925:61)
    at TypeScriptParserMixin.parseExprOps (C:\mahaa\node_modules\@babel\parser\lib\index.js:10930:23)
    at TypeScriptParserMixin.parseMaybeConditional (C:\mahaa\node_modules\@babel\parser\lib\index.js:10907:23)
    at TypeScriptParserMixin.parseMaybeAssign (C:\mahaa\node_modules\@babel\parser\lib\index.js:10857:21)
    at TypeScriptParserMixin.parseMaybeAssign (C:\mahaa\node_modules\@babel\parser\lib\index.js:9809:20)
    at TypeScriptParserMixin.parseExpressionBase (C:\mahaa\node_modules\@babel\parser\lib\index.js:10810:23)
    at C:\mahaa\node_modules\@babel\parser\lib\index.js:10806:39
    at TypeScriptParserMixin.allowInAnd (C:\mahaa\node_modules\@babel\parser\lib\index.js:12455:16)
    at TypeScriptParserMixin.parseExpression (C:\mahaa\node_modules\@babel\parser\lib\index.js:10806:17)
    at TypeScriptParserMixin.parseStatementContent (C:\mahaa\node_modules\@babel\parser\lib\index.js:12929:23)
    at TypeScriptParserMixin.parseStatementContent (C:\mahaa\node_modules\@babel\parser\lib\index.js:9531:18)
    at TypeScriptParserMixin.parseStatementLike (C:\mahaa\node_modules\@babel\parser\lib\index.js:12801:17)
    at TypeScriptParserMixin.parseStatementListItem (C:\mahaa\node_modules\@babel\parser\lib\index.js:12781:17)
    at TypeScriptParserMixin.parseBlockOrModuleBlockBody (C:\mahaa\node_modules\@babel\parser\lib\index.js:13350:61)
    at TypeScriptParserMixin.parseBlockBody (C:\mahaa\node_modules\@babel\parser\lib\index.js:13343:10)
    at TypeScriptParserMixin.parseBlock (C:\mahaa\node_modules\@babel\parser\lib\index.js:13331:10)
    at TypeScriptParserMixin.parseFunctionBody (C:\mahaa\node_modules\@babel\parser\lib\index.js:12134:24)
    at TypeScriptParserMixin.parseFunctionBodyAndFinish (C:\mahaa\node_modules\@babel\parser\lib\index.js:12120:10)
    at TypeScriptParserMixin.parseFunctionBodyAndFinish (C:\mahaa\node_modules\@babel\parser\lib\index.js:9195:18)
    at C:\mahaa\node_modules\@babel\parser\lib\index.js:13479:12
    at TypeScriptParserMixin.withSmartMixTopicForbiddingContext (C:\mahaa\node_modules\@babel\parser\lib\index.js:12437:14)
    at TypeScriptParserMixin.parseFunction (C:\mahaa\node_modules\@babel\parser\lib\index.js:13478:10)
    at TypeScriptParserMixin.parseFunctionStatement (C:\mahaa\node_modules\@babel\parser\lib\index.js:13159:17)
    at TypeScriptParserMixin.parseStatementContent (C:\mahaa\node_modules\@babel\parser\lib\index.js:12825:21)
    at TypeScriptParserMixin.parseStatementContent (C:\mahaa\node_modules\@babel\parser\lib\index.js:9531:18)
    at TypeScriptParserMixin.parseStatementLike (C:\mahaa\node_modules\@babel\parser\lib\index.js:12801:17)
    at TypeScriptParserMixin.parseStatementListItem (C:\mahaa\node_modules\@babel\parser\lib\index.js:12781:17)
    at TypeScriptParserMixin.parseExportDeclaration (C:\mahaa\node_modules\@babel\parser\lib\index.js:13968:17)
    at TypeScriptParserMixin.parseExportDeclaration (C:\mahaa\node_modules\@babel\parser\lib\index.js:9652:85)
    at TypeScriptParserMixin.maybeParseExportDeclaration (C:\mahaa\node_modules\@babel\parser\lib\index.js:13927:31)
    at TypeScriptParserMixin.parseExport (C:\mahaa\node_modules\@babel\parser\lib\index.js:13846:29)
    at TypeScriptParserMixin.parseExport (C:\mahaa\node_modules\@babel\parser\lib\index.js:9408:20)
    at TypeScriptParserMixin.parseStatementContent (C:\mahaa\node_modules\@babel\parser\lib\index.js:12912:27)
    at TypeScriptParserMixin.parseStatementContent (C:\mahaa\node_modules\@babel\parser\lib\index.js:9531:18)
    at TypeScriptParserMixin.parseStatementLike (C:\mahaa\node_modules\@babel\parser\lib\index.js:12801:17)
    at TypeScriptParserMixin.parseModuleItem (C:\mahaa\node_modules\@babel\parser\lib\index.js:12778:17)
    at TypeScriptParserMixin.parseBlockOrModuleBlockBody (C:\mahaa\node_modules\@babel\parser\lib\index.js:13350:36)
Web  ERROR  [TransformError: SyntaxError: C:\mahaa\src\features\stories\StoryViewer.tsx: Unexpected token, expected "," (220:2)

  218 | }
  219 |
> 220 |   }, [currentStory, currentIndex, isPaused, handleNext, progressAnim]);
      |   ^
  221 |
  222 |   if (!currentStory) return null;
  223 |]
Web  ERROR  [TransformError: SyntaxError: C:\mahaa\src\features\stories\StoryViewer.tsx: Unexpected token, expected "," (220:2)

  218 | }
  219 |
> 220 |   }, [currentStory, currentIndex, isPaused, handleNext, progressAnim]);
      |   ^
  221 |
  222 |   if (!currentStory) return null;
  223 |]
Web  ERROR  [TransformError: SyntaxError: C:\mahaa\src\features\stories\StoryViewer.tsx: Unexpected token, expected "," (220:2)

  218 | }
  219 |
> 220 |   }, [currentStory, currentIndex, isPaused, handleNext, progressAnim]);
      |   ^
  221 |
  222 |   if (!currentStory) return null;
  223 |]
 ERROR  SyntaxError: C:\mahaa\src\features\stories\StoryViewer.tsx: Unexpected token, expected "," (220:2)

  218 | }
  219 |
> 220 |   }, [currentStory, currentIndex, isPaused, handleNext, progressAnim]);
      |   ^
  221 |
  222 |   if (!currentStory) return null;
  223 |
    at constructor (C:\mahaa\node_modules\@babel\parser\lib\index.js:369:19)
    at TypeScriptParserMixin.raise (C:\mahaa\node_modules\@babel\parser\lib\index.js:6622:19)
    at TypeScriptParserMixin.unexpected (C:\mahaa\node_modules\@babel\parser\lib\index.js:6642:16)
    at TypeScriptParserMixin.expect (C:\mahaa\node_modules\@babel\parser\lib\index.js:6922:12)
    at TypeScriptParserMixin.parseCallExpressionArguments (C:\mahaa\node_modules\@babel\parser\lib\index.js:11274:14)
    at TypeScriptParserMixin.parseCoverCallAndAsyncArrowHead (C:\mahaa\node_modules\@babel\parser\lib\index.js:11217:29)
    at TypeScriptParserMixin.parseSubscript (C:\mahaa\node_modules\@babel\parser\lib\index.js:11146:19)
    at TypeScriptParserMixin.parseSubscript (C:\mahaa\node_modules\@babel\parser\lib\index.js:9295:18)
    at TypeScriptParserMixin.parseSubscripts (C:\mahaa\node_modules\@babel\parser\lib\index.js:11120:19)
    at TypeScriptParserMixin.parseExprSubscripts (C:\mahaa\node_modules\@babel\parser\lib\index.js:11111:17)
    at TypeScriptParserMixin.parseUpdate (C:\mahaa\node_modules\@babel\parser\lib\index.js:11092:21)
    at TypeScriptParserMixin.parseMaybeUnary (C:\mahaa\node_modules\@babel\parser\lib\index.js:11072:23)
    at TypeScriptParserMixin.parseMaybeUnary (C:\mahaa\node_modules\@babel\parser\lib\index.js:9860:18)
    at TypeScriptParserMixin.parseMaybeUnaryOrPrivate (C:\mahaa\node_modules\@babel\parser\lib\index.js:10925:61)
    at TypeScriptParserMixin.parseExprOps (C:\mahaa\node_modules\@babel\parser\lib\index.js:10930:23)
    at TypeScriptParserMixin.parseMaybeConditional (C:\mahaa\node_modules\@babel\parser\lib\index.js:10907:23)
    at TypeScriptParserMixin.parseMaybeAssign (C:\mahaa\node_modules\@babel\parser\lib\index.js:10857:21)
    at TypeScriptParserMixin.parseMaybeAssign (C:\mahaa\node_modules\@babel\parser\lib\index.js:9809:20)
    at TypeScriptParserMixin.parseExpressionBase (C:\mahaa\node_modules\@babel\parser\lib\index.js:10810:23)
    at C:\mahaa\node_modules\@babel\parser\lib\index.js:10806:39
    at TypeScriptParserMixin.allowInAnd (C:\mahaa\node_modules\@babel\parser\lib\index.js:12455:16)
    at TypeScriptParserMixin.parseExpression (C:\mahaa\node_modules\@babel\parser\lib\index.js:10806:17)
    at TypeScriptParserMixin.parseStatementContent (C:\mahaa\node_modules\@babel\parser\lib\index.js:12929:23)
    at TypeScriptParserMixin.parseStatementContent (C:\mahaa\node_modules\@babel\parser\lib\index.js:9531:18)
    at TypeScriptParserMixin.parseStatementLike (C:\mahaa\node_modules\@babel\parser\lib\index.js:12801:17)
    at TypeScriptParserMixin.parseStatementListItem (C:\mahaa\node_modules\@babel\parser\lib\index.js:12781:17)
    at TypeScriptParserMixin.parseBlockOrModuleBlockBody (C:\mahaa\node_modules\@babel\parser\lib\index.js:13350:61)
    at TypeScriptParserMixin.parseBlockBody (C:\mahaa\node_modules\@babel\parser\lib\index.js:13343:10)
    at TypeScriptParserMixin.parseBlock (C:\mahaa\node_modules\@babel\parser\lib\index.js:13331:10)
    at TypeScriptParserMixin.parseFunctionBody (C:\mahaa\node_modules\@babel\parser\lib\index.js:12134:24)
    at TypeScriptParserMixin.parseFunctionBodyAndFinish (C:\mahaa\node_modules\@babel\parser\lib\index.js:12120:10)
    at TypeScriptParserMixin.parseFunctionBodyAndFinish (C:\mahaa\node_modules\@babel\parser\lib\index.js:9195:18)
    at C:\mahaa\node_modules\@babel\parser\lib\index.js:13479:12
    at TypeScriptParserMixin.withSmartMixTopicForbiddingContext (C:\mahaa\node_modules\@babel\parser\lib\index.js:12437:14)
    at TypeScriptParserMixin.parseFunction (C:\mahaa\node_modules\@babel\parser\lib\index.js:13478:10)
    at TypeScriptParserMixin.parseFunctionStatement (C:\mahaa\node_modules\@babel\parser\lib\index.js:13159:17)
    at TypeScriptParserMixin.parseStatementContent (C:\mahaa\node_modules\@babel\parser\lib\index.js:12825:21)
    at TypeScriptParserMixin.parseStatementContent (C:\mahaa\node_modules\@babel\parser\lib\index.js:9531:18)
    at TypeScriptParserMixin.parseStatementLike (C:\mahaa\node_modules\@babel\parser\lib\index.js:12801:17)
    at TypeScriptParserMixin.parseStatementListItem (C:\mahaa\node_modules\@babel\parser\lib\index.js:12781:17)
    at TypeScriptParserMixin.parseExportDeclaration (C:\mahaa\node_modules\@babel\parser\lib\index.js:13968:17)
    at TypeScriptParserMixin.parseExportDeclaration (C:\mahaa\node_modules\@babel\parser\lib\index.js:9652:85)
    at TypeScriptParserMixin.maybeParseExportDeclaration (C:\mahaa\node_modules\@babel\parser\lib\index.js:13927:31)
    at TypeScriptParserMixin.parseExport (C:\mahaa\node_modules\@babel\parser\lib\index.js:13846:29)
    at TypeScriptParserMixin.parseExport (C:\mahaa\node_modules\@babel\parser\lib\index.js:9408:20)
    at TypeScriptParserMixin.parseStatementContent (C:\mahaa\node_modules\@babel\parser\lib\index.js:12912:27)
    at TypeScriptParserMixin.parseStatementContent (C:\mahaa\node_modules\@babel\parser\lib\index.js:9531:18)
    at TypeScriptParserMixin.parseStatementLike (C:\mahaa\node_modules\@babel\parser\lib\index.js:12801:17)
    at TypeScriptParserMixin.parseModuleItem (C:\mahaa\node_modules\@babel\parser\lib\index.js:12778:17)
    at TypeScriptParserMixin.parseBlockOrModuleBlockBody (C:\mahaa\node_modules\@babel\parser\lib\index.js:13350:36)
Web  ERROR  [TransformError: SyntaxError: C:\mahaa\src\features\stories\StoryViewer.tsx: Unexpected token, expected "," (220:2)

  218 | }
  219 |
> 220 |   }, [currentStory, currentIndex, isPaused, handleNext, progressAnim]);
      |   ^
  221 |
  222 |   if (!currentStory) return null;
  223 |]
Web  ERROR  [TransformError: SyntaxError: C:\mahaa\src\features\stories\StoryViewer.tsx: Unexpected token, expected "," (220:2)

  218 | }
  219 |
> 220 |   }, [currentStory, currentIndex, isPaused, handleNext, progressAnim]);
      |   ^
  221 |
  222 |   if (!currentStory) return null;
  223 |]
Web  ERROR  [TransformError: SyntaxError: C:\mahaa\src\features\stories\StoryViewer.tsx: Unexpected token, expected "," (220:2)

  218 | }
  219 |
> 220 |   }, [currentStory, currentIndex, isPaused, handleNext, progressAnim]);
      |   ^
  221 |
  222 |   if (!currentStory) return null;
  223 |]
 ERROR  SyntaxError: C:\mahaa\src\features\stories\StoryViewer.tsx: Unexpected token, expected "," (220:2)

  218 | }
  219 |
> 220 |   }, [currentStory, currentIndex, isPaused, handleNext, progressAnim]);
      |   ^
  221 |
  222 |   if (!currentStory) return null;
  223 |
    at constructor (C:\mahaa\node_modules\@babel\parser\lib\index.js:369:19)
    at TypeScriptParserMixin.raise (C:\mahaa\node_modules\@babel\parser\lib\index.js:6622:19)
    at TypeScriptParserMixin.unexpected (C:\mahaa\node_modules\@babel\parser\lib\index.js:6642:16)
    at TypeScriptParserMixin.expect (C:\mahaa\node_modules\@babel\parser\lib\index.js:6922:12)
    at TypeScriptParserMixin.parseCallExpressionArguments (C:\mahaa\node_modules\@babel\parser\lib\index.js:11274:14)
    at TypeScriptParserMixin.parseCoverCallAndAsyncArrowHead (C:\mahaa\node_modules\@babel\parser\lib\index.js:11217:29)
    at TypeScriptParserMixin.parseSubscript (C:\mahaa\node_modules\@babel\parser\lib\index.js:11146:19)
    at TypeScriptParserMixin.parseSubscript (C:\mahaa\node_modules\@babel\parser\lib\index.js:9295:18)
    at TypeScriptParserMixin.parseSubscripts (C:\mahaa\node_modules\@babel\parser\lib\index.js:11120:19)
    at TypeScriptParserMixin.parseExprSubscripts (C:\mahaa\node_modules\@babel\parser\lib\index.js:11111:17)
    at TypeScriptParserMixin.parseUpdate (C:\mahaa\node_modules\@babel\parser\lib\index.js:11092:21)
    at TypeScriptParserMixin.parseMaybeUnary (C:\mahaa\node_modules\@babel\parser\lib\index.js:11072:23)
    at TypeScriptParserMixin.parseMaybeUnary (C:\mahaa\node_modules\@babel\parser\lib\index.js:9860:18)
    at TypeScriptParserMixin.parseMaybeUnaryOrPrivate (C:\mahaa\node_modules\@babel\parser\lib\index.js:10925:61)
    at TypeScriptParserMixin.parseExprOps (C:\mahaa\node_modules\@babel\parser\lib\index.js:10930:23)
    at TypeScriptParserMixin.parseMaybeConditional (C:\mahaa\node_modules\@babel\parser\lib\index.js:10907:23)
    at TypeScriptParserMixin.parseMaybeAssign (C:\mahaa\node_modules\@babel\parser\lib\index.js:10857:21)
    at TypeScriptParserMixin.parseMaybeAssign (C:\mahaa\node_modules\@babel\parser\lib\index.js:9809:20)
    at TypeScriptParserMixin.parseExpressionBase (C:\mahaa\node_modules\@babel\parser\lib\index.js:10810:23)
    at C:\mahaa\node_modules\@babel\parser\lib\index.js:10806:39
    at TypeScriptParserMixin.allowInAnd (C:\mahaa\node_modules\@babel\parser\lib\index.js:12455:16)
    at TypeScriptParserMixin.parseExpression (C:\mahaa\node_modules\@babel\parser\lib\index.js:10806:17)
    at TypeScriptParserMixin.parseStatementContent (C:\mahaa\node_modules\@babel\parser\lib\index.js:12929:23)
    at TypeScriptParserMixin.parseStatementContent (C:\mahaa\node_modules\@babel\parser\lib\index.js:9531:18)
    at TypeScriptParserMixin.parseStatementLike (C:\mahaa\node_modules\@babel\parser\lib\index.js:12801:17)
    at TypeScriptParserMixin.parseStatementListItem (C:\mahaa\node_modules\@babel\parser\lib\index.js:12781:17)
    at TypeScriptParserMixin.parseBlockOrModuleBlockBody (C:\mahaa\node_modules\@babel\parser\lib\index.js:13350:61)
    at TypeScriptParserMixin.parseBlockBody (C:\mahaa\node_modules\@babel\parser\lib\index.js:13343:10)
    at TypeScriptParserMixin.parseBlock (C:\mahaa\node_modules\@babel\parser\lib\index.js:13331:10)
    at TypeScriptParserMixin.parseFunctionBody (C:\mahaa\node_modules\@babel\parser\lib\index.js:12134:24)
    at TypeScriptParserMixin.parseFunctionBodyAndFinish (C:\mahaa\node_modules\@babel\parser\lib\index.js:12120:10)
    at TypeScriptParserMixin.parseFunctionBodyAndFinish (C:\mahaa\node_modules\@babel\parser\lib\index.js:9195:18)
    at C:\mahaa\node_modules\@babel\parser\lib\index.js:13479:12
    at TypeScriptParserMixin.withSmartMixTopicForbiddingContext (C:\mahaa\node_modules\@babel\parser\lib\index.js:12437:14)
    at TypeScriptParserMixin.parseFunction (C:\mahaa\node_modules\@babel\parser\lib\index.js:13478:10)
    at TypeScriptParserMixin.parseFunctionStatement (C:\mahaa\node_modules\@babel\parser\lib\index.js:13159:17)
    at TypeScriptParserMixin.parseStatementContent (C:\mahaa\node_modules\@babel\parser\lib\index.js:12825:21)
    at TypeScriptParserMixin.parseStatementContent (C:\mahaa\node_modules\@babel\parser\lib\index.js:9531:18)
    at TypeScriptParserMixin.parseStatementLike (C:\mahaa\node_modules\@babel\parser\lib\index.js:12801:17)
    at TypeScriptParserMixin.parseStatementListItem (C:\mahaa\node_modules\@babel\parser\lib\index.js:12781:17)
    at TypeScriptParserMixin.parseExportDeclaration (C:\mahaa\node_modules\@babel\parser\lib\index.js:13968:17)
    at TypeScriptParserMixin.parseExportDeclaration (C:\mahaa\node_modules\@babel\parser\lib\index.js:9652:85)
    at TypeScriptParserMixin.maybeParseExportDeclaration (C:\mahaa\node_modules\@babel\parser\lib\index.js:13927:31)
    at TypeScriptParserMixin.parseExport (C:\mahaa\node_modules\@babel\parser\lib\index.js:13846:29)
    at TypeScriptParserMixin.parseExport (C:\mahaa\node_modules\@babel\parser\lib\index.js:9408:20)
    at TypeScriptParserMixin.parseStatementContent (C:\mahaa\node_modules\@babel\parser\lib\index.js:12912:27)
    at TypeScriptParserMixin.parseStatementContent (C:\mahaa\node_modules\@babel\parser\lib\index.js:9531:18)
    at TypeScriptParserMixin.parseStatementLike (C:\mahaa\node_modules\@babel\parser\lib\index.js:12801:17)
    at TypeScriptParserMixin.parseModuleItem (C:\mahaa\node_modules\@babel\parser\lib\index.js:12778:17)
    at TypeScriptParserMixin.parseBlockOrModuleBlockBody (C:\mahaa\node_modules\@babel\parser\lib\index.js:13350:36)
Web  ERROR  [TransformError: SyntaxError: C:\mahaa\src\features\stories\StoryViewer.tsx: Unexpected token, expected "," (220:2)

  218 | }
  219 |
> 220 |   }, [currentStory, currentIndex, isPaused, handleNext, progressAnim]);
      |   ^
  221 |
  222 |   if (!currentStory) return null;
  223 |]
Web  ERROR  [TransformError: SyntaxError: C:\mahaa\src\features\stories\StoryViewer.tsx: Unexpected token, expected "," (220:2)

  218 | }
  219 |
> 220 |   }, [currentStory, currentIndex, isPaused, handleNext, progressAnim]);
      |   ^
  221 |
  222 |   if (!currentStory) return null;
  223 |]
Web  ERROR  [TransformError: SyntaxError: C:\mahaa\src\features\stories\StoryViewer.tsx: Unexpected token, expected "," (220:2)

  218 | }
  219 |
> 220 |   }, [currentStory, currentIndex, isPaused, handleNext, progressAnim]);
      |   ^
  221 |
  222 |   if (!currentStory) return null;
  223 |]
 ERROR  SyntaxError: C:\mahaa\src\features\stories\StoryViewer.tsx: Unexpected token, expected "," (220:2)

  218 | }
  219 |
> 220 |   }, [currentStory, currentIndex, isPaused, handleNext, progressAnim]);
      |   ^
  221 |
  222 |   if (!currentStory) return null;
  223 |
    at constructor (C:\mahaa\node_modules\@babel\parser\lib\index.js:369:19)
    at TypeScriptParserMixin.raise (C:\mahaa\node_modules\@babel\parser\lib\index.js:6622:19)
    at TypeScriptParserMixin.unexpected (C:\mahaa\node_modules\@babel\parser\lib\index.js:6642:16)
    at TypeScriptParserMixin.expect (C:\mahaa\node_modules\@babel\parser\lib\index.js:6922:12)
    at TypeScriptParserMixin.parseCallExpressionArguments (C:\mahaa\node_modules\@babel\parser\lib\index.js:11274:14)
    at TypeScriptParserMixin.parseCoverCallAndAsyncArrowHead (C:\mahaa\node_modules\@babel\parser\lib\index.js:11217:29)
    at TypeScriptParserMixin.parseSubscript (C:\mahaa\node_modules\@babel\parser\lib\index.js:11146:19)
    at TypeScriptParserMixin.parseSubscript (C:\mahaa\node_modules\@babel\parser\lib\index.js:9295:18)
    at TypeScriptParserMixin.parseSubscripts (C:\mahaa\node_modules\@babel\parser\lib\index.js:11120:19)
    at TypeScriptParserMixin.parseExprSubscripts (C:\mahaa\node_modules\@babel\parser\lib\index.js:11111:17)
    at TypeScriptParserMixin.parseUpdate (C:\mahaa\node_modules\@babel\parser\lib\index.js:11092:21)
    at TypeScriptParserMixin.parseMaybeUnary (C:\mahaa\node_modules\@babel\parser\lib\index.js:11072:23)
    at TypeScriptParserMixin.parseMaybeUnary (C:\mahaa\node_modules\@babel\parser\lib\index.js:9860:18)
    at TypeScriptParserMixin.parseMaybeUnaryOrPrivate (C:\mahaa\node_modules\@babel\parser\lib\index.js:10925:61)
    at TypeScriptParserMixin.parseExprOps (C:\mahaa\node_modules\@babel\parser\lib\index.js:10930:23)
    at TypeScriptParserMixin.parseMaybeConditional (C:\mahaa\node_modules\@babel\parser\lib\index.js:10907:23)
    at TypeScriptParserMixin.parseMaybeAssign (C:\mahaa\node_modules\@babel\parser\lib\index.js:10857:21)
    at TypeScriptParserMixin.parseMaybeAssign (C:\mahaa\node_modules\@babel\parser\lib\index.js:9809:20)
    at TypeScriptParserMixin.parseExpressionBase (C:\mahaa\node_modules\@babel\parser\lib\index.js:10810:23)
    at C:\mahaa\node_modules\@babel\parser\lib\index.js:10806:39
    at TypeScriptParserMixin.allowInAnd (C:\mahaa\node_modules\@babel\parser\lib\index.js:12455:16)
    at TypeScriptParserMixin.parseExpression (C:\mahaa\node_modules\@babel\parser\lib\index.js:10806:17)
    at TypeScriptParserMixin.parseStatementContent (C:\mahaa\node_modules\@babel\parser\lib\index.js:12929:23)
    at TypeScriptParserMixin.parseStatementContent (C:\mahaa\node_modules\@babel\parser\lib\index.js:9531:18)
    at TypeScriptParserMixin.parseStatementLike (C:\mahaa\node_modules\@babel\parser\lib\index.js:12801:17)
    at TypeScriptParserMixin.parseStatementListItem (C:\mahaa\node_modules\@babel\parser\lib\index.js:12781:17)
    at TypeScriptParserMixin.parseBlockOrModuleBlockBody (C:\mahaa\node_modules\@babel\parser\lib\index.js:13350:61)
    at TypeScriptParserMixin.parseBlockBody (C:\mahaa\node_modules\@babel\parser\lib\index.js:13343:10)
    at TypeScriptParserMixin.parseBlock (C:\mahaa\node_modules\@babel\parser\lib\index.js:13331:10)
    at TypeScriptParserMixin.parseFunctionBody (C:\mahaa\node_modules\@babel\parser\lib\index.js:12134:24)
    at TypeScriptParserMixin.parseFunctionBodyAndFinish (C:\mahaa\node_modules\@babel\parser\lib\index.js:12120:10)
    at TypeScriptParserMixin.parseFunctionBodyAndFinish (C:\mahaa\node_modules\@babel\parser\lib\index.js:9195:18)
    at C:\mahaa\node_modules\@babel\parser\lib\index.js:13479:12
    at TypeScriptParserMixin.withSmartMixTopicForbiddingContext (C:\mahaa\node_modules\@babel\parser\lib\index.js:12437:14)
    at TypeScriptParserMixin.parseFunction (C:\mahaa\node_modules\@babel\parser\lib\index.js:13478:10)
    at TypeScriptParserMixin.parseFunctionStatement (C:\mahaa\node_modules\@babel\parser\lib\index.js:13159:17)
    at TypeScriptParserMixin.parseStatementContent (C:\mahaa\node_modules\@babel\parser\lib\index.js:12825:21)
    at TypeScriptParserMixin.parseStatementContent (C:\mahaa\node_modules\@babel\parser\lib\index.js:9531:18)
    at TypeScriptParserMixin.parseStatementLike (C:\mahaa\node_modules\@babel\parser\lib\index.js:12801:17)
    at TypeScriptParserMixin.parseStatementListItem (C:\mahaa\node_modules\@babel\parser\lib\index.js:12781:17)
    at TypeScriptParserMixin.parseExportDeclaration (C:\mahaa\node_modules\@babel\parser\lib\index.js:13968:17)
    at TypeScriptParserMixin.parseExportDeclaration (C:\mahaa\node_modules\@babel\parser\lib\index.js:9652:85)
    at TypeScriptParserMixin.maybeParseExportDeclaration (C:\mahaa\node_modules\@babel\parser\lib\index.js:13927:31)
    at TypeScriptParserMixin.parseExport (C:\mahaa\node_modules\@babel\parser\lib\index.js:13846:29)
    at TypeScriptParserMixin.parseExport (C:\mahaa\node_modules\@babel\parser\lib\index.js:9408:20)
    at TypeScriptParserMixin.parseStatementContent (C:\mahaa\node_modules\@babel\parser\lib\index.js:12912:27)
    at TypeScriptParserMixin.parseStatementContent (C:\mahaa\node_modules\@babel\parser\lib\index.js:9531:18)
    at TypeScriptParserMixin.parseStatementLike (C:\mahaa\node_modules\@babel\parser\lib\index.js:12801:17)
    at TypeScriptParserMixin.parseModuleItem (C:\mahaa\node_modules\@babel\parser\lib\index.js:12778:17)
    at TypeScriptParserMixin.parseBlockOrModuleBlockBody (C:\mahaa\node_modules\@babel\parser\lib\index.js:13350:36)
Web  ERROR  [TransformError: SyntaxError: C:\mahaa\src\features\stories\StoryViewer.tsx: Unexpected token, expected "," (220:2)

  218 | }
  219 |
> 220 |   }, [currentStory, currentIndex, isPaused, handleNext, progressAnim]);
      |   ^
  221 |
  222 |   if (!currentStory) return null;
  223 |]
Web  ERROR  [TransformError: SyntaxError: C:\mahaa\src\features\stories\StoryViewer.tsx: Unexpected token, expected "," (220:2)

  218 | }
  219 |
> 220 |   }, [currentStory, currentIndex, isPaused, handleNext, progressAnim]);
      |   ^
  221 |
  222 |   if (!currentStory) return null;
  223 |]
Web  ERROR  [TransformError: SyntaxError: C:\mahaa\src\features\stories\StoryViewer.tsx: Unexpected token, expected "," (220:2)

  218 | }
  219 |
> 220 |   }, [currentStory, currentIndex, isPaused, handleNext, progressAnim]);
      |   ^
  221 |
  222 |   if (!currentStory) return null;
  223 |]
 ERROR  SyntaxError: C:\mahaa\src\features\stories\StoryViewer.tsx: Unexpected token, expected "," (220:2)

  218 | }
  219 |
> 220 |   }, [currentStory, currentIndex, isPaused, handleNext, progressAnim]);
      |   ^
  221 |
  222 |   if (!currentStory) return null;
  223 |
    at constructor (C:\mahaa\node_modules\@babel\parser\lib\index.js:369:19)
    at TypeScriptParserMixin.raise (C:\mahaa\node_modules\@babel\parser\lib\index.js:6622:19)
    at TypeScriptParserMixin.unexpected (C:\mahaa\node_modules\@babel\parser\lib\index.js:6642:16)
    at TypeScriptParserMixin.expect (C:\mahaa\node_modules\@babel\parser\lib\index.js:6922:12)
    at TypeScriptParserMixin.parseCallExpressionArguments (C:\mahaa\node_modules\@babel\parser\lib\index.js:11274:14)
    at TypeScriptParserMixin.parseCoverCallAndAsyncArrowHead (C:\mahaa\node_modules\@babel\parser\lib\index.js:11217:29)
    at TypeScriptParserMixin.parseSubscript (C:\mahaa\node_modules\@babel\parser\lib\index.js:11146:19)
    at TypeScriptParserMixin.parseSubscript (C:\mahaa\node_modules\@babel\parser\lib\index.js:9295:18)
    at TypeScriptParserMixin.parseSubscripts (C:\mahaa\node_modules\@babel\parser\lib\index.js:11120:19)
    at TypeScriptParserMixin.parseExprSubscripts (C:\mahaa\node_modules\@babel\parser\lib\index.js:11111:17)
    at TypeScriptParserMixin.parseUpdate (C:\mahaa\node_modules\@babel\parser\lib\index.js:11092:21)
    at TypeScriptParserMixin.parseMaybeUnary (C:\mahaa\node_modules\@babel\parser\lib\index.js:11072:23)
    at TypeScriptParserMixin.parseMaybeUnary (C:\mahaa\node_modules\@babel\parser\lib\index.js:9860:18)
    at TypeScriptParserMixin.parseMaybeUnaryOrPrivate (C:\mahaa\node_modules\@babel\parser\lib\index.js:10925:61)
    at TypeScriptParserMixin.parseExprOps (C:\mahaa\node_modules\@babel\parser\lib\index.js:10930:23)
    at TypeScriptParserMixin.parseMaybeConditional (C:\mahaa\node_modules\@babel\parser\lib\index.js:10907:23)
    at TypeScriptParserMixin.parseMaybeAssign (C:\mahaa\node_modules\@babel\parser\lib\index.js:10857:21)
    at TypeScriptParserMixin.parseMaybeAssign (C:\mahaa\node_modules\@babel\parser\lib\index.js:9809:20)
    at TypeScriptParserMixin.parseExpressionBase (C:\mahaa\node_modules\@babel\parser\lib\index.js:10810:23)
    at C:\mahaa\node_modules\@babel\parser\lib\index.js:10806:39
    at TypeScriptParserMixin.allowInAnd (C:\mahaa\node_modules\@babel\parser\lib\index.js:12455:16)
    at TypeScriptParserMixin.parseExpression (C:\mahaa\node_modules\@babel\parser\lib\index.js:10806:17)
    at TypeScriptParserMixin.parseStatementContent (C:\mahaa\node_modules\@babel\parser\lib\index.js:12929:23)
    at TypeScriptParserMixin.parseStatementContent (C:\mahaa\node_modules\@babel\parser\lib\index.js:9531:18)
    at TypeScriptParserMixin.parseStatementLike (C:\mahaa\node_modules\@babel\parser\lib\index.js:12801:17)
    at TypeScriptParserMixin.parseStatementListItem (C:\mahaa\node_modules\@babel\parser\lib\index.js:12781:17)
    at TypeScriptParserMixin.parseBlockOrModuleBlockBody (C:\mahaa\node_modules\@babel\parser\lib\index.js:13350:61)
    at TypeScriptParserMixin.parseBlockBody (C:\mahaa\node_modules\@babel\parser\lib\index.js:13343:10)
    at TypeScriptParserMixin.parseBlock (C:\mahaa\node_modules\@babel\parser\lib\index.js:13331:10)
    at TypeScriptParserMixin.parseFunctionBody (C:\mahaa\node_modules\@babel\parser\lib\index.js:12134:24)
    at TypeScriptParserMixin.parseFunctionBodyAndFinish (C:\mahaa\node_modules\@babel\parser\lib\index.js:12120:10)
    at TypeScriptParserMixin.parseFunctionBodyAndFinish (C:\mahaa\node_modules\@babel\parser\lib\index.js:9195:18)
    at C:\mahaa\node_modules\@babel\parser\lib\index.js:13479:12
    at TypeScriptParserMixin.withSmartMixTopicForbiddingContext (C:\mahaa\node_modules\@babel\parser\lib\index.js:12437:14)
    at TypeScriptParserMixin.parseFunction (C:\mahaa\node_modules\@babel\parser\lib\index.js:13478:10)
    at TypeScriptParserMixin.parseFunctionStatement (C:\mahaa\node_modules\@babel\parser\lib\index.js:13159:17)
    at TypeScriptParserMixin.parseStatementContent (C:\mahaa\node_modules\@babel\parser\lib\index.js:12825:21)
    at TypeScriptParserMixin.parseStatementContent (C:\mahaa\node_modules\@babel\parser\lib\index.js:9531:18)
    at TypeScriptParserMixin.parseStatementLike (C:\mahaa\node_modules\@babel\parser\lib\index.js:12801:17)
    at TypeScriptParserMixin.parseStatementListItem (C:\mahaa\node_modules\@babel\parser\lib\index.js:12781:17)
    at TypeScriptParserMixin.parseExportDeclaration (C:\mahaa\node_modules\@babel\parser\lib\index.js:13968:17)
    at TypeScriptParserMixin.parseExportDeclaration (C:\mahaa\node_modules\@babel\parser\lib\index.js:9652:85)
    at TypeScriptParserMixin.maybeParseExportDeclaration (C:\mahaa\node_modules\@babel\parser\lib\index.js:13927:31)
    at TypeScriptParserMixin.parseExport (C:\mahaa\node_modules\@babel\parser\lib\index.js:13846:29)
    at TypeScriptParserMixin.parseExport (C:\mahaa\node_modules\@babel\parser\lib\index.js:9408:20)
    at TypeScriptParserMixin.parseStatementContent (C:\mahaa\node_modules\@babel\parser\lib\index.js:12912:27)
    at TypeScriptParserMixin.parseStatementContent (C:\mahaa\node_modules\@babel\parser\lib\index.js:9531:18)
    at TypeScriptParserMixin.parseStatementLike (C:\mahaa\node_modules\@babel\parser\lib\index.js:12801:17)
    at TypeScriptParserMixin.parseModuleItem (C:\mahaa\node_modules\@babel\parser\lib\index.js:12778:17)
    at TypeScriptParserMixin.parseBlockOrModuleBlockBody (C:\mahaa\node_modules\@babel\parser\lib\index.js:13350:36)
Web  ERROR  [TransformError: SyntaxError: C:\mahaa\src\features\stories\StoryViewer.tsx: Unexpected token, expected "," (220:2)

  218 | }
  219 |
> 220 |   }, [currentStory, currentIndex, isPaused, handleNext, progressAnim]);
      |   ^
  221 |
  222 |   if (!currentStory) return null;
  223 |]
Web  ERROR  [TransformError: SyntaxError: C:\mahaa\src\features\stories\StoryViewer.tsx: Unexpected token, expected "," (220:2)

  218 | }
  219 |
> 220 |   }, [currentStory, currentIndex, isPaused, handleNext, progressAnim]);
      |   ^
  221 |
  222 |   if (!currentStory) return null;
  223 |]
Web  ERROR  [TransformError: SyntaxError: C:\mahaa\src\features\stories\StoryViewer.tsx: Unexpected token, expected "," (220:2)

  218 | }
  219 |
> 220 |   }, [currentStory, currentIndex, isPaused, handleNext, progressAnim]);
      |   ^
  221 |
  222 |   if (!currentStory) return null;
  223 |]
 ERROR  SyntaxError: C:\mahaa\src\features\stories\StoryViewer.tsx: Unexpected token, expected "," (220:2)

  218 | }
  219 |
> 220 |   }, [currentStory, currentIndex, isPaused, handleNext, progressAnim]);
      |   ^
  221 |
  222 |   if (!currentStory) return null;
  223 |
    at constructor (C:\mahaa\node_modules\@babel\parser\lib\index.js:369:19)
    at TypeScriptParserMixin.raise (C:\mahaa\node_modules\@babel\parser\lib\index.js:6622:19)
    at TypeScriptParserMixin.unexpected (C:\mahaa\node_modules\@babel\parser\lib\index.js:6642:16)
    at TypeScriptParserMixin.expect (C:\mahaa\node_modules\@babel\parser\lib\index.js:6922:12)
    at TypeScriptParserMixin.parseCallExpressionArguments (C:\mahaa\node_modules\@babel\parser\lib\index.js:11274:14)
    at TypeScriptParserMixin.parseCoverCallAndAsyncArrowHead (C:\mahaa\node_modules\@babel\parser\lib\index.js:11217:29)
    at TypeScriptParserMixin.parseSubscript (C:\mahaa\node_modules\@babel\parser\lib\index.js:11146:19)
    at TypeScriptParserMixin.parseSubscript (C:\mahaa\node_modules\@babel\parser\lib\index.js:9295:18)
    at TypeScriptParserMixin.parseSubscripts (C:\mahaa\node_modules\@babel\parser\lib\index.js:11120:19)
    at TypeScriptParserMixin.parseExprSubscripts (C:\mahaa\node_modules\@babel\parser\lib\index.js:11111:17)
    at TypeScriptParserMixin.parseUpdate (C:\mahaa\node_modules\@babel\parser\lib\index.js:11092:21)
    at TypeScriptParserMixin.parseMaybeUnary (C:\mahaa\node_modules\@babel\parser\lib\index.js:11072:23)
    at TypeScriptParserMixin.parseMaybeUnary (C:\mahaa\node_modules\@babel\parser\lib\index.js:9860:18)
    at TypeScriptParserMixin.parseMaybeUnaryOrPrivate (C:\mahaa\node_modules\@babel\parser\lib\index.js:10925:61)
    at TypeScriptParserMixin.parseExprOps (C:\mahaa\node_modules\@babel\parser\lib\index.js:10930:23)
    at TypeScriptParserMixin.parseMaybeConditional (C:\mahaa\node_modules\@babel\parser\lib\index.js:10907:23)
    at TypeScriptParserMixin.parseMaybeAssign (C:\mahaa\node_modules\@babel\parser\lib\index.js:10857:21)
    at TypeScriptParserMixin.parseMaybeAssign (C:\mahaa\node_modules\@babel\parser\lib\index.js:9809:20)
    at TypeScriptParserMixin.parseExpressionBase (C:\mahaa\node_modules\@babel\parser\lib\index.js:10810:23)
    at C:\mahaa\node_modules\@babel\parser\lib\index.js:10806:39
    at TypeScriptParserMixin.allowInAnd (C:\mahaa\node_modules\@babel\parser\lib\index.js:12455:16)
    at TypeScriptParserMixin.parseExpression (C:\mahaa\node_modules\@babel\parser\lib\index.js:10806:17)
    at TypeScriptParserMixin.parseStatementContent (C:\mahaa\node_modules\@babel\parser\lib\index.js:12929:23)
    at TypeScriptParserMixin.parseStatementContent (C:\mahaa\node_modules\@babel\parser\lib\index.js:9531:18)
    at TypeScriptParserMixin.parseStatementLike (C:\mahaa\node_modules\@babel\parser\lib\index.js:12801:17)
    at TypeScriptParserMixin.parseStatementListItem (C:\mahaa\node_modules\@babel\parser\lib\index.js:12781:17)
    at TypeScriptParserMixin.parseBlockOrModuleBlockBody (C:\mahaa\node_modules\@babel\parser\lib\index.js:13350:61)
    at TypeScriptParserMixin.parseBlockBody (C:\mahaa\node_modules\@babel\parser\lib\index.js:13343:10)
    at TypeScriptParserMixin.parseBlock (C:\mahaa\node_modules\@babel\parser\lib\index.js:13331:10)
    at TypeScriptParserMixin.parseFunctionBody (C:\mahaa\node_modules\@babel\parser\lib\index.js:12134:24)
    at TypeScriptParserMixin.parseFunctionBodyAndFinish (C:\mahaa\node_modules\@babel\parser\lib\index.js:12120:10)
    at TypeScriptParserMixin.parseFunctionBodyAndFinish (C:\mahaa\node_modules\@babel\parser\lib\index.js:9195:18)
    at C:\mahaa\node_modules\@babel\parser\lib\index.js:13479:12
    at TypeScriptParserMixin.withSmartMixTopicForbiddingContext (C:\mahaa\node_modules\@babel\parser\lib\index.js:12437:14)
    at TypeScriptParserMixin.parseFunction (C:\mahaa\node_modules\@babel\parser\lib\index.js:13478:10)
    at TypeScriptParserMixin.parseFunctionStatement (C:\mahaa\node_modules\@babel\parser\lib\index.js:13159:17)
    at TypeScriptParserMixin.parseStatementContent (C:\mahaa\node_modules\@babel\parser\lib\index.js:12825:21)
    at TypeScriptParserMixin.parseStatementContent (C:\mahaa\node_modules\@babel\parser\lib\index.js:9531:18)
    at TypeScriptParserMixin.parseStatementLike (C:\mahaa\node_modules\@babel\parser\lib\index.js:12801:17)
    at TypeScriptParserMixin.parseStatementListItem (C:\mahaa\node_modules\@babel\parser\lib\index.js:12781:17)
    at TypeScriptParserMixin.parseExportDeclaration (C:\mahaa\node_modules\@babel\parser\lib\index.js:13968:17)
    at TypeScriptParserMixin.parseExportDeclaration (C:\mahaa\node_modules\@babel\parser\lib\index.js:9652:85)
    at TypeScriptParserMixin.maybeParseExportDeclaration (C:\mahaa\node_modules\@babel\parser\lib\index.js:13927:31)
    at TypeScriptParserMixin.parseExport (C:\mahaa\node_modules\@babel\parser\lib\index.js:13846:29)
    at TypeScriptParserMixin.parseExport (C:\mahaa\node_modules\@babel\parser\lib\index.js:9408:20)
    at TypeScriptParserMixin.parseStatementContent (C:\mahaa\node_modules\@babel\parser\lib\index.js:12912:27)
    at TypeScriptParserMixin.parseStatementContent (C:\mahaa\node_modules\@babel\parser\lib\index.js:9531:18)
    at TypeScriptParserMixin.parseStatementLike (C:\mahaa\node_modules\@babel\parser\lib\index.js:12801:17)
    at TypeScriptParserMixin.parseModuleItem (C:\mahaa\node_modules\@babel\parser\lib\index.js:12778:17)
    at TypeScriptParserMixin.parseBlockOrModuleBlockBody (C:\mahaa\node_modules\@babel\parser\lib\index.js:13350:36)
Web  ERROR  [TransformError: SyntaxError: C:\mahaa\src\features\stories\StoryViewer.tsx: Unexpected token, expected "," (220:2)

  218 | }
  219 |
> 220 |   }, [currentStory, currentIndex, isPaused, handleNext, progressAnim]);
      |   ^
  221 |
  222 |   if (!currentStory) return null;
  223 |]
Web  ERROR  [TransformError: SyntaxError: C:\mahaa\src\features\stories\StoryViewer.tsx: Unexpected token, expected "," (220:2)

  218 | }
  219 |
> 220 |   }, [currentStory, currentIndex, isPaused, handleNext, progressAnim]);
      |   ^
  221 |
  222 |   if (!currentStory) return null;
  223 |]
Web  ERROR  [TransformError: SyntaxError: C:\mahaa\src\features\stories\StoryViewer.tsx: Unexpected token, expected "," (220:2)

  218 | }
  219 |
> 220 |   }, [currentStory, currentIndex, isPaused, handleNext, progressAnim]);
      |   ^
  221 |
  222 |   if (!currentStory) return null;
  223 |]
 ERROR  SyntaxError: C:\mahaa\src\features\stories\StoryViewer.tsx: Unexpected token, expected "," (220:2)

  218 | }
  219 |
> 220 |   }, [currentStory, currentIndex, isPaused, handleNext, progressAnim]);
      |   ^
  221 |
  222 |   if (!currentStory) return null;
  223 |
    at constructor (C:\mahaa\node_modules\@babel\parser\lib\index.js:369:19)
    at TypeScriptParserMixin.raise (C:\mahaa\node_modules\@babel\parser\lib\index.js:6622:19)
    at TypeScriptParserMixin.unexpected (C:\mahaa\node_modules\@babel\parser\lib\index.js:6642:16)
    at TypeScriptParserMixin.expect (C:\mahaa\node_modules\@babel\parser\lib\index.js:6922:12)
    at TypeScriptParserMixin.parseCallExpressionArguments (C:\mahaa\node_modules\@babel\parser\lib\index.js:11274:14)
    at TypeScriptParserMixin.parseCoverCallAndAsyncArrowHead (C:\mahaa\node_modules\@babel\parser\lib\index.js:11217:29)
    at TypeScriptParserMixin.parseSubscript (C:\mahaa\node_modules\@babel\parser\lib\index.js:11146:19)
    at TypeScriptParserMixin.parseSubscript (C:\mahaa\node_modules\@babel\parser\lib\index.js:9295:18)
    at TypeScriptParserMixin.parseSubscripts (C:\mahaa\node_modules\@babel\parser\lib\index.js:11120:19)
    at TypeScriptParserMixin.parseExprSubscripts (C:\mahaa\node_modules\@babel\parser\lib\index.js:11111:17)
    at TypeScriptParserMixin.parseUpdate (C:\mahaa\node_modules\@babel\parser\lib\index.js:11092:21)
    at TypeScriptParserMixin.parseMaybeUnary (C:\mahaa\node_modules\@babel\parser\lib\index.js:11072:23)
    at TypeScriptParserMixin.parseMaybeUnary (C:\mahaa\node_modules\@babel\parser\lib\index.js:9860:18)
    at TypeScriptParserMixin.parseMaybeUnaryOrPrivate (C:\mahaa\node_modules\@babel\parser\lib\index.js:10925:61)
    at TypeScriptParserMixin.parseExprOps (C:\mahaa\node_modules\@babel\parser\lib\index.js:10930:23)
    at TypeScriptParserMixin.parseMaybeConditional (C:\mahaa\node_modules\@babel\parser\lib\index.js:10907:23)
    at TypeScriptParserMixin.parseMaybeAssign (C:\mahaa\node_modules\@babel\parser\lib\index.js:10857:21)
    at TypeScriptParserMixin.parseMaybeAssign (C:\mahaa\node_modules\@babel\parser\lib\index.js:9809:20)
    at TypeScriptParserMixin.parseExpressionBase (C:\mahaa\node_modules\@babel\parser\lib\index.js:10810:23)
    at C:\mahaa\node_modules\@babel\parser\lib\index.js:10806:39
    at TypeScriptParserMixin.allowInAnd (C:\mahaa\node_modules\@babel\parser\lib\index.js:12455:16)
    at TypeScriptParserMixin.parseExpression (C:\mahaa\node_modules\@babel\parser\lib\index.js:10806:17)
    at TypeScriptParserMixin.parseStatementContent (C:\mahaa\node_modules\@babel\parser\lib\index.js:12929:23)
    at TypeScriptParserMixin.parseStatementContent (C:\mahaa\node_modules\@babel\parser\lib\index.js:9531:18)
    at TypeScriptParserMixin.parseStatementLike (C:\mahaa\node_modules\@babel\parser\lib\index.js:12801:17)
    at TypeScriptParserMixin.parseStatementListItem (C:\mahaa\node_modules\@babel\parser\lib\index.js:12781:17)
    at TypeScriptParserMixin.parseBlockOrModuleBlockBody (C:\mahaa\node_modules\@babel\parser\lib\index.js:13350:61)
    at TypeScriptParserMixin.parseBlockBody (C:\mahaa\node_modules\@babel\parser\lib\index.js:13343:10)
    at TypeScriptParserMixin.parseBlock (C:\mahaa\node_modules\@babel\parser\lib\index.js:13331:10)
    at TypeScriptParserMixin.parseFunctionBody (C:\mahaa\node_modules\@babel\parser\lib\index.js:12134:24)
    at TypeScriptParserMixin.parseFunctionBodyAndFinish (C:\mahaa\node_modules\@babel\parser\lib\index.js:12120:10)
    at TypeScriptParserMixin.parseFunctionBodyAndFinish (C:\mahaa\node_modules\@babel\parser\lib\index.js:9195:18)
    at C:\mahaa\node_modules\@babel\parser\lib\index.js:13479:12
    at TypeScriptParserMixin.withSmartMixTopicForbiddingContext (C:\mahaa\node_modules\@babel\parser\lib\index.js:12437:14)
    at TypeScriptParserMixin.parseFunction (C:\mahaa\node_modules\@babel\parser\lib\index.js:13478:10)
    at TypeScriptParserMixin.parseFunctionStatement (C:\mahaa\node_modules\@babel\parser\lib\index.js:13159:17)
    at TypeScriptParserMixin.parseStatementContent (C:\mahaa\node_modules\@babel\parser\lib\index.js:12825:21)
    at TypeScriptParserMixin.parseStatementContent (C:\mahaa\node_modules\@babel\parser\lib\index.js:9531:18)
    at TypeScriptParserMixin.parseStatementLike (C:\mahaa\node_modules\@babel\parser\lib\index.js:12801:17)
    at TypeScriptParserMixin.parseStatementListItem (C:\mahaa\node_modules\@babel\parser\lib\index.js:12781:17)
    at TypeScriptParserMixin.parseExportDeclaration (C:\mahaa\node_modules\@babel\parser\lib\index.js:13968:17)
    at TypeScriptParserMixin.parseExportDeclaration (C:\mahaa\node_modules\@babel\parser\lib\index.js:9652:85)
    at TypeScriptParserMixin.maybeParseExportDeclaration (C:\mahaa\node_modules\@babel\parser\lib\index.js:13927:31)
    at TypeScriptParserMixin.parseExport (C:\mahaa\node_modules\@babel\parser\lib\index.js:13846:29)
    at TypeScriptParserMixin.parseExport (C:\mahaa\node_modules\@babel\parser\lib\index.js:9408:20)
    at TypeScriptParserMixin.parseStatementContent (C:\mahaa\node_modules\@babel\parser\lib\index.js:12912:27)
    at TypeScriptParserMixin.parseStatementContent (C:\mahaa\node_modules\@babel\parser\lib\index.js:9531:18)
    at TypeScriptParserMixin.parseStatementLike (C:\mahaa\node_modules\@babel\parser\lib\index.js:12801:17)
    at TypeScriptParserMixin.parseModuleItem (C:\mahaa\node_modules\@babel\parser\lib\index.js:12778:17)
    at TypeScriptParserMixin.parseBlockOrModuleBlockBody (C:\mahaa\node_modules\@babel\parser\lib\index.js:13350:36)
Web  ERROR  [TransformError: SyntaxError: C:\mahaa\src\features\stories\StoryViewer.tsx: Unexpected token, expected "," (220:2)

  218 | }
  219 |
> 220 |   }, [currentStory, currentIndex, isPaused, handleNext, progressAnim]);
      |   ^
  221 |
  222 |   if (!currentStory) return null;
  223 |]
Web  ERROR  [TransformError: SyntaxError: C:\mahaa\src\features\stories\StoryViewer.tsx: Unexpected token, expected "," (220:2)

  218 | }
  219 |
> 220 |   }, [currentStory, currentIndex, isPaused, handleNext, progressAnim]);
      |   ^
  221 |
  222 |   if (!currentStory) return null;
  223 |]
Web  ERROR  [TransformError: SyntaxError: C:\mahaa\src\features\stories\StoryViewer.tsx: Unexpected token, expected "," (220:2)

  218 | }
  219 |
> 220 |   }, [currentStory, currentIndex, isPaused, handleNext, progressAnim]);
      |   ^
  221 |
  222 |   if (!currentStory) return null;
  223 |]
 ERROR  SyntaxError: C:\mahaa\src\features\stories\StoryViewer.tsx: Unexpected token, expected "," (220:2)

  218 | }
  219 |
> 220 |   }, [currentStory, currentIndex, isPaused, handleNext, progressAnim]);
      |   ^
  221 |
  222 |   if (!currentStory) return null;
  223 |
    at constructor (C:\mahaa\node_modules\@babel\parser\lib\index.js:369:19)
    at TypeScriptParserMixin.raise (C:\mahaa\node_modules\@babel\parser\lib\index.js:6622:19)
    at TypeScriptParserMixin.unexpected (C:\mahaa\node_modules\@babel\parser\lib\index.js:6642:16)
    at TypeScriptParserMixin.expect (C:\mahaa\node_modules\@babel\parser\lib\index.js:6922:12)
    at TypeScriptParserMixin.parseCallExpressionArguments (C:\mahaa\node_modules\@babel\parser\lib\index.js:11274:14)
    at TypeScriptParserMixin.parseCoverCallAndAsyncArrowHead (C:\mahaa\node_modules\@babel\parser\lib\index.js:11217:29)
    at TypeScriptParserMixin.parseSubscript (C:\mahaa\node_modules\@babel\parser\lib\index.js:11146:19)
    at TypeScriptParserMixin.parseSubscript (C:\mahaa\node_modules\@babel\parser\lib\index.js:9295:18)
    at TypeScriptParserMixin.parseSubscripts (C:\mahaa\node_modules\@babel\parser\lib\index.js:11120:19)
    at TypeScriptParserMixin.parseExprSubscripts (C:\mahaa\node_modules\@babel\parser\lib\index.js:11111:17)
    at TypeScriptParserMixin.parseUpdate (C:\mahaa\node_modules\@babel\parser\lib\index.js:11092:21)
    at TypeScriptParserMixin.parseMaybeUnary (C:\mahaa\node_modules\@babel\parser\lib\index.js:11072:23)
    at TypeScriptParserMixin.parseMaybeUnary (C:\mahaa\node_modules\@babel\parser\lib\index.js:9860:18)
    at TypeScriptParserMixin.parseMaybeUnaryOrPrivate (C:\mahaa\node_modules\@babel\parser\lib\index.js:10925:61)
    at TypeScriptParserMixin.parseExprOps (C:\mahaa\node_modules\@babel\parser\lib\index.js:10930:23)
    at TypeScriptParserMixin.parseMaybeConditional (C:\mahaa\node_modules\@babel\parser\lib\index.js:10907:23)
    at TypeScriptParserMixin.parseMaybeAssign (C:\mahaa\node_modules\@babel\parser\lib\index.js:10857:21)
    at TypeScriptParserMixin.parseMaybeAssign (C:\mahaa\node_modules\@babel\parser\lib\index.js:9809:20)
    at TypeScriptParserMixin.parseExpressionBase (C:\mahaa\node_modules\@babel\parser\lib\index.js:10810:23)
    at C:\mahaa\node_modules\@babel\parser\lib\index.js:10806:39
    at TypeScriptParserMixin.allowInAnd (C:\mahaa\node_modules\@babel\parser\lib\index.js:12455:16)
    at TypeScriptParserMixin.parseExpression (C:\mahaa\node_modules\@babel\parser\lib\index.js:10806:17)
    at TypeScriptParserMixin.parseStatementContent (C:\mahaa\node_modules\@babel\parser\lib\index.js:12929:23)
    at TypeScriptParserMixin.parseStatementContent (C:\mahaa\node_modules\@babel\parser\lib\index.js:9531:18)
    at TypeScriptParserMixin.parseStatementLike (C:\mahaa\node_modules\@babel\parser\lib\index.js:12801:17)
    at TypeScriptParserMixin.parseStatementListItem (C:\mahaa\node_modules\@babel\parser\lib\index.js:12781:17)
    at TypeScriptParserMixin.parseBlockOrModuleBlockBody (C:\mahaa\node_modules\@babel\parser\lib\index.js:13350:61)
    at TypeScriptParserMixin.parseBlockBody (C:\mahaa\node_modules\@babel\parser\lib\index.js:13343:10)
    at TypeScriptParserMixin.parseBlock (C:\mahaa\node_modules\@babel\parser\lib\index.js:13331:10)
    at TypeScriptParserMixin.parseFunctionBody (C:\mahaa\node_modules\@babel\parser\lib\index.js:12134:24)
    at TypeScriptParserMixin.parseFunctionBodyAndFinish (C:\mahaa\node_modules\@babel\parser\lib\index.js:12120:10)
    at TypeScriptParserMixin.parseFunctionBodyAndFinish (C:\mahaa\node_modules\@babel\parser\lib\index.js:9195:18)
    at C:\mahaa\node_modules\@babel\parser\lib\index.js:13479:12
    at TypeScriptParserMixin.withSmartMixTopicForbiddingContext (C:\mahaa\node_modules\@babel\parser\lib\index.js:12437:14)
    at TypeScriptParserMixin.parseFunction (C:\mahaa\node_modules\@babel\parser\lib\index.js:13478:10)
    at TypeScriptParserMixin.parseFunctionStatement (C:\mahaa\node_modules\@babel\parser\lib\index.js:13159:17)
    at TypeScriptParserMixin.parseStatementContent (C:\mahaa\node_modules\@babel\parser\lib\index.js:12825:21)
    at TypeScriptParserMixin.parseStatementContent (C:\mahaa\node_modules\@babel\parser\lib\index.js:9531:18)
    at TypeScriptParserMixin.parseStatementLike (C:\mahaa\node_modules\@babel\parser\lib\index.js:12801:17)
    at TypeScriptParserMixin.parseStatementListItem (C:\mahaa\node_modules\@babel\parser\lib\index.js:12781:17)
    at TypeScriptParserMixin.parseExportDeclaration (C:\mahaa\node_modules\@babel\parser\lib\index.js:13968:17)
    at TypeScriptParserMixin.parseExportDeclaration (C:\mahaa\node_modules\@babel\parser\lib\index.js:9652:85)
    at TypeScriptParserMixin.maybeParseExportDeclaration (C:\mahaa\node_modules\@babel\parser\lib\index.js:13927:31)
    at TypeScriptParserMixin.parseExport (C:\mahaa\node_modules\@babel\parser\lib\index.js:13846:29)
    at TypeScriptParserMixin.parseExport (C:\mahaa\node_modules\@babel\parser\lib\index.js:9408:20)
    at TypeScriptParserMixin.parseStatementContent (C:\mahaa\node_modules\@babel\parser\lib\index.js:12912:27)
    at TypeScriptParserMixin.parseStatementContent (C:\mahaa\node_modules\@babel\parser\lib\index.js:9531:18)
    at TypeScriptParserMixin.parseStatementLike (C:\mahaa\node_modules\@babel\parser\lib\index.js:12801:17)
    at TypeScriptParserMixin.parseModuleItem (C:\mahaa\node_modules\@babel\parser\lib\index.js:12778:17)
    at TypeScriptParserMixin.parseBlockOrModuleBlockBody (C:\mahaa\node_modules\@babel\parser\lib\index.js:13350:36)
Web  ERROR  [TransformError: SyntaxError: C:\mahaa\src\features\stories\StoryViewer.tsx: Unexpected token, expected "," (220:2)

  218 | }
  219 |
> 220 |   }, [currentStory, currentIndex, isPaused, handleNext, progressAnim]);
      |   ^
  221 |
  222 |   if (!currentStory) return null;
  223 |]
Web  ERROR  [TransformError: SyntaxError: C:\mahaa\src\features\stories\StoryViewer.tsx: Unexpected token, expected "," (220:2)

  218 | }
  219 |
> 220 |   }, [currentStory, currentIndex, isPaused, handleNext, progressAnim]);
      |   ^
  221 |
  222 |   if (!currentStory) return null;
  223 |]
Web  ERROR  [TransformError: SyntaxError: C:\mahaa\src\features\stories\StoryViewer.tsx: Unexpected token, expected "," (220:2)

  218 | }
  219 |
> 220 |   }, [currentStory, currentIndex, isPaused, handleNext, progressAnim]);
      |   ^
  221 |
  222 |   if (!currentStory) return null;
  223 |]
 ERROR  SyntaxError: C:\mahaa\src\features\stories\StoryViewer.tsx: Unexpected token, expected "," (220:2)

  218 | }
  219 |
> 220 |   }, [currentStory, currentIndex, isPaused, handleNext, progressAnim]);
      |   ^
  221 |
  222 |   if (!currentStory) return null;
  223 |
    at constructor (C:\mahaa\node_modules\@babel\parser\lib\index.js:369:19)
    at TypeScriptParserMixin.raise (C:\mahaa\node_modules\@babel\parser\lib\index.js:6622:19)
    at TypeScriptParserMixin.unexpected (C:\mahaa\node_modules\@babel\parser\lib\index.js:6642:16)
    at TypeScriptParserMixin.expect (C:\mahaa\node_modules\@babel\parser\lib\index.js:6922:12)
    at TypeScriptParserMixin.parseCallExpressionArguments (C:\mahaa\node_modules\@babel\parser\lib\index.js:11274:14)
    at TypeScriptParserMixin.parseCoverCallAndAsyncArrowHead (C:\mahaa\node_modules\@babel\parser\lib\index.js:11217:29)
    at TypeScriptParserMixin.parseSubscript (C:\mahaa\node_modules\@babel\parser\lib\index.js:11146:19)
    at TypeScriptParserMixin.parseSubscript (C:\mahaa\node_modules\@babel\parser\lib\index.js:9295:18)
    at TypeScriptParserMixin.parseSubscripts (C:\mahaa\node_modules\@babel\parser\lib\index.js:11120:19)
    at TypeScriptParserMixin.parseExprSubscripts (C:\mahaa\node_modules\@babel\parser\lib\index.js:11111:17)
    at TypeScriptParserMixin.parseUpdate (C:\mahaa\node_modules\@babel\parser\lib\index.js:11092:21)
    at TypeScriptParserMixin.parseMaybeUnary (C:\mahaa\node_modules\@babel\parser\lib\index.js:11072:23)
    at TypeScriptParserMixin.parseMaybeUnary (C:\mahaa\node_modules\@babel\parser\lib\index.js:9860:18)
    at TypeScriptParserMixin.parseMaybeUnaryOrPrivate (C:\mahaa\node_modules\@babel\parser\lib\index.js:10925:61)
    at TypeScriptParserMixin.parseExprOps (C:\mahaa\node_modules\@babel\parser\lib\index.js:10930:23)
    at TypeScriptParserMixin.parseMaybeConditional (C:\mahaa\node_modules\@babel\parser\lib\index.js:10907:23)
    at TypeScriptParserMixin.parseMaybeAssign (C:\mahaa\node_modules\@babel\parser\lib\index.js:10857:21)
    at TypeScriptParserMixin.parseMaybeAssign (C:\mahaa\node_modules\@babel\parser\lib\index.js:9809:20)
    at TypeScriptParserMixin.parseExpressionBase (C:\mahaa\node_modules\@babel\parser\lib\index.js:10810:23)
    at C:\mahaa\node_modules\@babel\parser\lib\index.js:10806:39
    at TypeScriptParserMixin.allowInAnd (C:\mahaa\node_modules\@babel\parser\lib\index.js:12455:16)
    at TypeScriptParserMixin.parseExpression (C:\mahaa\node_modules\@babel\parser\lib\index.js:10806:17)
    at TypeScriptParserMixin.parseStatementContent (C:\mahaa\node_modules\@babel\parser\lib\index.js:12929:23)
    at TypeScriptParserMixin.parseStatementContent (C:\mahaa\node_modules\@babel\parser\lib\index.js:9531:18)
    at TypeScriptParserMixin.parseStatementLike (C:\mahaa\node_modules\@babel\parser\lib\index.js:12801:17)
    at TypeScriptParserMixin.parseStatementListItem (C:\mahaa\node_modules\@babel\parser\lib\index.js:12781:17)
    at TypeScriptParserMixin.parseBlockOrModuleBlockBody (C:\mahaa\node_modules\@babel\parser\lib\index.js:13350:61)
    at TypeScriptParserMixin.parseBlockBody (C:\mahaa\node_modules\@babel\parser\lib\index.js:13343:10)
    at TypeScriptParserMixin.parseBlock (C:\mahaa\node_modules\@babel\parser\lib\index.js:13331:10)
    at TypeScriptParserMixin.parseFunctionBody (C:\mahaa\node_modules\@babel\parser\lib\index.js:12134:24)
    at TypeScriptParserMixin.parseFunctionBodyAndFinish (C:\mahaa\node_modules\@babel\parser\lib\index.js:12120:10)
    at TypeScriptParserMixin.parseFunctionBodyAndFinish (C:\mahaa\node_modules\@babel\parser\lib\index.js:9195:18)
    at C:\mahaa\node_modules\@babel\parser\lib\index.js:13479:12
    at TypeScriptParserMixin.withSmartMixTopicForbiddingContext (C:\mahaa\node_modules\@babel\parser\lib\index.js:12437:14)
    at TypeScriptParserMixin.parseFunction (C:\mahaa\node_modules\@babel\parser\lib\index.js:13478:10)
    at TypeScriptParserMixin.parseFunctionStatement (C:\mahaa\node_modules\@babel\parser\lib\index.js:13159:17)
    at TypeScriptParserMixin.parseStatementContent (C:\mahaa\node_modules\@babel\parser\lib\index.js:12825:21)
    at TypeScriptParserMixin.parseStatementContent (C:\mahaa\node_modules\@babel\parser\lib\index.js:9531:18)
    at TypeScriptParserMixin.parseStatementLike (C:\mahaa\node_modules\@babel\parser\lib\index.js:12801:17)
    at TypeScriptParserMixin.parseStatementListItem (C:\mahaa\node_modules\@babel\parser\lib\index.js:12781:17)
    at TypeScriptParserMixin.parseExportDeclaration (C:\mahaa\node_modules\@babel\parser\lib\index.js:13968:17)
    at TypeScriptParserMixin.parseExportDeclaration (C:\mahaa\node_modules\@babel\parser\lib\index.js:9652:85)
    at TypeScriptParserMixin.maybeParseExportDeclaration (C:\mahaa\node_modules\@babel\parser\lib\index.js:13927:31)
    at TypeScriptParserMixin.parseExport (C:\mahaa\node_modules\@babel\parser\lib\index.js:13846:29)
    at TypeScriptParserMixin.parseExport (C:\mahaa\node_modules\@babel\parser\lib\index.js:9408:20)
    at TypeScriptParserMixin.parseStatementContent (C:\mahaa\node_modules\@babel\parser\lib\index.js:12912:27)
    at TypeScriptParserMixin.parseStatementContent (C:\mahaa\node_modules\@babel\parser\lib\index.js:9531:18)
    at TypeScriptParserMixin.parseStatementLike (C:\mahaa\node_modules\@babel\parser\lib\index.js:12801:17)
    at TypeScriptParserMixin.parseModuleItem (C:\mahaa\node_modules\@babel\parser\lib\index.js:12778:17)
    at TypeScriptParserMixin.parseBlockOrModuleBlockBody (C:\mahaa\node_modules\@babel\parser\lib\index.js:13350:36)
Web  ERROR  [TransformError: SyntaxError: C:\mahaa\src\features\stories\StoryViewer.tsx: Unexpected token, expected "," (220:2)

  218 | }
  219 |
> 220 |   }, [currentStory, currentIndex, isPaused, handleNext, progressAnim]);
      |   ^
  221 |
  222 |   if (!currentStory) return null;
  223 |]
Web  ERROR  [TransformError: SyntaxError: C:\mahaa\src\features\stories\StoryViewer.tsx: Unexpected token, expected "," (220:2)

  218 | }
  219 |
> 220 |   }, [currentStory, currentIndex, isPaused, handleNext, progressAnim]);
      |   ^
  221 |
  222 |   if (!currentStory) return null;
  223 |]
Web  ERROR  [TransformError: SyntaxError: C:\mahaa\src\features\stories\StoryViewer.tsx: Unexpected token, expected "," (220:2)

  218 | }
  219 |
> 220 |   }, [currentStory, currentIndex, isPaused, handleNext, progressAnim]);
      |   ^
  221 |
  222 |   if (!currentStory) return null;
  223 |]
 ERROR  SyntaxError: C:\mahaa\src\features\stories\StoryViewer.tsx: Unexpected token, expected "," (220:2)

  218 | }
  219 |
> 220 |   }, [currentStory, currentIndex, isPaused, handleNext, progressAnim]);
      |   ^
  221 |
  222 |   if (!currentStory) return null;
  223 |
    at constructor (C:\mahaa\node_modules\@babel\parser\lib\index.js:369:19)
    at TypeScriptParserMixin.raise (C:\mahaa\node_modules\@babel\parser\lib\index.js:6622:19)
    at TypeScriptParserMixin.unexpected (C:\mahaa\node_modules\@babel\parser\lib\index.js:6642:16)
    at TypeScriptParserMixin.expect (C:\mahaa\node_modules\@babel\parser\lib\index.js:6922:12)
    at TypeScriptParserMixin.parseCallExpressionArguments (C:\mahaa\node_modules\@babel\parser\lib\index.js:11274:14)
    at TypeScriptParserMixin.parseCoverCallAndAsyncArrowHead (C:\mahaa\node_modules\@babel\parser\lib\index.js:11217:29)
    at TypeScriptParserMixin.parseSubscript (C:\mahaa\node_modules\@babel\parser\lib\index.js:11146:19)
    at TypeScriptParserMixin.parseSubscript (C:\mahaa\node_modules\@babel\parser\lib\index.js:9295:18)
    at TypeScriptParserMixin.parseSubscripts (C:\mahaa\node_modules\@babel\parser\lib\index.js:11120:19)
    at TypeScriptParserMixin.parseExprSubscripts (C:\mahaa\node_modules\@babel\parser\lib\index.js:11111:17)
    at TypeScriptParserMixin.parseUpdate (C:\mahaa\node_modules\@babel\parser\lib\index.js:11092:21)
    at TypeScriptParserMixin.parseMaybeUnary (C:\mahaa\node_modules\@babel\parser\lib\index.js:11072:23)
    at TypeScriptParserMixin.parseMaybeUnary (C:\mahaa\node_modules\@babel\parser\lib\index.js:9860:18)
    at TypeScriptParserMixin.parseMaybeUnaryOrPrivate (C:\mahaa\node_modules\@babel\parser\lib\index.js:10925:61)
    at TypeScriptParserMixin.parseExprOps (C:\mahaa\node_modules\@babel\parser\lib\index.js:10930:23)
    at TypeScriptParserMixin.parseMaybeConditional (C:\mahaa\node_modules\@babel\parser\lib\index.js:10907:23)
    at TypeScriptParserMixin.parseMaybeAssign (C:\mahaa\node_modules\@babel\parser\lib\index.js:10857:21)
    at TypeScriptParserMixin.parseMaybeAssign (C:\mahaa\node_modules\@babel\parser\lib\index.js:9809:20)
    at TypeScriptParserMixin.parseExpressionBase (C:\mahaa\node_modules\@babel\parser\lib\index.js:10810:23)
    at C:\mahaa\node_modules\@babel\parser\lib\index.js:10806:39
    at TypeScriptParserMixin.allowInAnd (C:\mahaa\node_modules\@babel\parser\lib\index.js:12455:16)
    at TypeScriptParserMixin.parseExpression (C:\mahaa\node_modules\@babel\parser\lib\index.js:10806:17)
    at TypeScriptParserMixin.parseStatementContent (C:\mahaa\node_modules\@babel\parser\lib\index.js:12929:23)
    at TypeScriptParserMixin.parseStatementContent (C:\mahaa\node_modules\@babel\parser\lib\index.js:9531:18)
    at TypeScriptParserMixin.parseStatementLike (C:\mahaa\node_modules\@babel\parser\lib\index.js:12801:17)
    at TypeScriptParserMixin.parseStatementListItem (C:\mahaa\node_modules\@babel\parser\lib\index.js:12781:17)
    at TypeScriptParserMixin.parseBlockOrModuleBlockBody (C:\mahaa\node_modules\@babel\parser\lib\index.js:13350:61)
    at TypeScriptParserMixin.parseBlockBody (C:\mahaa\node_modules\@babel\parser\lib\index.js:13343:10)
    at TypeScriptParserMixin.parseBlock (C:\mahaa\node_modules\@babel\parser\lib\index.js:13331:10)
    at TypeScriptParserMixin.parseFunctionBody (C:\mahaa\node_modules\@babel\parser\lib\index.js:12134:24)
    at TypeScriptParserMixin.parseFunctionBodyAndFinish (C:\mahaa\node_modules\@babel\parser\lib\index.js:12120:10)
    at TypeScriptParserMixin.parseFunctionBodyAndFinish (C:\mahaa\node_modules\@babel\parser\lib\index.js:9195:18)
    at C:\mahaa\node_modules\@babel\parser\lib\index.js:13479:12
    at TypeScriptParserMixin.withSmartMixTopicForbiddingContext (C:\mahaa\node_modules\@babel\parser\lib\index.js:12437:14)
    at TypeScriptParserMixin.parseFunction (C:\mahaa\node_modules\@babel\parser\lib\index.js:13478:10)
    at TypeScriptParserMixin.parseFunctionStatement (C:\mahaa\node_modules\@babel\parser\lib\index.js:13159:17)
    at TypeScriptParserMixin.parseStatementContent (C:\mahaa\node_modules\@babel\parser\lib\index.js:12825:21)
    at TypeScriptParserMixin.parseStatementContent (C:\mahaa\node_modules\@babel\parser\lib\index.js:9531:18)
    at TypeScriptParserMixin.parseStatementLike (C:\mahaa\node_modules\@babel\parser\lib\index.js:12801:17)
    at TypeScriptParserMixin.parseStatementListItem (C:\mahaa\node_modules\@babel\parser\lib\index.js:12781:17)
    at TypeScriptParserMixin.parseExportDeclaration (C:\mahaa\node_modules\@babel\parser\lib\index.js:13968:17)
    at TypeScriptParserMixin.parseExportDeclaration (C:\mahaa\node_modules\@babel\parser\lib\index.js:9652:85)
    at TypeScriptParserMixin.maybeParseExportDeclaration (C:\mahaa\node_modules\@babel\parser\lib\index.js:13927:31)
    at TypeScriptParserMixin.parseExport (C:\mahaa\node_modules\@babel\parser\lib\index.js:13846:29)
    at TypeScriptParserMixin.parseExport (C:\mahaa\node_modules\@babel\parser\lib\index.js:9408:20)
    at TypeScriptParserMixin.parseStatementContent (C:\mahaa\node_modules\@babel\parser\lib\index.js:12912:27)
    at TypeScriptParserMixin.parseStatementContent (C:\mahaa\node_modules\@babel\parser\lib\index.js:9531:18)
    at TypeScriptParserMixin.parseStatementLike (C:\mahaa\node_modules\@babel\parser\lib\index.js:12801:17)
    at TypeScriptParserMixin.parseModuleItem (C:\mahaa\node_modules\@babel\parser\lib\index.js:12778:17)
    at TypeScriptParserMixin.parseBlockOrModuleBlockBody (C:\mahaa\node_modules\@babel\parser\lib\index.js:13350:36)
Web  ERROR  [TransformError: SyntaxError: C:\mahaa\src\features\stories\StoryViewer.tsx: Unexpected token, expected "," (220:2)

  218 | }
  219 |
> 220 |   }, [currentStory, currentIndex, isPaused, handleNext, progressAnim]);
      |   ^
  221 |
  222 |   if (!currentStory) return null;
  223 |]
Web  ERROR  [TransformError: SyntaxError: C:\mahaa\src\features\stories\StoryViewer.tsx: Unexpected token, expected "," (220:2)

  218 | }
  219 |
> 220 |   }, [currentStory, currentIndex, isPaused, handleNext, progressAnim]);
      |   ^
  221 |
  222 |   if (!currentStory) return null;
  223 |]
Web  ERROR  [TransformError: SyntaxError: C:\mahaa\src\features\stories\StoryViewer.tsx: Unexpected token, expected "," (220:2)

  218 | }
  219 |
> 220 |   }, [currentStory, currentIndex, isPaused, handleNext, progressAnim]);
      |   ^
  221 |
  222 |   if (!currentStory) return null;
  223 |]
 ERROR  SyntaxError: C:\mahaa\src\features\stories\StoryViewer.tsx: Unexpected token (228:2)

  226 | }
  227 |
> 228 |   }, [currentStory, currentIndex, isPaused, handleNext, progressAnim]);
      |   ^
  229 |
  230 |   if (!currentStory) return null;
  231 |
    at constructor (C:\mahaa\node_modules\@babel\parser\lib\index.js:369:19)
    at TypeScriptParserMixin.raise (C:\mahaa\node_modules\@babel\parser\lib\index.js:6622:19)
    at TypeScriptParserMixin.unexpected (C:\mahaa\node_modules\@babel\parser\lib\index.js:6642:16)
    at TypeScriptParserMixin.parseExprAtom (C:\mahaa\node_modules\@babel\parser\lib\index.js:11473:22)
    at TypeScriptParserMixin.parseExprAtom (C:\mahaa\node_modules\@babel\parser\lib\index.js:4782:20)
    at TypeScriptParserMixin.parseExprSubscripts (C:\mahaa\node_modules\@babel\parser\lib\index.js:11107:23)
    at TypeScriptParserMixin.parseUpdate (C:\mahaa\node_modules\@babel\parser\lib\index.js:11092:21)
    at TypeScriptParserMixin.parseMaybeUnary (C:\mahaa\node_modules\@babel\parser\lib\index.js:11072:23)
    at TypeScriptParserMixin.parseMaybeUnary (C:\mahaa\node_modules\@babel\parser\lib\index.js:9860:18)
    at TypeScriptParserMixin.parseMaybeUnaryOrPrivate (C:\mahaa\node_modules\@babel\parser\lib\index.js:10925:61)
    at TypeScriptParserMixin.parseExprOps (C:\mahaa\node_modules\@babel\parser\lib\index.js:10930:23)
    at TypeScriptParserMixin.parseMaybeConditional (C:\mahaa\node_modules\@babel\parser\lib\index.js:10907:23)
    at TypeScriptParserMixin.parseMaybeAssign (C:\mahaa\node_modules\@babel\parser\lib\index.js:10857:21)
    at TypeScriptParserMixin.parseMaybeAssign (C:\mahaa\node_modules\@babel\parser\lib\index.js:9809:20)
    at TypeScriptParserMixin.parseExpressionBase (C:\mahaa\node_modules\@babel\parser\lib\index.js:10810:23)
    at C:\mahaa\node_modules\@babel\parser\lib\index.js:10806:39
    at TypeScriptParserMixin.allowInAnd (C:\mahaa\node_modules\@babel\parser\lib\index.js:12455:16)
    at TypeScriptParserMixin.parseExpression (C:\mahaa\node_modules\@babel\parser\lib\index.js:10806:17)
    at TypeScriptParserMixin.parseStatementContent (C:\mahaa\node_modules\@babel\parser\lib\index.js:12929:23)
    at TypeScriptParserMixin.parseStatementContent (C:\mahaa\node_modules\@babel\parser\lib\index.js:9531:18)
    at TypeScriptParserMixin.parseStatementLike (C:\mahaa\node_modules\@babel\parser\lib\index.js:12801:17)
    at TypeScriptParserMixin.parseModuleItem (C:\mahaa\node_modules\@babel\parser\lib\index.js:12778:17)
    at TypeScriptParserMixin.parseBlockOrModuleBlockBody (C:\mahaa\node_modules\@babel\parser\lib\index.js:13350:36)
    at TypeScriptParserMixin.parseBlockBody (C:\mahaa\node_modules\@babel\parser\lib\index.js:13343:10)
    at TypeScriptParserMixin.parseProgram (C:\mahaa\node_modules\@babel\parser\lib\index.js:12656:10)
    at TypeScriptParserMixin.parseTopLevel (C:\mahaa\node_modules\@babel\parser\lib\index.js:12646:25)
    at TypeScriptParserMixin.parse (C:\mahaa\node_modules\@babel\parser\lib\index.js:14522:25)
    at TypeScriptParserMixin.parse (C:\mahaa\node_modules\@babel\parser\lib\index.js:10149:18)
    at parse (C:\mahaa\node_modules\@babel\parser\lib\index.js:14535:26)
    at parser (C:\mahaa\node_modules\@babel\core\lib\parser\index.js:41:34)
    at parser.next (<anonymous>)
    at normalizeFile (C:\mahaa\node_modules\@babel\core\lib\transformation\normalize-file.js:51:37)
    at normalizeFile.next (<anonymous>)
    at run (C:\mahaa\node_modules\@babel\core\lib\transformation\index.js:22:50)
    at run.next (<anonymous>)
    at transform (C:\mahaa\node_modules\@babel\core\lib\transform.js:22:33)
    at transform.next (<anonymous>)
    at evaluateSync (C:\mahaa\node_modules\gensync\index.js:251:28)
    at sync (C:\mahaa\node_modules\gensync\index.js:89:14)
    at stopHiding - secret - don't use this - v1 (C:\mahaa\node_modules\@babel\core\lib\errors\rewrite-stack-trace.js:47:12)
    at Object.transformSync (C:\mahaa\node_modules\@babel\core\lib\transform.js:40:76)
    at parseWithBabel (C:\mahaa\node_modules\@expo\metro-config\build\transformSync.js:75:18)
    at transformSync (C:\mahaa\node_modules\@expo\metro-config\build\transformSync.js:54:16)
    at Object.transform (C:\mahaa\node_modules\@expo\metro-config\build\babel-transformer.js:146:58)
    at transformJSWithBabel (C:\mahaa\node_modules\@expo\metro-config\build\transform-worker\metro-transform-worker.js:495:47)
    at Object.transform (C:\mahaa\node_modules\@expo\metro-config\build\transform-worker\metro-transform-worker.js:614:12)
    at Object.transform (C:\mahaa\node_modules\@expo\metro-config\build\transform-worker\transform-worker.js:179:19)
    at transformFile (C:\mahaa\node_modules\metro\src\DeltaBundler\Worker.flow.js:67:36)
    at Object.transform (C:\mahaa\node_modules\metro\src\DeltaBundler\Worker.flow.js:42:10)
    at execFunction (C:\mahaa\node_modules\jest-worker\build\workers\threadChild.js:167:17)
Web  ERROR  [TransformError: SyntaxError: C:\mahaa\src\features\stories\StoryViewer.tsx: Unexpected token (228:2)

  226 | }
  227 |
> 228 |   }, [currentStory, currentIndex, isPaused, handleNext, progressAnim]);
      |   ^
  229 |
  230 |   if (!currentStory) return null;
  231 |]
Web  ERROR  [TransformError: SyntaxError: C:\mahaa\src\features\stories\StoryViewer.tsx: Unexpected token (228:2)

  226 | }
  227 |
> 228 |   }, [currentStory, currentIndex, isPaused, handleNext, progressAnim]);
      |   ^
  229 |
  230 |   if (!currentStory) return null;
  231 |]
Web  ERROR  [TransformError: SyntaxError: C:\mahaa\src\features\stories\StoryViewer.tsx: Unexpected token (228:2)

  226 | }
  227 |
> 228 |   }, [currentStory, currentIndex, isPaused, handleNext, progressAnim]);
      |   ^
  229 |
  230 |   if (!currentStory) return null;
  231 |]
 ERROR  SyntaxError: C:\mahaa\src\features\stories\StoryViewer.tsx: Unexpected token (228:2)

  226 | }
  227 |
> 228 |   }, [currentStory, currentIndex, isPaused, handleNext, progressAnim]);
      |   ^
  229 |
  230 |   if (!currentStory) return null;
  231 |
    at constructor (C:\mahaa\node_modules\@babel\parser\lib\index.js:369:19)
    at TypeScriptParserMixin.raise (C:\mahaa\node_modules\@babel\parser\lib\index.js:6622:19)
    at TypeScriptParserMixin.unexpected (C:\mahaa\node_modules\@babel\parser\lib\index.js:6642:16)
    at TypeScriptParserMixin.parseExprAtom (C:\mahaa\node_modules\@babel\parser\lib\index.js:11473:22)
    at TypeScriptParserMixin.parseExprAtom (C:\mahaa\node_modules\@babel\parser\lib\index.js:4782:20)
    at TypeScriptParserMixin.parseExprSubscripts (C:\mahaa\node_modules\@babel\parser\lib\index.js:11107:23)
    at TypeScriptParserMixin.parseUpdate (C:\mahaa\node_modules\@babel\parser\lib\index.js:11092:21)
    at TypeScriptParserMixin.parseMaybeUnary (C:\mahaa\node_modules\@babel\parser\lib\index.js:11072:23)
    at TypeScriptParserMixin.parseMaybeUnary (C:\mahaa\node_modules\@babel\parser\lib\index.js:9860:18)
    at TypeScriptParserMixin.parseMaybeUnaryOrPrivate (C:\mahaa\node_modules\@babel\parser\lib\index.js:10925:61)
    at TypeScriptParserMixin.parseExprOps (C:\mahaa\node_modules\@babel\parser\lib\index.js:10930:23)
    at TypeScriptParserMixin.parseMaybeConditional (C:\mahaa\node_modules\@babel\parser\lib\index.js:10907:23)
    at TypeScriptParserMixin.parseMaybeAssign (C:\mahaa\node_modules\@babel\parser\lib\index.js:10857:21)
    at TypeScriptParserMixin.parseMaybeAssign (C:\mahaa\node_modules\@babel\parser\lib\index.js:9809:20)
    at TypeScriptParserMixin.parseExpressionBase (C:\mahaa\node_modules\@babel\parser\lib\index.js:10810:23)
    at C:\mahaa\node_modules\@babel\parser\lib\index.js:10806:39
    at TypeScriptParserMixin.allowInAnd (C:\mahaa\node_modules\@babel\parser\lib\index.js:12455:16)
    at TypeScriptParserMixin.parseExpression (C:\mahaa\node_modules\@babel\parser\lib\index.js:10806:17)
    at TypeScriptParserMixin.parseStatementContent (C:\mahaa\node_modules\@babel\parser\lib\index.js:12929:23)
    at TypeScriptParserMixin.parseStatementContent (C:\mahaa\node_modules\@babel\parser\lib\index.js:9531:18)
    at TypeScriptParserMixin.parseStatementLike (C:\mahaa\node_modules\@babel\parser\lib\index.js:12801:17)
    at TypeScriptParserMixin.parseModuleItem (C:\mahaa\node_modules\@babel\parser\lib\index.js:12778:17)
    at TypeScriptParserMixin.parseBlockOrModuleBlockBody (C:\mahaa\node_modules\@babel\parser\lib\index.js:13350:36)
    at TypeScriptParserMixin.parseBlockBody (C:\mahaa\node_modules\@babel\parser\lib\index.js:13343:10)
    at TypeScriptParserMixin.parseProgram (C:\mahaa\node_modules\@babel\parser\lib\index.js:12656:10)
    at TypeScriptParserMixin.parseTopLevel (C:\mahaa\node_modules\@babel\parser\lib\index.js:12646:25)
    at TypeScriptParserMixin.parse (C:\mahaa\node_modules\@babel\parser\lib\index.js:14522:25)
    at TypeScriptParserMixin.parse (C:\mahaa\node_modules\@babel\parser\lib\index.js:10149:18)
    at parse (C:\mahaa\node_modules\@babel\parser\lib\index.js:14535:26)
    at parser (C:\mahaa\node_modules\@babel\core\lib\parser\index.js:41:34)
    at parser.next (<anonymous>)
    at normalizeFile (C:\mahaa\node_modules\@babel\core\lib\transformation\normalize-file.js:51:37)
    at normalizeFile.next (<anonymous>)
    at run (C:\mahaa\node_modules\@babel\core\lib\transformation\index.js:22:50)
    at run.next (<anonymous>)
    at transform (C:\mahaa\node_modules\@babel\core\lib\transform.js:22:33)
    at transform.next (<anonymous>)
    at evaluateSync (C:\mahaa\node_modules\gensync\index.js:251:28)
    at sync (C:\mahaa\node_modules\gensync\index.js:89:14)
    at stopHiding - secret - don't use this - v1 (C:\mahaa\node_modules\@babel\core\lib\errors\rewrite-stack-trace.js:47:12)
    at Object.transformSync (C:\mahaa\node_modules\@babel\core\lib\transform.js:40:76)
    at parseWithBabel (C:\mahaa\node_modules\@expo\metro-config\build\transformSync.js:75:18)
    at transformSync (C:\mahaa\node_modules\@expo\metro-config\build\transformSync.js:54:16)
    at Object.transform (C:\mahaa\node_modules\@expo\metro-config\build\babel-transformer.js:146:58)
    at transformJSWithBabel (C:\mahaa\node_modules\@expo\metro-config\build\transform-worker\metro-transform-worker.js:495:47)
    at Object.transform (C:\mahaa\node_modules\@expo\metro-config\build\transform-worker\metro-transform-worker.js:614:12)
    at Object.transform (C:\mahaa\node_modules\@expo\metro-config\build\transform-worker\transform-worker.js:179:19)
    at transformFile (C:\mahaa\node_modules\metro\src\DeltaBundler\Worker.flow.js:67:36)
    at Object.transform (C:\mahaa\node_modules\metro\src\DeltaBundler\Worker.flow.js:42:10)
    at execFunction (C:\mahaa\node_modules\jest-worker\build\workers\threadChild.js:167:17)
Web  ERROR  [TransformError: SyntaxError: C:\mahaa\src\features\stories\StoryViewer.tsx: Unexpected token (228:2)

  226 | }
  227 |
> 228 |   }, [currentStory, currentIndex, isPaused, handleNext, progressAnim]);
      |   ^
  229 |
  230 |   if (!currentStory) return null;
  231 |]
Web  ERROR  [TransformError: SyntaxError: C:\mahaa\src\features\stories\StoryViewer.tsx: Unexpected token (228:2)

  226 | }
  227 |
> 228 |   }, [currentStory, currentIndex, isPaused, handleNext, progressAnim]);
      |   ^
  229 |
  230 |   if (!currentStory) return null;
  231 |]
Web  ERROR  [TransformError: SyntaxError: C:\mahaa\src\features\stories\StoryViewer.tsx: Unexpected token (228:2)

  226 | }
  227 |
> 228 |   }, [currentStory, currentIndex, isPaused, handleNext, progressAnim]);
      |   ^
  229 |
  230 |   if (!currentStory) return null;
  231 |]
λ Bundled 7435ms node_modules\expo\node_modules\@expo\cli\node_modules\@expo\router-server\node\render.js (1 module)
Web Bundled 9315ms node_modules\expo-router\entry.js (1 module)
Web Bundled 321ms node_modules\expo-router\entry.js (1 module)
Web  INFO  %cDownload the React DevTools for a better development experience: https://react.dev/link/react-devtools font-weight:bold
Web  LOG  Running application "main" with appParams:
 {"hydrate": undefined, "rootTag": "#root"} 
Development-level warnings: ON.
Performance optimizations: OFF.
Web  WARN  "shadow*" style props are deprecated. Use "boxShadow".
λ Bundled 121ms node_modules\expo\node_modules\@expo\cli\node_modules\@expo\router-server\node\render.js (1 module)
Web Bundled 853ms node_modules\expo-router\entry.js (1 module)
Web Bundled 159ms node_modules\expo-router\entry.js (1 module)
Web  INFO  %cDownload the React DevTools for a better development experience: https://react.dev/link/react-devtools font-weight:bold
Web  LOG  Running application "main" with appParams:
 {"hydrate": undefined, "rootTag": "#root"} 
Development-level warnings: ON.
Performance optimizations: OFF.
Web  WARN  "shadow*" style props are deprecated. Use "boxShadow".
λ Bundled 2266ms node_modules\expo\node_modules\@expo\cli\node_modules\@expo\router-server\node\render.js (1 module)
Web Bundled 4200ms node_modules\expo-router\entry.js (1 module)
Web Bundled 797ms node_modules\expo-router\entry.js (1 module)
Web  INFO  %cDownload the React DevTools for a better development experience: https://react.dev/link/react-devtools font-weight:bold
Web  LOG  Running application "main" with appParams:
 {"hydrate": undefined, "rootTag": "#root"} 
Development-level warnings: ON.
Performance optimizations: OFF.
Web  WARN  "shadow*" style props are deprecated. Use "boxShadow".
Web  WARN  An error occurred in the <DashboardHeader> component.

Consider adding an error boundary to your tree to customize error handling behavior.
Visit https://react.dev/link/error-boundaries to learn more about error boundaries.
Web  ERROR  [ReferenceError: expanded is not defined] 

Code: DashboardHeader.tsx
[0m [90m 127 |[39m       [33m<[39m[33m/[39m[33mView[39m[33m>[39m
 [90m 128 |[39m
[31m[1m>[22m[39m[90m 129 |[39m       {expanded [33m?[39m (
 [90m     |[39m        [31m[1m^[22m[39m
 [90m 130 |[39m         [33m<[39m[33mView[39m style[33m=[39m{styles[33m.[39msearchResults}[33m>[39m
 [90m 131 |[39m           {suggestions[33m.[39misPending [33m?[39m (
 [90m 132 |[39m             [33m<[39m[33mAppText[39m variant[33m=[39m[32m"small"[39m tone[33m=[39m[32m"secondary"[39m style[33m=[39m{styles[33m.[39msearchResult}[33m>[39m[0m
Call Stack
  DashboardHeader (src\features\home\DashboardHeader.tsx:129:8) 

Code: home.tsx
[0m [90m  95 |[39m         {[90m/* Chrome, not a page section: the header is chrome, and the first[39m
 [90m  96 |[39m [90m            content section under it is the story row. */[39m}
[31m[1m>[22m[39m[90m  97 |[39m         [33m<[39m[33mDashboardHeader[39m principal[33m=[39m{principal} [33m/[39m[33m>[39m
 [90m     |[39m         [31m[1m^[22m[39m
 [90m  98 |[39m
 [90m  99 |[39m         [33m<[39m[33mOpportunityStories[39m stories[33m=[39m{stories} [33m/[39m[33m>[39m
 [90m 100 |[39m[0m
Call Stack
  CandidateHomeScreen (src\app\(candidate)\home.tsx:97:9)
  CandidateLayout (src\app\(candidate)\_layout.tsx:36:5)
  memberships.map$argument_0 (src\app\(employer)\employer\settings.tsx:57:84)
Web  WARN  An error occurred in the <DashboardHeader> component.

Consider adding an error boundary to your tree to customize error handling behavior.
Visit https://react.dev/link/error-boundaries to learn more about error boundaries.
Web  ERROR  [ReferenceError: expanded is not defined] 

Code: DashboardHeader.tsx
[0m [90m 188 |[39m       [33m<[39m[33m/[39m[33mView[39m[33m>[39m
 [90m 189 |[39m
[31m[1m>[22m[39m[90m 190 |[39m       {expanded [33m?[39m (
 [90m     |[39m        [31m[1m^[22m[39m
 [90m 191 |[39m         [33m<[39m[33mView[39m style[33m=[39m{styles[33m.[39msearchResults}[33m>[39m
 [90m 192 |[39m           {suggestions[33m.[39misPending [33m?[39m (
 [90m 193 |[39m             [33m<[39m[33mAppText[39m variant[33m=[39m[32m"small"[39m tone[33m=[39m[32m"secondary"[39m style[33m=[39m{styles[33m.[39msearchResult}[33m>[39m[0m
Call Stack
  DashboardHeader (src\features\home\DashboardHeader.tsx:190:8) 

Code: home.tsx
[0m [90m  95 |[39m         {[90m/* Chrome, not a page section: the header is chrome, and the first[39m
 [90m  96 |[39m [90m            content section under it is the story row. */[39m}
[31m[1m>[22m[39m[90m  97 |[39m         [33m<[39m[33mDashboardHeader[39m principal[33m=[39m{principal} [33m/[39m[33m>[39m
 [90m     |[39m         [31m[1m^[22m[39m
 [90m  98 |[39m
 [90m  99 |[39m         [33m<[39m[33mOpportunityStories[39m stories[33m=[39m{stories} [33m/[39m[33m>[39m
 [90m 100 |[39m[0m
Call Stack
  CandidateHomeScreen (src\app\(candidate)\home.tsx:97:9)
  CandidateLayout (src\app\(candidate)\_layout.tsx:36:5)
  EmployerSettingsScreen (src\app\(employer)\employer\settings.tsx:50:46)
λ Bundled 15497ms node_modules\expo\node_modules\@expo\cli\node_modules\@expo\router-server\node\render.js (1 module)
Web Bundled 17171ms node_modules\expo-router\entry.js (1 module)
Web Bundled 216ms node_modules\expo-router\entry.js (1 module)
Web  INFO  %cDownload the React DevTools for a better development experience: https://react.dev/link/react-devtools font-weight:bold
Web  LOG  Running application "main" with appParams:
 {"hydrate": undefined, "rootTag": "#root"} 
Development-level warnings: ON.
Performance optimizations: OFF.
Web  WARN  "shadow*" style props are deprecated. Use "boxShadow".
Web  WARN  Animated: `useNativeDriver` is not supported because the native animated module is missing. Falling back to JS-based animation. To resolve this, add `RCTAnimation` module to this app, or remove `useNativeDriver`. Make sure to run `bundle exec pod install` first. Read more about autolinking: https://github.com/react-native-community/cli/blob/master/docs/autolinking.md
Web  WARN  props.pointerEvents is deprecated. Use style.pointerEvents
Web  WARN  An error occurred in the <StoryBubble> component.

Consider adding an error boundary to your tree to customize error handling behavior.
Visit https://react.dev/link/error-boundaries to learn more about error boundaries.
Web  ERROR  [ReferenceError: useRef is not defined] 

Code: StoryBubble.tsx
[0m [90m 26 |[39m
 [90m 27 |[39m [36mexport[39m [36mfunction[39m [33mStoryBubble[39m({ story[33m,[39m onPress }[33m:[39m [33mStoryBubbleProps[39m) {
[31m[1m>[22m[39m[90m 28 |[39m   [36mconst[39m scale [33m=[39m useRef([36mnew[39m [33mAnimated[39m[33m.[39m[33mValue[39m([35m1[39m))[33m.[39mcurrent[33m;[39m
 [90m    |[39m                 [31m[1m^[22m[39m
 [90m 29 |[39m
 [90m 30 |[39m   [36mconst[39m isViewed [33m=[39m story[33m.[39mviewed[33m;[39m
 [90m 31 |[39m   [36mconst[39m isDemo [33m=[39m isDemoStory(story)[33m;[39m[0m
Call Stack
  StoryBubble (src\features\stories\StoryBubble.tsx:28:17) 

Code: OpportunityStories.tsx
[0m [90m 54 |[39m         contentContainerStyle[33m=[39m{styles[33m.[39mstoryRow}[33m>[39m
 [90m 55 |[39m         {stories[33m.[39mmap((story) [33m=>[39m (
[31m[1m>[22m[39m[90m 56 |[39m           [33m<[39m[33mStoryBubble[39m
 [90m    |[39m           [31m[1m^[22m[39m
 [90m 57 |[39m             key[33m=[39m{story[33m.[39mid}
 [90m 58 |[39m             story[33m=[39m{story}
 [90m 59 |[39m             onPress[33m=[39m{() [33m=>[39m router[33m.[39mpush([32m`/story/${story.id}`[39m [36mas[39m never)}[0m
Call Stack
  stories.map$argument_0 (src\features\home\OpportunityStories.tsx:56:11)
  OpportunityStories (src\features\home\OpportunityStories.tsx:55:17)
  CandidateHomeScreen (src\app\(candidate)\home.tsx:100:9)
  CandidateLayout (src\app\(candidate)\_layout.tsx:36:5)
  RootLayout (src\app\_layout.tsx:27:13)
Web  WARN  [Layout children]: No route named "messages" exists in nested children: ["applications", "community", "home", "jobs", "notifications", "profile", "saved", "settings", "jobs/[id]", "profile/education", "profile/experience", "profile/projects", "profile/skills", "story/[id]"]
Web  WARN  [Layout children]: No route named "learn" exists in nested children: ["applications", "community", "home", "jobs", "notifications", "profile", "saved", "settings", "jobs/[id]", "profile/education", "profile/experience", "profile/projects", "profile/skills", "story/[id]"]
Web  WARN  [Layout children]: No route named "messages" exists in nested children: ["applications", "community", "home", "jobs", "notifications", "profile", "saved", "settings", "jobs/[id]", "profile/education", "profile/experience", "profile/projects", "profile/skills", "story/[id]"]
Web  WARN  [Layout children]: No route named "learn" exists in nested children: ["applications", "community", "home", "jobs", "notifications", "profile", "saved", "settings", "jobs/[id]", "profile/education", "profile/experience", "profile/projects", "profile/skills", "story/[id]"]
Web  WARN  [Layout children]: No route named "add-post" exists in nested children: ["applications", "community", "home", "jobs", "notifications", "profile", "saved", "settings", "jobs/[id]", "profile/education", "profile/experience", "profile/projects", "profile/skills", "story/[id]"]
Web  WARN  [Layout children]: No route named "innovation-lab" exists in nested children: ["applications", "community", "home", "jobs", "notifications", "profile", "saved", "settings", "jobs/[id]", "profile/education", "profile/experience", "profile/projects", "profile/skills", "story/[id]"]
λ Bundled 12542ms node_modules\expo\node_modules\@expo\cli\node_modules\@expo\router-server\node\render.js (1 module)
Web Bundled 15365ms node_modules\expo-router\entry.js (1 module)
Web Bundled 274ms node_modules\expo-router\entry.js (1 module)
Web  INFO  %cDownload the React DevTools for a better development experience: https://react.dev/link/react-devtools font-weight:bold
Web  LOG  Running application "main" with appParams:
 {"hydrate": undefined, "rootTag": "#root"} 
Development-level warnings: ON.
Performance optimizations: OFF.
Web  WARN  "shadow*" style props are deprecated. Use "boxShadow".
Web  WARN  An error occurred in the <DashboardHeader> component.

Consider adding an error boundary to your tree to customize error handling behavior.
Visit https://react.dev/link/error-boundaries to learn more about error boundaries.
Web  ERROR  [ReferenceError: BrandMark is not defined] 

Code: DashboardHeader.tsx
[0m [90m 105 |[39m           {[90m/* Glyph only: the platform name lives in the mark and on the other[39m
 [90m 106 |[39m [90m              screens, not in the top bar. */[39m}
[31m[1m>[22m[39m[90m 107 |[39m           [33m<[39m[33mBrandMark[39m size[33m=[39m[32m"sm"[39m glyphOnly [33m/[39m[33m>[39m
 [90m     |[39m            [31m[1m^[22m[39m
 [90m 108 |[39m         [33m<[39m[33m/[39m[33mView[39m[33m>[39m
 [90m 109 |[39m
 [90m 110 |[39m         {isSearchOpen [33m?[39m ([0m
Call Stack
  DashboardHeader (src\features\home\DashboardHeader.tsx:107:12) 

Code: home.tsx
[0m [90m  96 |[39m         {[90m/* Chrome, not a page section: the header is chrome, and the first[39m
 [90m  97 |[39m [90m            content section under it is the story row. */[39m}
[31m[1m>[22m[39m[90m  98 |[39m         [33m<[39m[33mDashboardHeader[39m principal[33m=[39m{principal} [33m/[39m[33m>[39m
 [90m     |[39m         [31m[1m^[22m[39m
 [90m  99 |[39m
 [90m 100 |[39m         [33m<[39m[33mOpportunityStories[39m stories[33m=[39m{stories} [33m/[39m[33m>[39m
 [90m 101 |[39m[0m
Call Stack
  CandidateHomeScreen (src\app\(candidate)\home.tsx:98:9)
  CandidateLayout (src\app\(candidate)\_layout.tsx:40:7)
  <global> (src\app\_layout.tsx:1)
Web  WARN  An error occurred in the <DashboardHeader> component.

Consider adding an error boundary to your tree to customize error handling behavior.
Visit https://react.dev/link/error-boundaries to learn more about error boundaries.
Web  ERROR  [ReferenceError: BrandMark is not defined] 

Code: DashboardHeader.tsx
[0m [90m 106 |[39m           {[90m/* Glyph only: the platform name lives in the mark and on the other[39m
 [90m 107 |[39m [90m              screens, not in the top bar. */[39m}
[31m[1m>[22m[39m[90m 108 |[39m           [33m<[39m[33mBrandMark[39m size[33m=[39m[32m"sm"[39m glyphOnly [33m/[39m[33m>[39m
 [90m     |[39m            [31m[1m^[22m[39m
 [90m 109 |[39m         [33m<[39m[33m/[39m[33mView[39m[33m>[39m
 [90m 110 |[39m
 [90m 111 |[39m         {isSearchOpen [33m?[39m ([0m
Call Stack
  DashboardHeader (src\features\home\DashboardHeader.tsx:108:12) 

Code: home.tsx
[0m [90m  96 |[39m         {[90m/* Chrome, not a page section: the header is chrome, and the first[39m
 [90m  97 |[39m [90m            content section under it is the story row. */[39m}
[31m[1m>[22m[39m[90m  98 |[39m         [33m<[39m[33mDashboardHeader[39m principal[33m=[39m{principal} [33m/[39m[33m>[39m
 [90m     |[39m         [31m[1m^[22m[39m
 [90m  99 |[39m
 [90m 100 |[39m         [33m<[39m[33mOpportunityStories[39m stories[33m=[39m{stories} [33m/[39m[33m>[39m
 [90m 101 |[39m[0m
Call Stack
  CandidateHomeScreen (src\app\(candidate)\home.tsx:98:9)
  CandidateLayout (src\app\(candidate)\_layout.tsx:40:7)
  <global> (src\app\_layout.tsx:18)
Web  WARN  An error occurred in the <DashboardHeader> component.

Consider adding an error boundary to your tree to customize error handling behavior.
Visit https://react.dev/link/error-boundaries to learn more about error boundaries.
Web  ERROR  [ReferenceError: menuIconFade is not defined] 

Code: DashboardHeader.tsx
[0m [90m 113 |[39m           [33m<[39m[33mAnimated[39m[33m.[39m[33mView[39m
 [90m 114 |[39m             style[33m=[39m{{
[31m[1m>[22m[39m[90m 115 |[39m               opacity[33m:[39m menuIconFade[33m,[39m
 [90m     |[39m                        [31m[1m^[22m[39m
 [90m 116 |[39m               transform[33m:[39m [{ scale[33m:[39m menuIconScale }[33m,[39m { rotate[33m:[39m menuIconSpin }][33m,[39m
 [90m 117 |[39m             }}[33m>[39m
 [90m 118 |[39m             [33m<[39m[33mAppIcon[39m[0m
Call Stack
  DashboardHeader (src\features\home\DashboardHeader.tsx:115:24) 

Code: home.tsx
[0m [90m  96 |[39m         {[90m/* Chrome, not a page section: the header is chrome, and the first[39m
 [90m  97 |[39m [90m            content section under it is the story row. */[39m}
[31m[1m>[22m[39m[90m  98 |[39m         [33m<[39m[33mDashboardHeader[39m principal[33m=[39m{principal} [33m/[39m[33m>[39m
 [90m     |[39m         [31m[1m^[22m[39m
 [90m  99 |[39m
 [90m 100 |[39m         [33m<[39m[33mOpportunityStories[39m stories[33m=[39m{stories} [33m/[39m[33m>[39m
 [90m 101 |[39m[0m
Call Stack
  CandidateHomeScreen (src\app\(candidate)\home.tsx:98:9)
  CandidateLayout (src\app\(candidate)\_layout.tsx:40:7)
  EmployerSettingsScreen (src\app\(employer)\employer\settings.tsx:70:14)
Web  WARN  An error occurred in the <DashboardHeader> component.

Consider adding an error boundary to your tree to customize error handling behavior.
Visit https://react.dev/link/error-boundaries to learn more about error boundaries.
Web  ERROR  [ReferenceError: menuIconFade is not defined] 

Code: DashboardHeader.tsx
[0m [90m 113 |[39m           [33m<[39m[33mAnimated[39m[33m.[39m[33mView[39m
 [90m 114 |[39m             style[33m=[39m{{
[31m[1m>[22m[39m[90m 115 |[39m               opacity[33m:[39m menuIconFade[33m,[39m
 [90m     |[39m                        [31m[1m^[22m[39m
 [90m 116 |[39m               transform[33m:[39m [{ scale[33m:[39m menuIconScale }[33m,[39m { rotate[33m:[39m menuIconSpin }][33m,[39m
 [90m 117 |[39m             }}[33m>[39m
 [90m 118 |[39m             [33m<[39m[33mAppIcon[39m[0m
Call Stack
  DashboardHeader (src\features\home\DashboardHeader.tsx:115:24) 

Code: home.tsx
[0m [90m  96 |[39m         {[90m/* Chrome, not a page section: the header is chrome, and the first[39m
 [90m  97 |[39m [90m            content section under it is the story row. */[39m}
[31m[1m>[22m[39m[90m  98 |[39m         [33m<[39m[33mDashboardHeader[39m principal[33m=[39m{principal} [33m/[39m[33m>[39m
 [90m     |[39m         [31m[1m^[22m[39m
 [90m  99 |[39m
 [90m 100 |[39m         [33m<[39m[33mOpportunityStories[39m stories[33m=[39m{stories} [33m/[39m[33m>[39m
 [90m 101 |[39m[0m
Call Stack
  CandidateHomeScreen (src\app\(candidate)\home.tsx:98:9)
  CandidateLayout (src\app\(candidate)\_layout.tsx:40:7)
  EmployerSettingsScreen (src\app\(employer)\employer\settings.tsx:70:14)
Web  WARN  Animated: `useNativeDriver` is not supported because the native animated module is missing. Falling back to JS-based animation. To resolve this, add `RCTAnimation` module to this app, or remove `useNativeDriver`. Make sure to run `bundle exec pod install` first. Read more about autolinking: https://github.com/react-native-community/cli/blob/master/docs/autolinking.md
 ERROR  SyntaxError: C:\mahaa\src\features\home\DashboardHeader.tsx: Identifier 'isSearchOpen' has already been declared. (60:9)

  58 |   const [isSearchOpen, setIsSearchOpen] = useState(false);
  59 |   const [query, setQuery] = useState('');
> 60 |   const [isSearchOpen, setIsSearchOpen] = useState(false);
     |          ^
  61 |   const [query, setQuery] = useState('');
  62 |
  63 |   const trimmed = query.trim();
    at constructor (C:\mahaa\node_modules\@babel\parser\lib\index.js:369:19)
    at TypeScriptParserMixin.raise (C:\mahaa\node_modules\@babel\parser\lib\index.js:6622:19)
    at TypeScriptScopeHandler.checkRedeclarationInScope (C:\mahaa\node_modules\@babel\parser\lib\index.js:1623:19)
    at TypeScriptScopeHandler.declareName (C:\mahaa\node_modules\@babel\parser\lib\index.js:1589:12)
    at TypeScriptScopeHandler.declareName (C:\mahaa\node_modules\@babel\parser\lib\index.js:4898:11)
    at TypeScriptParserMixin.declareNameFromIdentifier (C:\mahaa\node_modules\@babel\parser\lib\index.js:7590:16)
    at TypeScriptParserMixin.checkIdentifier (C:\mahaa\node_modules\@babel\parser\lib\index.js:7586:12)
    at TypeScriptParserMixin.checkLVal (C:\mahaa\node_modules\@babel\parser\lib\index.js:7523:12)
    at TypeScriptParserMixin.checkLVal (C:\mahaa\node_modules\@babel\parser\lib\index.js:7563:16)
    at TypeScriptParserMixin.parseVarId (C:\mahaa\node_modules\@babel\parser\lib\index.js:13446:10)
    at TypeScriptParserMixin.parseVarId (C:\mahaa\node_modules\@babel\parser\lib\index.js:9775:11)
    at TypeScriptParserMixin.parseVar (C:\mahaa\node_modules\@babel\parser\lib\index.js:13417:12)
    at TypeScriptParserMixin.parseVarStatement (C:\mahaa\node_modules\@babel\parser\lib\index.js:13264:10)
    at TypeScriptParserMixin.parseVarStatement (C:\mahaa\node_modules\@babel\parser\lib\index.js:9431:31)
    at TypeScriptParserMixin.parseStatementContent (C:\mahaa\node_modules\@babel\parser\lib\index.js:12885:23)
    at TypeScriptParserMixin.parseStatementContent (C:\mahaa\node_modules\@babel\parser\lib\index.js:9531:18)
    at TypeScriptParserMixin.parseStatementLike (C:\mahaa\node_modules\@babel\parser\lib\index.js:12801:17)
    at TypeScriptParserMixin.parseStatementListItem (C:\mahaa\node_modules\@babel\parser\lib\index.js:12781:17)
    at TypeScriptParserMixin.parseBlockOrModuleBlockBody (C:\mahaa\node_modules\@babel\parser\lib\index.js:13350:61)
    at TypeScriptParserMixin.parseBlockBody (C:\mahaa\node_modules\@babel\parser\lib\index.js:13343:10)
    at TypeScriptParserMixin.parseBlock (C:\mahaa\node_modules\@babel\parser\lib\index.js:13331:10)
    at TypeScriptParserMixin.parseFunctionBody (C:\mahaa\node_modules\@babel\parser\lib\index.js:12134:24)
    at TypeScriptParserMixin.parseFunctionBodyAndFinish (C:\mahaa\node_modules\@babel\parser\lib\index.js:12120:10)
    at TypeScriptParserMixin.parseFunctionBodyAndFinish (C:\mahaa\node_modules\@babel\parser\lib\index.js:9195:18)
    at C:\mahaa\node_modules\@babel\parser\lib\index.js:13479:12
    at TypeScriptParserMixin.withSmartMixTopicForbiddingContext (C:\mahaa\node_modules\@babel\parser\lib\index.js:12437:14)
    at TypeScriptParserMixin.parseFunction (C:\mahaa\node_modules\@babel\parser\lib\index.js:13478:10)
    at TypeScriptParserMixin.parseFunctionStatement (C:\mahaa\node_modules\@babel\parser\lib\index.js:13159:17)
    at TypeScriptParserMixin.parseStatementContent (C:\mahaa\node_modules\@babel\parser\lib\index.js:12825:21)
    at TypeScriptParserMixin.parseStatementContent (C:\mahaa\node_modules\@babel\parser\lib\index.js:9531:18)
    at TypeScriptParserMixin.parseStatementLike (C:\mahaa\node_modules\@babel\parser\lib\index.js:12801:17)
    at TypeScriptParserMixin.parseStatementListItem (C:\mahaa\node_modules\@babel\parser\lib\index.js:12781:17)
    at TypeScriptParserMixin.parseExportDeclaration (C:\mahaa\node_modules\@babel\parser\lib\index.js:13968:17)
    at TypeScriptParserMixin.parseExportDeclaration (C:\mahaa\node_modules\@babel\parser\lib\index.js:9652:85)
    at TypeScriptParserMixin.maybeParseExportDeclaration (C:\mahaa\node_modules\@babel\parser\lib\index.js:13927:31)
    at TypeScriptParserMixin.parseExport (C:\mahaa\node_modules\@babel\parser\lib\index.js:13846:29)
    at TypeScriptParserMixin.parseExport (C:\mahaa\node_modules\@babel\parser\lib\index.js:9408:20)
    at TypeScriptParserMixin.parseStatementContent (C:\mahaa\node_modules\@babel\parser\lib\index.js:12912:27)
    at TypeScriptParserMixin.parseStatementContent (C:\mahaa\node_modules\@babel\parser\lib\index.js:9531:18)
    at TypeScriptParserMixin.parseStatementLike (C:\mahaa\node_modules\@babel\parser\lib\index.js:12801:17)
    at TypeScriptParserMixin.parseModuleItem (C:\mahaa\node_modules\@babel\parser\lib\index.js:12778:17)
    at TypeScriptParserMixin.parseBlockOrModuleBlockBody (C:\mahaa\node_modules\@babel\parser\lib\index.js:13350:36)
    at TypeScriptParserMixin.parseBlockBody (C:\mahaa\node_modules\@babel\parser\lib\index.js:13343:10)
    at TypeScriptParserMixin.parseProgram (C:\mahaa\node_modules\@babel\parser\lib\index.js:12656:10)
    at TypeScriptParserMixin.parseTopLevel (C:\mahaa\node_modules\@babel\parser\lib\index.js:12646:25)
    at TypeScriptParserMixin.parse (C:\mahaa\node_modules\@babel\parser\lib\index.js:14522:25)
    at TypeScriptParserMixin.parse (C:\mahaa\node_modules\@babel\parser\lib\index.js:10149:18)
    at parse (C:\mahaa\node_modules\@babel\parser\lib\index.js:14535:26)
    at parser (C:\mahaa\node_modules\@babel\core\lib\parser\index.js:41:34)
    at parser.next (<anonymous>)
Web  ERROR  [TransformError: SyntaxError: C:\mahaa\src\features\home\DashboardHeader.tsx: Identifier 'isSearchOpen' has already been declared. (60:9)

  58 |   const [isSearchOpen, setIsSearchOpen] = useState(false);
  59 |   const [query, setQuery] = useState('');
> 60 |   const [isSearchOpen, setIsSearchOpen] = useState(false);
     |          ^
  61 |   const [query, setQuery] = useState('');
  62 |
  63 |   const trimmed = query.trim();]
Web  ERROR  [TransformError: SyntaxError: C:\mahaa\src\features\home\DashboardHeader.tsx: Identifier 'isSearchOpen' has already been declared. (60:9)

  58 |   const [isSearchOpen, setIsSearchOpen] = useState(false);
  59 |   const [query, setQuery] = useState('');
> 60 |   const [isSearchOpen, setIsSearchOpen] = useState(false);
     |          ^
  61 |   const [query, setQuery] = useState('');
  62 |
  63 |   const trimmed = query.trim();]
Web  ERROR  [TransformError: SyntaxError: C:\mahaa\src\features\home\DashboardHeader.tsx: Identifier 'isSearchOpen' has already been declared. (60:9)

  58 |   const [isSearchOpen, setIsSearchOpen] = useState(false);
  59 |   const [query, setQuery] = useState('');
> 60 |   const [isSearchOpen, setIsSearchOpen] = useState(false);
     |          ^
  61 |   const [query, setQuery] = useState('');
  62 |
  63 |   const trimmed = query.trim();]
Web  WARN  props.pointerEvents is deprecated. Use style.pointerEvents
Web  WARN  An error occurred in the <Sidebar> component.

Consider adding an error boundary to your tree to customize error handling behavior.
Visit https://react.dev/link/error-boundaries to learn more about error boundaries.
Web  ERROR  [ReferenceError: isRendered is not defined] 

Code: Sidebar.tsx
[0m [90m 129 |[39m   )[33m;[39m
 [90m 130 |[39m
[31m[1m>[22m[39m[90m 131 |[39m   [36mif[39m ([33m![39misRendered [33m&&[39m [33m![39misOpen) {
 [90m     |[39m   [31m[1m^[22m[39m
 [90m 132 |[39m     [36mreturn[39m [36mnull[39m[33m;[39m
 [90m 133 |[39m   }
 [90m 134 |[39m[0m
Call Stack
  Sidebar (src\features\navigation\Sidebar.tsx:131:3) 

Code: _layout.tsx
[0m [90m 88 |[39m         ))}
 [90m 89 |[39m       [33m<[39m[33m/[39m[33mTabs[39m[33m>[39m
[31m[1m>[22m[39m[90m 90 |[39m       [33m<[39m[33mSidebar[39m [33m/[39m[33m>[39m
 [90m    |[39m       [31m[1m^[22m[39m
 [90m 91 |[39m     [33m<[39m[33m/[39m[33mSidebarProvider[39m[33m>[39m
 [90m 92 |[39m   )[33m;[39m
 [90m 93 |[39m }[0m
Call Stack
  CandidateLayout (src\app\(candidate)\_layout.tsx:90:7)
  EmployerSettingsScreen (src\app\(employer)\employer\settings.tsx:36:21)
Web  WARN  An error occurred in the <Sidebar> component.

Consider adding an error boundary to your tree to customize error handling behavior.
Visit https://react.dev/link/error-boundaries to learn more about error boundaries.
Web  ERROR  [ReferenceError: isRendered is not defined] 

Code: Sidebar.tsx
[0m [90m 130 |[39m   )[33m;[39m
 [90m 131 |[39m
[31m[1m>[22m[39m[90m 132 |[39m   [36mif[39m ([33m![39misRendered [33m&&[39m [33m![39misOpen) {
 [90m     |[39m   [31m[1m^[22m[39m
 [90m 133 |[39m     [36mreturn[39m [36mnull[39m[33m;[39m
 [90m 134 |[39m   }
 [90m 135 |[39m[0m
Call Stack
  Sidebar (src\features\navigation\Sidebar.tsx:132:3) 

Code: _layout.tsx
[0m [90m 88 |[39m         ))}
 [90m 89 |[39m       [33m<[39m[33m/[39m[33mTabs[39m[33m>[39m
[31m[1m>[22m[39m[90m 90 |[39m       [33m<[39m[33mSidebar[39m [33m/[39m[33m>[39m
 [90m    |[39m       [31m[1m^[22m[39m
 [90m 91 |[39m     [33m<[39m[33m/[39m[33mSidebarProvider[39m[33m>[39m
 [90m 92 |[39m   )[33m;[39m
 [90m 93 |[39m }[0m
Call Stack
  CandidateLayout (src\app\(candidate)\_layout.tsx:90:7)
  EmployerSettingsScreen (src\app\(employer)\employer\settings.tsx:36:21)
Web  WARN  An error occurred in the <Sidebar> component.

Consider adding an error boundary to your tree to customize error handling behavior.
Visit https://react.dev/link/error-boundaries to learn more about error boundaries.
Web  ERROR  [ReferenceError: isRendered is not defined] 

Code: Sidebar.tsx
[0m [90m 131 |[39m   )[33m;[39m
 [90m 132 |[39m
[31m[1m>[22m[39m[90m 133 |[39m   [36mif[39m ([33m![39misRendered [33m&&[39m [33m![39misOpen) {
 [90m     |[39m   [31m[1m^[22m[39m
 [90m 134 |[39m     [36mreturn[39m [36mnull[39m[33m;[39m
 [90m 135 |[39m   }
 [90m 136 |[39m[0m
Call Stack
  Sidebar (src\features\navigation\Sidebar.tsx:133:3) 

Code: _layout.tsx
[0m [90m 88 |[39m         ))}
 [90m 89 |[39m       [33m<[39m[33m/[39m[33mTabs[39m[33m>[39m
[31m[1m>[22m[39m[90m 90 |[39m       [33m<[39m[33mSidebar[39m [33m/[39m[33m>[39m
 [90m    |[39m       [31m[1m^[22m[39m
 [90m 91 |[39m     [33m<[39m[33m/[39m[33mSidebarProvider[39m[33m>[39m
 [90m 92 |[39m   )[33m;[39m
 [90m 93 |[39m }[0m
Call Stack
  CandidateLayout (src\app\(candidate)\_layout.tsx:90:7)
  EmployerSettingsScreen (src\app\(employer)\employer\settings.tsx:36:21)
Web  WARN  An error occurred in the <Sidebar> component.

Consider adding an error boundary to your tree to customize error handling behavior.
Visit https://react.dev/link/error-boundaries to learn more about error boundaries.
Web  ERROR  [ReferenceError: isRendered is not defined] 

Code: Sidebar.tsx
[0m [90m 131 |[39m   )[33m;[39m
 [90m 132 |[39m
[31m[1m>[22m[39m[90m 133 |[39m   [36mif[39m ([33m![39misRendered [33m&&[39m [33m![39misOpen) {
 [90m     |[39m   [31m[1m^[22m[39m
 [90m 134 |[39m     [36mreturn[39m [36mnull[39m[33m;[39m
 [90m 135 |[39m   }
 [90m 136 |[39m[0m
Call Stack
  Sidebar (src\features\navigation\Sidebar.tsx:133:3) 

Code: _layout.tsx
[0m [90m 88 |[39m         ))}
 [90m 89 |[39m       [33m<[39m[33m/[39m[33mTabs[39m[33m>[39m
[31m[1m>[22m[39m[90m 90 |[39m       [33m<[39m[33mSidebar[39m [33m/[39m[33m>[39m
 [90m    |[39m       [31m[1m^[22m[39m
 [90m 91 |[39m     [33m<[39m[33m/[39m[33mSidebarProvider[39m[33m>[39m
 [90m 92 |[39m   )[33m;[39m
 [90m 93 |[39m }[0m
Call Stack
  CandidateLayout (src\app\(candidate)\_layout.tsx:90:7)
  EmployerSettingsScreen (src\app\(employer)\employer\settings.tsx:36:21)
Web  WARN  An error occurred in the <Sidebar> component.

Consider adding an error boundary to your tree to customize error handling behavior.
Visit https://react.dev/link/error-boundaries to learn more about error boundaries.
Web  ERROR  [ReferenceError: isRendered is not defined] 

Code: Sidebar.tsx
[0m [90m 131 |[39m   )[33m;[39m
 [90m 132 |[39m
[31m[1m>[22m[39m[90m 133 |[39m   [36mif[39m ([33m![39misRendered [33m&&[39m [33m![39misOpen) {
 [90m     |[39m   [31m[1m^[22m[39m
 [90m 134 |[39m     [36mreturn[39m [36mnull[39m[33m;[39m
 [90m 135 |[39m   }
 [90m 136 |[39m[0m
Call Stack
  Sidebar (src\features\navigation\Sidebar.tsx:133:3) 

Code: _layout.tsx
[0m [90m 88 |[39m         ))}
 [90m 89 |[39m       [33m<[39m[33m/[39m[33mTabs[39m[33m>[39m
[31m[1m>[22m[39m[90m 90 |[39m       [33m<[39m[33mSidebar[39m [33m/[39m[33m>[39m
 [90m    |[39m       [31m[1m^[22m[39m
 [90m 91 |[39m     [33m<[39m[33m/[39m[33mSidebarProvider[39m[33m>[39m
 [90m 92 |[39m   )[33m;[39m
 [90m 93 |[39m }[0m
Call Stack
  CandidateLayout (src\app\(candidate)\_layout.tsx:90:7)
  EmployerSettingsScreen (src\app\(employer)\employer\settings.tsx:36:21)
Web  WARN  An error occurred in the <CandidateHomeScreen> component.

Consider adding an error boundary to your tree to customize error handling behavior.
Visit https://react.dev/link/error-boundaries to learn more about error boundaries.
Web  ERROR  [ReferenceError: PersonalizedFeed is not defined] 

Code: home.tsx
[0m [90m 107 |[39m         [33m<[39m[33mQuickActions[39m onScrollToLearning[33m=[39m{scrollToLearning} [33m/[39m[33m>[39m
 [90m 108 |[39m
[31m[1m>[22m[39m[90m 109 |[39m         [33m<[39m[33mPersonalizedFeed[39m
 [90m     |[39m          [31m[1m^[22m[39m
 [90m 110 |[39m           status[33m=[39m{status}
 [90m 111 |[39m           profile[33m=[39m{data}
 [90m 112 |[39m           errorMessage[33m=[39m{message}[0m
Call Stack
  CandidateHomeScreen (src\app\(candidate)\home.tsx:109:10) 

Code: _layout.tsx
[0m [90m 38 |[39m   [36mreturn[39m (
 [90m 39 |[39m     [33m<[39m[33mSidebarProvider[39m[33m>[39m
[31m[1m>[22m[39m[90m 40 |[39m       [33m<[39m[33mTabs[39m
 [90m    |[39m       [31m[1m^[22m[39m
 [90m 41 |[39m         tabBar[33m=[39m{(props) [33m=>[39m [33m<[39m[33mCandidateTabBar[39m {[33m...[39mprops} [33m/[39m[33m>[39m}
 [90m 42 |[39m         [90m/*[39m
 [90m 43 |[39m [90m         * Detail routes (skills, settings, notifications, …) are hidden tabs, not[39m[0m
Call Stack
  CandidateLayout (src\app\(candidate)\_layout.tsx:40:7)
Web  WARN  An error occurred in the <MediaViewer> component.

Consider adding an error boundary to your tree to customize error handling behavior.
Visit https://react.dev/link/error-boundaries to learn more about error boundaries.
Web  ERROR  [ReferenceError: useEffect is not defined] 

Code: MediaViewer.tsx
[0m [90m 60 |[39m
 [90m 61 |[39m   [90m// Reset per-open error state, so reopening a fixed image retries it.[39m
[31m[1m>[22m[39m[90m 62 |[39m   useEffect(() [33m=>[39m {
 [90m    |[39m   [31m[1m^[22m[39m
 [90m 63 |[39m     [36mif[39m (visible) setFailedIds([])[33m;[39m
 [90m 64 |[39m   }[33m,[39m [visible])[33m;[39m
 [90m 65 |[39m[0m
Call Stack
  MediaViewer (src\features\feed\MediaViewer.tsx:62:3) 

Code: FeedPostCard.tsx
[0m [90m 196 |[39m       [33m<[39m[33m/[39m[33mView[39m[33m>[39m
 [90m 197 |[39m
[31m[1m>[22m[39m[90m 198 |[39m       {post[33m.[39mmedia[33m.[39mlength [33m>[39m [35m0[39m [33m?[39m (
 [90m     |[39m        [31m[1m^[22m[39m
 [90m 199 |[39m         [33m<[39m[33mMediaViewer[39m
 [90m 200 |[39m           media[33m=[39m{post[33m.[39mmedia}
 [90m 201 |[39m           index[33m=[39m{viewerIndex [33m?[39m[33m?[39m [35m0[39m}[0m
Call Stack
  FeedPostCard (src\features\feed\FeedPostCard.tsx:198:8)
  view.posts.map$argument_0 (src\features\feed\CommunityFeed.tsx:117:13)
  CommunityFeed (src\features\feed\CommunityFeed.tsx:116:22)
  CandidateHomeScreen (src\app\(candidate)\home.tsx:101:49)
  CandidateLayout (src\app\(candidate)\_layout.tsx:40:7)
Web  WARN  An error occurred in the <MediaViewer> component.

Consider adding an error boundary to your tree to customize error handling behavior.
Visit https://react.dev/link/error-boundaries to learn more about error boundaries.
Web  ERROR  [ReferenceError: useLayoutEffect is not defined] 

Code: MediaViewer.tsx
[0m [90m 70 |[39m   [90m// Position the pager when it opens, once the stage has been measured. This one[39m
 [90m 71 |[39m   [90m// is a genuine external synchronisation — a ScrollView ref, not state.[39m
[31m[1m>[22m[39m[90m 72 |[39m   useLayoutEffect(() [33m=>[39m {
 [90m    |[39m   [31m[1m^[22m[39m
 [90m 73 |[39m     [36mif[39m ([33m![39mvisible [33m||[39m stageWidth [33m===[39m [35m0[39m) [36mreturn[39m[33m;[39m
 [90m 74 |[39m     scrollRef[33m.[39mcurrent[33m?[39m[33m.[39mscrollTo({ x[33m:[39m safeIndex [33m*[39m stageWidth[33m,[39m animated[33m:[39m [36mfalse[39m })[33m;[39m
 [90m 75 |[39m   }[33m,[39m [visible[33m,[39m safeIndex[33m,[39m stageWidth])[33m;[39m[0m
Call Stack
  MediaViewer (src\features\feed\MediaViewer.tsx:72:3) 

Code: FeedPostCard.tsx
[0m [90m 196 |[39m       [33m<[39m[33m/[39m[33mView[39m[33m>[39m
 [90m 197 |[39m
[31m[1m>[22m[39m[90m 198 |[39m       {post[33m.[39mmedia[33m.[39mlength [33m>[39m [35m0[39m [33m?[39m (
 [90m     |[39m        [31m[1m^[22m[39m
 [90m 199 |[39m         [33m<[39m[33mMediaViewer[39m
 [90m 200 |[39m           media[33m=[39m{post[33m.[39mmedia}
 [90m 201 |[39m           index[33m=[39m{viewerIndex [33m?[39m[33m?[39m [35m0[39m}[0m
Call Stack
  FeedPostCard (src\features\feed\FeedPostCard.tsx:198:8)
  view.posts.map$argument_0 (src\features\feed\CommunityFeed.tsx:117:13)
  CommunityFeed (src\features\feed\CommunityFeed.tsx:116:22)
  CandidateHomeScreen (src\app\(candidate)\home.tsx:106:9)
  CandidateLayout (src\app\(candidate)\_layout.tsx:40:7)
Web  ERROR  

Code: CommentsSheet.tsx
[0m [90m 53 |[39m               [33mComments[39m
 [90m 54 |[39m             [33m<[39m[33m/[39m[33mAppText[39m[33m>[39m
[31m[1m>[22m[39m[90m 55 |[39m             [33m<[39m[33mPressable[39m
 [90m    |[39m             [31m[1m^[22m[39m
 [90m 56 |[39m               accessibilityRole[33m=[39m[32m"button"[39m
 [90m 57 |[39m               accessibilityLabel[33m=[39m[32m"Close comments"[39m
 [90m 58 |[39m               onPress[33m=[39m{onClose}[0m
Call Stack
  CommentsSheet (src\features\feed\CommentsSheet.tsx:55:13)
  FeedPostCard (src\features\feed\FeedPostCard.tsx:208:7)
  CommunityFeed (src\features\feed\CommunityFeed.tsx:101:16)
  CommunityFeed (src\features\feed\CommunityFeed.tsx:100:29)
  CandidateHomeScreen (src\app\(candidate)\home.tsx:104:49)
  CandidateLayout (src\app\(candidate)\_layout.tsx:40:7)
Web  ERROR  

Code: CommentsSheet.tsx
[0m [90m 40 |[39m       statusBarTranslucent
 [90m 41 |[39m       testID[33m=[39m[32m"feed-comments-sheet"[39m[33m>[39m
[31m[1m>[22m[39m[90m 42 |[39m       [33m<[39m[33mPressable[39m
 [90m    |[39m       [31m[1m^[22m[39m
 [90m 43 |[39m         accessibilityRole[33m=[39m[32m"button"[39m
 [90m 44 |[39m         accessibilityLabel[33m=[39m[32m"Close comments"[39m
 [90m 45 |[39m         onPress[33m=[39m{onClose}[0m
Call Stack
  CommentsSheet (src\features\feed\CommentsSheet.tsx:42:7)
  FeedPostCard (src\features\feed\FeedPostCard.tsx:208:7)
  CommunityFeed (src\features\feed\CommunityFeed.tsx:101:16)
  CommunityFeed (src\features\feed\CommunityFeed.tsx:100:29)
  CandidateHomeScreen (src\app\(candidate)\home.tsx:104:49)
  CandidateLayout (src\app\(candidate)\_layout.tsx:40:7)
 ERROR  SyntaxError: C:\mahaa\src\app\(candidate)\add-post.tsx: Unexpected token (232:0)

  230 |
  231 |
> 232 |
      | ^
    at constructor (C:\mahaa\node_modules\@babel\parser\lib\index.js:369:19)
    at TypeScriptParserMixin.raise (C:\mahaa\node_modules\@babel\parser\lib\index.js:6622:19)
    at TypeScriptParserMixin.unexpected (C:\mahaa\node_modules\@babel\parser\lib\index.js:6642:16)
    at TypeScriptParserMixin.parseExprAtom (C:\mahaa\node_modules\@babel\parser\lib\index.js:11473:22)
    at TypeScriptParserMixin.parseExprAtom (C:\mahaa\node_modules\@babel\parser\lib\index.js:4782:20)
    at TypeScriptParserMixin.parseExprSubscripts (C:\mahaa\node_modules\@babel\parser\lib\index.js:11107:23)
    at TypeScriptParserMixin.parseUpdate (C:\mahaa\node_modules\@babel\parser\lib\index.js:11092:21)
    at TypeScriptParserMixin.parseMaybeUnary (C:\mahaa\node_modules\@babel\parser\lib\index.js:11072:23)
    at TypeScriptParserMixin.parseMaybeUnary (C:\mahaa\node_modules\@babel\parser\lib\index.js:9860:18)
    at TypeScriptParserMixin.parseMaybeUnaryOrPrivate (C:\mahaa\node_modules\@babel\parser\lib\index.js:10925:61)
    at TypeScriptParserMixin.parseExprOps (C:\mahaa\node_modules\@babel\parser\lib\index.js:10930:23)
    at TypeScriptParserMixin.parseMaybeConditional (C:\mahaa\node_modules\@babel\parser\lib\index.js:10907:23)
    at TypeScriptParserMixin.parseMaybeAssign (C:\mahaa\node_modules\@babel\parser\lib\index.js:10857:21)
    at TypeScriptParserMixin.parseMaybeAssign (C:\mahaa\node_modules\@babel\parser\lib\index.js:9809:20)
    at TypeScriptParserMixin.parseExpressionBase (C:\mahaa\node_modules\@babel\parser\lib\index.js:10810:23)
    at C:\mahaa\node_modules\@babel\parser\lib\index.js:10806:39
    at TypeScriptParserMixin.allowInAnd (C:\mahaa\node_modules\@babel\parser\lib\index.js:12455:16)
    at TypeScriptParserMixin.parseExpression (C:\mahaa\node_modules\@babel\parser\lib\index.js:10806:17)
    at TypeScriptParserMixin.parseStatementContent (C:\mahaa\node_modules\@babel\parser\lib\index.js:12929:23)
    at TypeScriptParserMixin.parseStatementContent (C:\mahaa\node_modules\@babel\parser\lib\index.js:9531:18)
    at TypeScriptParserMixin.parseStatementLike (C:\mahaa\node_modules\@babel\parser\lib\index.js:12801:17)
    at TypeScriptParserMixin.parseStatementListItem (C:\mahaa\node_modules\@babel\parser\lib\index.js:12781:17)
    at TypeScriptParserMixin.parseBlockOrModuleBlockBody (C:\mahaa\node_modules\@babel\parser\lib\index.js:13350:61)
    at TypeScriptParserMixin.parseBlockBody (C:\mahaa\node_modules\@babel\parser\lib\index.js:13343:10)
    at TypeScriptParserMixin.parseBlock (C:\mahaa\node_modules\@babel\parser\lib\index.js:13331:10)
    at TypeScriptParserMixin.parseFunctionBody (C:\mahaa\node_modules\@babel\parser\lib\index.js:12134:24)
    at TypeScriptParserMixin.parseFunctionBodyAndFinish (C:\mahaa\node_modules\@babel\parser\lib\index.js:12120:10)
    at TypeScriptParserMixin.parseFunctionBodyAndFinish (C:\mahaa\node_modules\@babel\parser\lib\index.js:9195:18)
    at C:\mahaa\node_modules\@babel\parser\lib\index.js:13479:12
    at TypeScriptParserMixin.withSmartMixTopicForbiddingContext (C:\mahaa\node_modules\@babel\parser\lib\index.js:12437:14)
    at TypeScriptParserMixin.parseFunction (C:\mahaa\node_modules\@babel\parser\lib\index.js:13478:10)
    at TypeScriptParserMixin.parseExportDefaultExpression (C:\mahaa\node_modules\@babel\parser\lib\index.js:13941:19)
    at TypeScriptParserMixin.parseExportDefaultExpression (C:\mahaa\node_modules\@babel\parser\lib\index.js:9425:18)
    at TypeScriptParserMixin.parseExport (C:\mahaa\node_modules\@babel\parser\lib\index.js:13862:25)
    at TypeScriptParserMixin.parseExport (C:\mahaa\node_modules\@babel\parser\lib\index.js:9408:20)
    at TypeScriptParserMixin.parseStatementContent (C:\mahaa\node_modules\@babel\parser\lib\index.js:12912:27)
    at TypeScriptParserMixin.parseStatementContent (C:\mahaa\node_modules\@babel\parser\lib\index.js:9531:18)
    at TypeScriptParserMixin.parseStatementLike (C:\mahaa\node_modules\@babel\parser\lib\index.js:12801:17)
    at TypeScriptParserMixin.parseModuleItem (C:\mahaa\node_modules\@babel\parser\lib\index.js:12778:17)
    at TypeScriptParserMixin.parseBlockOrModuleBlockBody (C:\mahaa\node_modules\@babel\parser\lib\index.js:13350:36)
    at TypeScriptParserMixin.parseBlockBody (C:\mahaa\node_modules\@babel\parser\lib\index.js:13343:10)
    at TypeScriptParserMixin.parseProgram (C:\mahaa\node_modules\@babel\parser\lib\index.js:12656:10)
    at TypeScriptParserMixin.parseTopLevel (C:\mahaa\node_modules\@babel\parser\lib\index.js:12646:25)
    at TypeScriptParserMixin.parse (C:\mahaa\node_modules\@babel\parser\lib\index.js:14522:25)
    at TypeScriptParserMixin.parse (C:\mahaa\node_modules\@babel\parser\lib\index.js:10149:18)
    at parse (C:\mahaa\node_modules\@babel\parser\lib\index.js:14535:26)
    at parser (C:\mahaa\node_modules\@babel\core\lib\parser\index.js:41:34)
    at parser.next (<anonymous>)
    at normalizeFile (C:\mahaa\node_modules\@babel\core\lib\transformation\normalize-file.js:51:37)
    at normalizeFile.next (<anonymous>)
Web  ERROR  [TransformError: SyntaxError: C:\mahaa\src\app\(candidate)\add-post.tsx: Unexpected token (232:0)

  230 |
  231 |
> 232 |
      | ^]
Web  ERROR  [TransformError: SyntaxError: C:\mahaa\src\app\(candidate)\add-post.tsx: Unexpected token (232:0)

  230 |
  231 |
> 232 |
      | ^]
Web  ERROR  [TransformError: SyntaxError: C:\mahaa\src\app\(candidate)\add-post.tsx: Unexpected token (232:0)

  230 |
  231 |
> 232 |
      | ^]
 ERROR  SyntaxError: C:\mahaa\src\app\(candidate)\add-post.tsx: Unexpected token (232:0)

  230 |
  231 |
> 232 |
      | ^
    at constructor (C:\mahaa\node_modules\@babel\parser\lib\index.js:369:19)
    at TypeScriptParserMixin.raise (C:\mahaa\node_modules\@babel\parser\lib\index.js:6622:19)
    at TypeScriptParserMixin.unexpected (C:\mahaa\node_modules\@babel\parser\lib\index.js:6642:16)
    at TypeScriptParserMixin.parseExprAtom (C:\mahaa\node_modules\@babel\parser\lib\index.js:11473:22)
    at TypeScriptParserMixin.parseExprAtom (C:\mahaa\node_modules\@babel\parser\lib\index.js:4782:20)
    at TypeScriptParserMixin.parseExprSubscripts (C:\mahaa\node_modules\@babel\parser\lib\index.js:11107:23)
    at TypeScriptParserMixin.parseUpdate (C:\mahaa\node_modules\@babel\parser\lib\index.js:11092:21)
    at TypeScriptParserMixin.parseMaybeUnary (C:\mahaa\node_modules\@babel\parser\lib\index.js:11072:23)
    at TypeScriptParserMixin.parseMaybeUnary (C:\mahaa\node_modules\@babel\parser\lib\index.js:9860:18)
    at TypeScriptParserMixin.parseMaybeUnaryOrPrivate (C:\mahaa\node_modules\@babel\parser\lib\index.js:10925:61)
    at TypeScriptParserMixin.parseExprOps (C:\mahaa\node_modules\@babel\parser\lib\index.js:10930:23)
    at TypeScriptParserMixin.parseMaybeConditional (C:\mahaa\node_modules\@babel\parser\lib\index.js:10907:23)
    at TypeScriptParserMixin.parseMaybeAssign (C:\mahaa\node_modules\@babel\parser\lib\index.js:10857:21)
    at TypeScriptParserMixin.parseMaybeAssign (C:\mahaa\node_modules\@babel\parser\lib\index.js:9809:20)
    at TypeScriptParserMixin.parseExpressionBase (C:\mahaa\node_modules\@babel\parser\lib\index.js:10810:23)
    at C:\mahaa\node_modules\@babel\parser\lib\index.js:10806:39
    at TypeScriptParserMixin.allowInAnd (C:\mahaa\node_modules\@babel\parser\lib\index.js:12455:16)
    at TypeScriptParserMixin.parseExpression (C:\mahaa\node_modules\@babel\parser\lib\index.js:10806:17)
    at TypeScriptParserMixin.parseStatementContent (C:\mahaa\node_modules\@babel\parser\lib\index.js:12929:23)
    at TypeScriptParserMixin.parseStatementContent (C:\mahaa\node_modules\@babel\parser\lib\index.js:9531:18)
    at TypeScriptParserMixin.parseStatementLike (C:\mahaa\node_modules\@babel\parser\lib\index.js:12801:17)
    at TypeScriptParserMixin.parseStatementListItem (C:\mahaa\node_modules\@babel\parser\lib\index.js:12781:17)
    at TypeScriptParserMixin.parseBlockOrModuleBlockBody (C:\mahaa\node_modules\@babel\parser\lib\index.js:13350:61)
    at TypeScriptParserMixin.parseBlockBody (C:\mahaa\node_modules\@babel\parser\lib\index.js:13343:10)
    at TypeScriptParserMixin.parseBlock (C:\mahaa\node_modules\@babel\parser\lib\index.js:13331:10)
    at TypeScriptParserMixin.parseFunctionBody (C:\mahaa\node_modules\@babel\parser\lib\index.js:12134:24)
    at TypeScriptParserMixin.parseFunctionBodyAndFinish (C:\mahaa\node_modules\@babel\parser\lib\index.js:12120:10)
    at TypeScriptParserMixin.parseFunctionBodyAndFinish (C:\mahaa\node_modules\@babel\parser\lib\index.js:9195:18)
    at C:\mahaa\node_modules\@babel\parser\lib\index.js:13479:12
    at TypeScriptParserMixin.withSmartMixTopicForbiddingContext (C:\mahaa\node_modules\@babel\parser\lib\index.js:12437:14)
    at TypeScriptParserMixin.parseFunction (C:\mahaa\node_modules\@babel\parser\lib\index.js:13478:10)
    at TypeScriptParserMixin.parseExportDefaultExpression (C:\mahaa\node_modules\@babel\parser\lib\index.js:13941:19)
    at TypeScriptParserMixin.parseExportDefaultExpression (C:\mahaa\node_modules\@babel\parser\lib\index.js:9425:18)
    at TypeScriptParserMixin.parseExport (C:\mahaa\node_modules\@babel\parser\lib\index.js:13862:25)
    at TypeScriptParserMixin.parseExport (C:\mahaa\node_modules\@babel\parser\lib\index.js:9408:20)
    at TypeScriptParserMixin.parseStatementContent (C:\mahaa\node_modules\@babel\parser\lib\index.js:12912:27)
    at TypeScriptParserMixin.parseStatementContent (C:\mahaa\node_modules\@babel\parser\lib\index.js:9531:18)
    at TypeScriptParserMixin.parseStatementLike (C:\mahaa\node_modules\@babel\parser\lib\index.js:12801:17)
    at TypeScriptParserMixin.parseModuleItem (C:\mahaa\node_modules\@babel\parser\lib\index.js:12778:17)
    at TypeScriptParserMixin.parseBlockOrModuleBlockBody (C:\mahaa\node_modules\@babel\parser\lib\index.js:13350:36)
    at TypeScriptParserMixin.parseBlockBody (C:\mahaa\node_modules\@babel\parser\lib\index.js:13343:10)
    at TypeScriptParserMixin.parseProgram (C:\mahaa\node_modules\@babel\parser\lib\index.js:12656:10)
    at TypeScriptParserMixin.parseTopLevel (C:\mahaa\node_modules\@babel\parser\lib\index.js:12646:25)
    at TypeScriptParserMixin.parse (C:\mahaa\node_modules\@babel\parser\lib\index.js:14522:25)
    at TypeScriptParserMixin.parse (C:\mahaa\node_modules\@babel\parser\lib\index.js:10149:18)
    at parse (C:\mahaa\node_modules\@babel\parser\lib\index.js:14535:26)
    at parser (C:\mahaa\node_modules\@babel\core\lib\parser\index.js:41:34)
    at parser.next (<anonymous>)
    at normalizeFile (C:\mahaa\node_modules\@babel\core\lib\transformation\normalize-file.js:51:37)
    at normalizeFile.next (<anonymous>)
Web  ERROR  [TransformError: SyntaxError: C:\mahaa\src\app\(candidate)\add-post.tsx: Unexpected token (232:0)

  230 |
  231 |
> 232 |
      | ^]
Web  ERROR  [TransformError: SyntaxError: C:\mahaa\src\app\(candidate)\add-post.tsx: Unexpected token (232:0)

  230 |
  231 |
> 232 |
      | ^]
Web  ERROR  [TransformError: SyntaxError: C:\mahaa\src\app\(candidate)\add-post.tsx: Unexpected token (232:0)

  230 |
  231 |
> 232 |
      | ^]
 ERROR  SyntaxError: C:\mahaa\src\app\(candidate)\add-post.tsx: Unexpected token (232:0)

  230 |
  231 |
> 232 |
      | ^
    at constructor (C:\mahaa\node_modules\@babel\parser\lib\index.js:369:19)
    at TypeScriptParserMixin.raise (C:\mahaa\node_modules\@babel\parser\lib\index.js:6622:19)
    at TypeScriptParserMixin.unexpected (C:\mahaa\node_modules\@babel\parser\lib\index.js:6642:16)
    at TypeScriptParserMixin.parseExprAtom (C:\mahaa\node_modules\@babel\parser\lib\index.js:11473:22)
    at TypeScriptParserMixin.parseExprAtom (C:\mahaa\node_modules\@babel\parser\lib\index.js:4782:20)
    at TypeScriptParserMixin.parseExprSubscripts (C:\mahaa\node_modules\@babel\parser\lib\index.js:11107:23)
    at TypeScriptParserMixin.parseUpdate (C:\mahaa\node_modules\@babel\parser\lib\index.js:11092:21)
    at TypeScriptParserMixin.parseMaybeUnary (C:\mahaa\node_modules\@babel\parser\lib\index.js:11072:23)
    at TypeScriptParserMixin.parseMaybeUnary (C:\mahaa\node_modules\@babel\parser\lib\index.js:9860:18)
    at TypeScriptParserMixin.parseMaybeUnaryOrPrivate (C:\mahaa\node_modules\@babel\parser\lib\index.js:10925:61)
    at TypeScriptParserMixin.parseExprOps (C:\mahaa\node_modules\@babel\parser\lib\index.js:10930:23)
    at TypeScriptParserMixin.parseMaybeConditional (C:\mahaa\node_modules\@babel\parser\lib\index.js:10907:23)
    at TypeScriptParserMixin.parseMaybeAssign (C:\mahaa\node_modules\@babel\parser\lib\index.js:10857:21)
    at TypeScriptParserMixin.parseMaybeAssign (C:\mahaa\node_modules\@babel\parser\lib\index.js:9809:20)
    at TypeScriptParserMixin.parseExpressionBase (C:\mahaa\node_modules\@babel\parser\lib\index.js:10810:23)
    at C:\mahaa\node_modules\@babel\parser\lib\index.js:10806:39
    at TypeScriptParserMixin.allowInAnd (C:\mahaa\node_modules\@babel\parser\lib\index.js:12455:16)
    at TypeScriptParserMixin.parseExpression (C:\mahaa\node_modules\@babel\parser\lib\index.js:10806:17)
    at TypeScriptParserMixin.parseStatementContent (C:\mahaa\node_modules\@babel\parser\lib\index.js:12929:23)
    at TypeScriptParserMixin.parseStatementContent (C:\mahaa\node_modules\@babel\parser\lib\index.js:9531:18)
    at TypeScriptParserMixin.parseStatementLike (C:\mahaa\node_modules\@babel\parser\lib\index.js:12801:17)
    at TypeScriptParserMixin.parseStatementListItem (C:\mahaa\node_modules\@babel\parser\lib\index.js:12781:17)
    at TypeScriptParserMixin.parseBlockOrModuleBlockBody (C:\mahaa\node_modules\@babel\parser\lib\index.js:13350:61)
    at TypeScriptParserMixin.parseBlockBody (C:\mahaa\node_modules\@babel\parser\lib\index.js:13343:10)
    at TypeScriptParserMixin.parseBlock (C:\mahaa\node_modules\@babel\parser\lib\index.js:13331:10)
    at TypeScriptParserMixin.parseFunctionBody (C:\mahaa\node_modules\@babel\parser\lib\index.js:12134:24)
    at TypeScriptParserMixin.parseFunctionBodyAndFinish (C:\mahaa\node_modules\@babel\parser\lib\index.js:12120:10)
    at TypeScriptParserMixin.parseFunctionBodyAndFinish (C:\mahaa\node_modules\@babel\parser\lib\index.js:9195:18)
    at C:\mahaa\node_modules\@babel\parser\lib\index.js:13479:12
    at TypeScriptParserMixin.withSmartMixTopicForbiddingContext (C:\mahaa\node_modules\@babel\parser\lib\index.js:12437:14)
    at TypeScriptParserMixin.parseFunction (C:\mahaa\node_modules\@babel\parser\lib\index.js:13478:10)
    at TypeScriptParserMixin.parseExportDefaultExpression (C:\mahaa\node_modules\@babel\parser\lib\index.js:13941:19)
    at TypeScriptParserMixin.parseExportDefaultExpression (C:\mahaa\node_modules\@babel\parser\lib\index.js:9425:18)
    at TypeScriptParserMixin.parseExport (C:\mahaa\node_modules\@babel\parser\lib\index.js:13862:25)
    at TypeScriptParserMixin.parseExport (C:\mahaa\node_modules\@babel\parser\lib\index.js:9408:20)
    at TypeScriptParserMixin.parseStatementContent (C:\mahaa\node_modules\@babel\parser\lib\index.js:12912:27)
    at TypeScriptParserMixin.parseStatementContent (C:\mahaa\node_modules\@babel\parser\lib\index.js:9531:18)
    at TypeScriptParserMixin.parseStatementLike (C:\mahaa\node_modules\@babel\parser\lib\index.js:12801:17)
    at TypeScriptParserMixin.parseModuleItem (C:\mahaa\node_modules\@babel\parser\lib\index.js:12778:17)
    at TypeScriptParserMixin.parseBlockOrModuleBlockBody (C:\mahaa\node_modules\@babel\parser\lib\index.js:13350:36)
    at TypeScriptParserMixin.parseBlockBody (C:\mahaa\node_modules\@babel\parser\lib\index.js:13343:10)
    at TypeScriptParserMixin.parseProgram (C:\mahaa\node_modules\@babel\parser\lib\index.js:12656:10)
    at TypeScriptParserMixin.parseTopLevel (C:\mahaa\node_modules\@babel\parser\lib\index.js:12646:25)
    at TypeScriptParserMixin.parse (C:\mahaa\node_modules\@babel\parser\lib\index.js:14522:25)
    at TypeScriptParserMixin.parse (C:\mahaa\node_modules\@babel\parser\lib\index.js:10149:18)
    at parse (C:\mahaa\node_modules\@babel\parser\lib\index.js:14535:26)
    at parser (C:\mahaa\node_modules\@babel\core\lib\parser\index.js:41:34)
    at parser.next (<anonymous>)
    at normalizeFile (C:\mahaa\node_modules\@babel\core\lib\transformation\normalize-file.js:51:37)
    at normalizeFile.next (<anonymous>)
Web  ERROR  [TransformError: SyntaxError: C:\mahaa\src\app\(candidate)\add-post.tsx: Unexpected token (232:0)

  230 |
  231 |
> 232 |
      | ^]
Web  ERROR  [TransformError: SyntaxError: C:\mahaa\src\app\(candidate)\add-post.tsx: Unexpected token (232:0)

  230 |
  231 |
> 232 |
      | ^]
Web  ERROR  [TransformError: SyntaxError: C:\mahaa\src\app\(candidate)\add-post.tsx: Unexpected token (232:0)

  230 |
  231 |
> 232 |
      | ^]
 ERROR  SyntaxError: C:\mahaa\src\app\(candidate)\add-post.tsx: Unexpected token (232:0)

  230 |
  231 |
> 232 |
      | ^
    at constructor (C:\mahaa\node_modules\@babel\parser\lib\index.js:369:19)
    at TypeScriptParserMixin.raise (C:\mahaa\node_modules\@babel\parser\lib\index.js:6622:19)
    at TypeScriptParserMixin.unexpected (C:\mahaa\node_modules\@babel\parser\lib\index.js:6642:16)
    at TypeScriptParserMixin.parseExprAtom (C:\mahaa\node_modules\@babel\parser\lib\index.js:11473:22)
    at TypeScriptParserMixin.parseExprAtom (C:\mahaa\node_modules\@babel\parser\lib\index.js:4782:20)
    at TypeScriptParserMixin.parseExprSubscripts (C:\mahaa\node_modules\@babel\parser\lib\index.js:11107:23)
    at TypeScriptParserMixin.parseUpdate (C:\mahaa\node_modules\@babel\parser\lib\index.js:11092:21)
    at TypeScriptParserMixin.parseMaybeUnary (C:\mahaa\node_modules\@babel\parser\lib\index.js:11072:23)
    at TypeScriptParserMixin.parseMaybeUnary (C:\mahaa\node_modules\@babel\parser\lib\index.js:9860:18)
    at TypeScriptParserMixin.parseMaybeUnaryOrPrivate (C:\mahaa\node_modules\@babel\parser\lib\index.js:10925:61)
    at TypeScriptParserMixin.parseExprOps (C:\mahaa\node_modules\@babel\parser\lib\index.js:10930:23)
    at TypeScriptParserMixin.parseMaybeConditional (C:\mahaa\node_modules\@babel\parser\lib\index.js:10907:23)
    at TypeScriptParserMixin.parseMaybeAssign (C:\mahaa\node_modules\@babel\parser\lib\index.js:10857:21)
    at TypeScriptParserMixin.parseMaybeAssign (C:\mahaa\node_modules\@babel\parser\lib\index.js:9809:20)
    at TypeScriptParserMixin.parseExpressionBase (C:\mahaa\node_modules\@babel\parser\lib\index.js:10810:23)
    at C:\mahaa\node_modules\@babel\parser\lib\index.js:10806:39
    at TypeScriptParserMixin.allowInAnd (C:\mahaa\node_modules\@babel\parser\lib\index.js:12455:16)
    at TypeScriptParserMixin.parseExpression (C:\mahaa\node_modules\@babel\parser\lib\index.js:10806:17)
    at TypeScriptParserMixin.parseStatementContent (C:\mahaa\node_modules\@babel\parser\lib\index.js:12929:23)
    at TypeScriptParserMixin.parseStatementContent (C:\mahaa\node_modules\@babel\parser\lib\index.js:9531:18)
    at TypeScriptParserMixin.parseStatementLike (C:\mahaa\node_modules\@babel\parser\lib\index.js:12801:17)
    at TypeScriptParserMixin.parseStatementListItem (C:\mahaa\node_modules\@babel\parser\lib\index.js:12781:17)
    at TypeScriptParserMixin.parseBlockOrModuleBlockBody (C:\mahaa\node_modules\@babel\parser\lib\index.js:13350:61)
    at TypeScriptParserMixin.parseBlockBody (C:\mahaa\node_modules\@babel\parser\lib\index.js:13343:10)
    at TypeScriptParserMixin.parseBlock (C:\mahaa\node_modules\@babel\parser\lib\index.js:13331:10)
    at TypeScriptParserMixin.parseFunctionBody (C:\mahaa\node_modules\@babel\parser\lib\index.js:12134:24)
    at TypeScriptParserMixin.parseFunctionBodyAndFinish (C:\mahaa\node_modules\@babel\parser\lib\index.js:12120:10)
    at TypeScriptParserMixin.parseFunctionBodyAndFinish (C:\mahaa\node_modules\@babel\parser\lib\index.js:9195:18)
    at C:\mahaa\node_modules\@babel\parser\lib\index.js:13479:12
    at TypeScriptParserMixin.withSmartMixTopicForbiddingContext (C:\mahaa\node_modules\@babel\parser\lib\index.js:12437:14)
    at TypeScriptParserMixin.parseFunction (C:\mahaa\node_modules\@babel\parser\lib\index.js:13478:10)
    at TypeScriptParserMixin.parseExportDefaultExpression (C:\mahaa\node_modules\@babel\parser\lib\index.js:13941:19)
    at TypeScriptParserMixin.parseExportDefaultExpression (C:\mahaa\node_modules\@babel\parser\lib\index.js:9425:18)
    at TypeScriptParserMixin.parseExport (C:\mahaa\node_modules\@babel\parser\lib\index.js:13862:25)
    at TypeScriptParserMixin.parseExport (C:\mahaa\node_modules\@babel\parser\lib\index.js:9408:20)
    at TypeScriptParserMixin.parseStatementContent (C:\mahaa\node_modules\@babel\parser\lib\index.js:12912:27)
    at TypeScriptParserMixin.parseStatementContent (C:\mahaa\node_modules\@babel\parser\lib\index.js:9531:18)
    at TypeScriptParserMixin.parseStatementLike (C:\mahaa\node_modules\@babel\parser\lib\index.js:12801:17)
    at TypeScriptParserMixin.parseModuleItem (C:\mahaa\node_modules\@babel\parser\lib\index.js:12778:17)
    at TypeScriptParserMixin.parseBlockOrModuleBlockBody (C:\mahaa\node_modules\@babel\parser\lib\index.js:13350:36)
    at TypeScriptParserMixin.parseBlockBody (C:\mahaa\node_modules\@babel\parser\lib\index.js:13343:10)
    at TypeScriptParserMixin.parseProgram (C:\mahaa\node_modules\@babel\parser\lib\index.js:12656:10)
    at TypeScriptParserMixin.parseTopLevel (C:\mahaa\node_modules\@babel\parser\lib\index.js:12646:25)
    at TypeScriptParserMixin.parse (C:\mahaa\node_modules\@babel\parser\lib\index.js:14522:25)
    at TypeScriptParserMixin.parse (C:\mahaa\node_modules\@babel\parser\lib\index.js:10149:18)
    at parse (C:\mahaa\node_modules\@babel\parser\lib\index.js:14535:26)
    at parser (C:\mahaa\node_modules\@babel\core\lib\parser\index.js:41:34)
    at parser.next (<anonymous>)
    at normalizeFile (C:\mahaa\node_modules\@babel\core\lib\transformation\normalize-file.js:51:37)
    at normalizeFile.next (<anonymous>)
Web  ERROR  [TransformError: SyntaxError: C:\mahaa\src\app\(candidate)\add-post.tsx: Unexpected token (232:0)

  230 |
  231 |
> 232 |
      | ^]
Web  ERROR  [TransformError: SyntaxError: C:\mahaa\src\app\(candidate)\add-post.tsx: Unexpected token (232:0)

  230 |
  231 |
> 232 |
      | ^]
Web  ERROR  [TransformError: SyntaxError: C:\mahaa\src\app\(candidate)\add-post.tsx: Unexpected token (232:0)

  230 |
  231 |
> 232 |
      | ^]
 ERROR  SyntaxError: C:\mahaa\src\app\(candidate)\add-post.tsx: Unexpected token (232:0)

  230 |
  231 |
> 232 |
      | ^
    at constructor (C:\mahaa\node_modules\@babel\parser\lib\index.js:369:19)
    at TypeScriptParserMixin.raise (C:\mahaa\node_modules\@babel\parser\lib\index.js:6622:19)
    at TypeScriptParserMixin.unexpected (C:\mahaa\node_modules\@babel\parser\lib\index.js:6642:16)
    at TypeScriptParserMixin.parseExprAtom (C:\mahaa\node_modules\@babel\parser\lib\index.js:11473:22)
    at TypeScriptParserMixin.parseExprAtom (C:\mahaa\node_modules\@babel\parser\lib\index.js:4782:20)
    at TypeScriptParserMixin.parseExprSubscripts (C:\mahaa\node_modules\@babel\parser\lib\index.js:11107:23)
    at TypeScriptParserMixin.parseUpdate (C:\mahaa\node_modules\@babel\parser\lib\index.js:11092:21)
    at TypeScriptParserMixin.parseMaybeUnary (C:\mahaa\node_modules\@babel\parser\lib\index.js:11072:23)
    at TypeScriptParserMixin.parseMaybeUnary (C:\mahaa\node_modules\@babel\parser\lib\index.js:9860:18)
    at TypeScriptParserMixin.parseMaybeUnaryOrPrivate (C:\mahaa\node_modules\@babel\parser\lib\index.js:10925:61)
    at TypeScriptParserMixin.parseExprOps (C:\mahaa\node_modules\@babel\parser\lib\index.js:10930:23)
    at TypeScriptParserMixin.parseMaybeConditional (C:\mahaa\node_modules\@babel\parser\lib\index.js:10907:23)
    at TypeScriptParserMixin.parseMaybeAssign (C:\mahaa\node_modules\@babel\parser\lib\index.js:10857:21)
    at TypeScriptParserMixin.parseMaybeAssign (C:\mahaa\node_modules\@babel\parser\lib\index.js:9809:20)
    at TypeScriptParserMixin.parseExpressionBase (C:\mahaa\node_modules\@babel\parser\lib\index.js:10810:23)
    at C:\mahaa\node_modules\@babel\parser\lib\index.js:10806:39
    at TypeScriptParserMixin.allowInAnd (C:\mahaa\node_modules\@babel\parser\lib\index.js:12455:16)
    at TypeScriptParserMixin.parseExpression (C:\mahaa\node_modules\@babel\parser\lib\index.js:10806:17)
    at TypeScriptParserMixin.parseStatementContent (C:\mahaa\node_modules\@babel\parser\lib\index.js:12929:23)
    at TypeScriptParserMixin.parseStatementContent (C:\mahaa\node_modules\@babel\parser\lib\index.js:9531:18)
    at TypeScriptParserMixin.parseStatementLike (C:\mahaa\node_modules\@babel\parser\lib\index.js:12801:17)
    at TypeScriptParserMixin.parseStatementListItem (C:\mahaa\node_modules\@babel\parser\lib\index.js:12781:17)
    at TypeScriptParserMixin.parseBlockOrModuleBlockBody (C:\mahaa\node_modules\@babel\parser\lib\index.js:13350:61)
    at TypeScriptParserMixin.parseBlockBody (C:\mahaa\node_modules\@babel\parser\lib\index.js:13343:10)
    at TypeScriptParserMixin.parseBlock (C:\mahaa\node_modules\@babel\parser\lib\index.js:13331:10)
    at TypeScriptParserMixin.parseFunctionBody (C:\mahaa\node_modules\@babel\parser\lib\index.js:12134:24)
    at TypeScriptParserMixin.parseFunctionBodyAndFinish (C:\mahaa\node_modules\@babel\parser\lib\index.js:12120:10)
    at TypeScriptParserMixin.parseFunctionBodyAndFinish (C:\mahaa\node_modules\@babel\parser\lib\index.js:9195:18)
    at C:\mahaa\node_modules\@babel\parser\lib\index.js:13479:12
    at TypeScriptParserMixin.withSmartMixTopicForbiddingContext (C:\mahaa\node_modules\@babel\parser\lib\index.js:12437:14)
    at TypeScriptParserMixin.parseFunction (C:\mahaa\node_modules\@babel\parser\lib\index.js:13478:10)
    at TypeScriptParserMixin.parseExportDefaultExpression (C:\mahaa\node_modules\@babel\parser\lib\index.js:13941:19)
    at TypeScriptParserMixin.parseExportDefaultExpression (C:\mahaa\node_modules\@babel\parser\lib\index.js:9425:18)
    at TypeScriptParserMixin.parseExport (C:\mahaa\node_modules\@babel\parser\lib\index.js:13862:25)
    at TypeScriptParserMixin.parseExport (C:\mahaa\node_modules\@babel\parser\lib\index.js:9408:20)
    at TypeScriptParserMixin.parseStatementContent (C:\mahaa\node_modules\@babel\parser\lib\index.js:12912:27)
    at TypeScriptParserMixin.parseStatementContent (C:\mahaa\node_modules\@babel\parser\lib\index.js:9531:18)
    at TypeScriptParserMixin.parseStatementLike (C:\mahaa\node_modules\@babel\parser\lib\index.js:12801:17)
    at TypeScriptParserMixin.parseModuleItem (C:\mahaa\node_modules\@babel\parser\lib\index.js:12778:17)
    at TypeScriptParserMixin.parseBlockOrModuleBlockBody (C:\mahaa\node_modules\@babel\parser\lib\index.js:13350:36)
    at TypeScriptParserMixin.parseBlockBody (C:\mahaa\node_modules\@babel\parser\lib\index.js:13343:10)
    at TypeScriptParserMixin.parseProgram (C:\mahaa\node_modules\@babel\parser\lib\index.js:12656:10)
    at TypeScriptParserMixin.parseTopLevel (C:\mahaa\node_modules\@babel\parser\lib\index.js:12646:25)
    at TypeScriptParserMixin.parse (C:\mahaa\node_modules\@babel\parser\lib\index.js:14522:25)
    at TypeScriptParserMixin.parse (C:\mahaa\node_modules\@babel\parser\lib\index.js:10149:18)
    at parse (C:\mahaa\node_modules\@babel\parser\lib\index.js:14535:26)
    at parser (C:\mahaa\node_modules\@babel\core\lib\parser\index.js:41:34)
    at parser.next (<anonymous>)
    at normalizeFile (C:\mahaa\node_modules\@babel\core\lib\transformation\normalize-file.js:51:37)
    at normalizeFile.next (<anonymous>)
Web Bundling failed 38663ms node_modules\expo-router\entry.js (1 module)
Web  ERROR  [TransformError: SyntaxError: C:\mahaa\src\app\(candidate)\add-post.tsx: Unexpected token (232:0)

  230 |
  231 |
> 232 |
      | ^]
Web  ERROR  [TransformError: SyntaxError: C:\mahaa\src\app\(candidate)\add-post.tsx: Unexpected token (232:0)

  230 |
  231 |
> 232 |
      | ^]
Web  ERROR  [TransformError: SyntaxError: C:\mahaa\src\app\(candidate)\add-post.tsx: Unexpected token (232:0)

  230 |
  231 |
> 232 |
      | ^]

Metro error: SyntaxError: C:\mahaa\src\app\(candidate)\add-post.tsx: Unexpected token (232:0)

[0m [90m 230 |[39m
 [90m 231 |[39m
[31m[1m>[22m[39m[90m 232 |[39m
 [90m     |[39m [31m[1m^[22m[39m[0m

Call Stack
  <unknown> (src\app\(candidate)\add-post.tsx:232)
λ Bundled 45936ms node_modules\expo\node_modules\@expo\cli\node_modules\@expo\router-server\node\render.js (1 module)
λ Bundled 25637ms node_modules\expo\node_modules\@expo\cli\node_modules\@expo\router-server\node\render.js (1 module)
 ERROR  SyntaxError: C:\mahaa\src\app\(candidate)\add-post.tsx: Unexpected token (232:0)

  230 |
  231 |
> 232 |
      | ^
    at constructor (C:\mahaa\node_modules\@babel\parser\lib\index.js:369:19)
    at TypeScriptParserMixin.raise (C:\mahaa\node_modules\@babel\parser\lib\index.js:6622:19)
    at TypeScriptParserMixin.unexpected (C:\mahaa\node_modules\@babel\parser\lib\index.js:6642:16)
    at TypeScriptParserMixin.parseExprAtom (C:\mahaa\node_modules\@babel\parser\lib\index.js:11473:22)
    at TypeScriptParserMixin.parseExprAtom (C:\mahaa\node_modules\@babel\parser\lib\index.js:4782:20)
    at TypeScriptParserMixin.parseExprSubscripts (C:\mahaa\node_modules\@babel\parser\lib\index.js:11107:23)
    at TypeScriptParserMixin.parseUpdate (C:\mahaa\node_modules\@babel\parser\lib\index.js:11092:21)
    at TypeScriptParserMixin.parseMaybeUnary (C:\mahaa\node_modules\@babel\parser\lib\index.js:11072:23)
    at TypeScriptParserMixin.parseMaybeUnary (C:\mahaa\node_modules\@babel\parser\lib\index.js:9860:18)
    at TypeScriptParserMixin.parseMaybeUnaryOrPrivate (C:\mahaa\node_modules\@babel\parser\lib\index.js:10925:61)
    at TypeScriptParserMixin.parseExprOps (C:\mahaa\node_modules\@babel\parser\lib\index.js:10930:23)
    at TypeScriptParserMixin.parseMaybeConditional (C:\mahaa\node_modules\@babel\parser\lib\index.js:10907:23)
    at TypeScriptParserMixin.parseMaybeAssign (C:\mahaa\node_modules\@babel\parser\lib\index.js:10857:21)
    at TypeScriptParserMixin.parseMaybeAssign (C:\mahaa\node_modules\@babel\parser\lib\index.js:9809:20)
    at TypeScriptParserMixin.parseExpressionBase (C:\mahaa\node_modules\@babel\parser\lib\index.js:10810:23)
    at C:\mahaa\node_modules\@babel\parser\lib\index.js:10806:39
    at TypeScriptParserMixin.allowInAnd (C:\mahaa\node_modules\@babel\parser\lib\index.js:12455:16)
    at TypeScriptParserMixin.parseExpression (C:\mahaa\node_modules\@babel\parser\lib\index.js:10806:17)
    at TypeScriptParserMixin.parseStatementContent (C:\mahaa\node_modules\@babel\parser\lib\index.js:12929:23)
    at TypeScriptParserMixin.parseStatementContent (C:\mahaa\node_modules\@babel\parser\lib\index.js:9531:18)
    at TypeScriptParserMixin.parseStatementLike (C:\mahaa\node_modules\@babel\parser\lib\index.js:12801:17)
    at TypeScriptParserMixin.parseStatementListItem (C:\mahaa\node_modules\@babel\parser\lib\index.js:12781:17)
    at TypeScriptParserMixin.parseBlockOrModuleBlockBody (C:\mahaa\node_modules\@babel\parser\lib\index.js:13350:61)
    at TypeScriptParserMixin.parseBlockBody (C:\mahaa\node_modules\@babel\parser\lib\index.js:13343:10)
    at TypeScriptParserMixin.parseBlock (C:\mahaa\node_modules\@babel\parser\lib\index.js:13331:10)
    at TypeScriptParserMixin.parseFunctionBody (C:\mahaa\node_modules\@babel\parser\lib\index.js:12134:24)
    at TypeScriptParserMixin.parseFunctionBodyAndFinish (C:\mahaa\node_modules\@babel\parser\lib\index.js:12120:10)
    at TypeScriptParserMixin.parseFunctionBodyAndFinish (C:\mahaa\node_modules\@babel\parser\lib\index.js:9195:18)
    at C:\mahaa\node_modules\@babel\parser\lib\index.js:13479:12
    at TypeScriptParserMixin.withSmartMixTopicForbiddingContext (C:\mahaa\node_modules\@babel\parser\lib\index.js:12437:14)
    at TypeScriptParserMixin.parseFunction (C:\mahaa\node_modules\@babel\parser\lib\index.js:13478:10)
    at TypeScriptParserMixin.parseExportDefaultExpression (C:\mahaa\node_modules\@babel\parser\lib\index.js:13941:19)
    at TypeScriptParserMixin.parseExportDefaultExpression (C:\mahaa\node_modules\@babel\parser\lib\index.js:9425:18)
    at TypeScriptParserMixin.parseExport (C:\mahaa\node_modules\@babel\parser\lib\index.js:13862:25)
    at TypeScriptParserMixin.parseExport (C:\mahaa\node_modules\@babel\parser\lib\index.js:9408:20)
    at TypeScriptParserMixin.parseStatementContent (C:\mahaa\node_modules\@babel\parser\lib\index.js:12912:27)
    at TypeScriptParserMixin.parseStatementContent (C:\mahaa\node_modules\@babel\parser\lib\index.js:9531:18)
    at TypeScriptParserMixin.parseStatementLike (C:\mahaa\node_modules\@babel\parser\lib\index.js:12801:17)
    at TypeScriptParserMixin.parseModuleItem (C:\mahaa\node_modules\@babel\parser\lib\index.js:12778:17)
    at TypeScriptParserMixin.parseBlockOrModuleBlockBody (C:\mahaa\node_modules\@babel\parser\lib\index.js:13350:36)
    at TypeScriptParserMixin.parseBlockBody (C:\mahaa\node_modules\@babel\parser\lib\index.js:13343:10)
    at TypeScriptParserMixin.parseProgram (C:\mahaa\node_modules\@babel\parser\lib\index.js:12656:10)
    at TypeScriptParserMixin.parseTopLevel (C:\mahaa\node_modules\@babel\parser\lib\index.js:12646:25)
    at TypeScriptParserMixin.parse (C:\mahaa\node_modules\@babel\parser\lib\index.js:14522:25)
    at TypeScriptParserMixin.parse (C:\mahaa\node_modules\@babel\parser\lib\index.js:10149:18)
    at parse (C:\mahaa\node_modules\@babel\parser\lib\index.js:14535:26)
    at parser (C:\mahaa\node_modules\@babel\core\lib\parser\index.js:41:34)
    at parser.next (<anonymous>)
    at normalizeFile (C:\mahaa\node_modules\@babel\core\lib\transformation\normalize-file.js:51:37)
    at normalizeFile.next (<anonymous>)
Web  ERROR  [TransformError: SyntaxError: C:\mahaa\src\app\(candidate)\add-post.tsx: Unexpected token (232:0)

  230 |
  231 |
> 232 |
      | ^]
Web  ERROR  [TransformError: SyntaxError: C:\mahaa\src\app\(candidate)\add-post.tsx: Unexpected token (232:0)

  230 |
  231 |
> 232 |
      | ^]
Web  ERROR  [TransformError: SyntaxError: C:\mahaa\src\app\(candidate)\add-post.tsx: Unexpected token (232:0)

  230 |
  231 |
> 232 |
      | ^]
Web Bundled 57191ms node_modules\expo-router\entry.js (1 module)
Web Bundled 37104ms node_modules\expo-router\entry.js (1 module)
λ Bundling failed 53859ms node_modules\expo\node_modules\@expo\cli\node_modules\@expo\router-server\node\render.js (1 module)
 ERROR  SyntaxError: C:\mahaa\src\app\(candidate)\add-post.tsx: Unexpected token (235:0)

  233 |
  234 |
> 235 |
      | ^
    at constructor (C:\mahaa\node_modules\@babel\parser\lib\index.js:369:19)
    at TypeScriptParserMixin.raise (C:\mahaa\node_modules\@babel\parser\lib\index.js:6622:19)
    at TypeScriptParserMixin.unexpected (C:\mahaa\node_modules\@babel\parser\lib\index.js:6642:16)
    at TypeScriptParserMixin.parseExprAtom (C:\mahaa\node_modules\@babel\parser\lib\index.js:11473:22)
    at TypeScriptParserMixin.parseExprAtom (C:\mahaa\node_modules\@babel\parser\lib\index.js:4782:20)
    at TypeScriptParserMixin.parseExprSubscripts (C:\mahaa\node_modules\@babel\parser\lib\index.js:11107:23)
    at TypeScriptParserMixin.parseUpdate (C:\mahaa\node_modules\@babel\parser\lib\index.js:11092:21)
    at TypeScriptParserMixin.parseMaybeUnary (C:\mahaa\node_modules\@babel\parser\lib\index.js:11072:23)
    at TypeScriptParserMixin.parseMaybeUnary (C:\mahaa\node_modules\@babel\parser\lib\index.js:9860:18)
    at TypeScriptParserMixin.parseMaybeUnaryOrPrivate (C:\mahaa\node_modules\@babel\parser\lib\index.js:10925:61)
    at TypeScriptParserMixin.parseExprOps (C:\mahaa\node_modules\@babel\parser\lib\index.js:10930:23)
    at TypeScriptParserMixin.parseMaybeConditional (C:\mahaa\node_modules\@babel\parser\lib\index.js:10907:23)
    at TypeScriptParserMixin.parseMaybeAssign (C:\mahaa\node_modules\@babel\parser\lib\index.js:10857:21)
    at TypeScriptParserMixin.parseMaybeAssign (C:\mahaa\node_modules\@babel\parser\lib\index.js:9809:20)
    at TypeScriptParserMixin.parseExpressionBase (C:\mahaa\node_modules\@babel\parser\lib\index.js:10810:23)
    at C:\mahaa\node_modules\@babel\parser\lib\index.js:10806:39
    at TypeScriptParserMixin.allowInAnd (C:\mahaa\node_modules\@babel\parser\lib\index.js:12455:16)
    at TypeScriptParserMixin.parseExpression (C:\mahaa\node_modules\@babel\parser\lib\index.js:10806:17)
    at TypeScriptParserMixin.parseStatementContent (C:\mahaa\node_modules\@babel\parser\lib\index.js:12929:23)
    at TypeScriptParserMixin.parseStatementContent (C:\mahaa\node_modules\@babel\parser\lib\index.js:9531:18)
    at TypeScriptParserMixin.parseStatementLike (C:\mahaa\node_modules\@babel\parser\lib\index.js:12801:17)
    at TypeScriptParserMixin.parseStatementListItem (C:\mahaa\node_modules\@babel\parser\lib\index.js:12781:17)
    at TypeScriptParserMixin.parseBlockOrModuleBlockBody (C:\mahaa\node_modules\@babel\parser\lib\index.js:13350:61)
    at TypeScriptParserMixin.parseBlockBody (C:\mahaa\node_modules\@babel\parser\lib\index.js:13343:10)
    at TypeScriptParserMixin.parseBlock (C:\mahaa\node_modules\@babel\parser\lib\index.js:13331:10)
    at TypeScriptParserMixin.parseFunctionBody (C:\mahaa\node_modules\@babel\parser\lib\index.js:12134:24)
    at TypeScriptParserMixin.parseFunctionBodyAndFinish (C:\mahaa\node_modules\@babel\parser\lib\index.js:12120:10)
    at TypeScriptParserMixin.parseFunctionBodyAndFinish (C:\mahaa\node_modules\@babel\parser\lib\index.js:9195:18)
    at C:\mahaa\node_modules\@babel\parser\lib\index.js:13479:12
    at TypeScriptParserMixin.withSmartMixTopicForbiddingContext (C:\mahaa\node_modules\@babel\parser\lib\index.js:12437:14)
    at TypeScriptParserMixin.parseFunction (C:\mahaa\node_modules\@babel\parser\lib\index.js:13478:10)
    at TypeScriptParserMixin.parseExportDefaultExpression (C:\mahaa\node_modules\@babel\parser\lib\index.js:13941:19)
    at TypeScriptParserMixin.parseExportDefaultExpression (C:\mahaa\node_modules\@babel\parser\lib\index.js:9425:18)
    at TypeScriptParserMixin.parseExport (C:\mahaa\node_modules\@babel\parser\lib\index.js:13862:25)
    at TypeScriptParserMixin.parseExport (C:\mahaa\node_modules\@babel\parser\lib\index.js:9408:20)
    at TypeScriptParserMixin.parseStatementContent (C:\mahaa\node_modules\@babel\parser\lib\index.js:12912:27)
    at TypeScriptParserMixin.parseStatementContent (C:\mahaa\node_modules\@babel\parser\lib\index.js:9531:18)
    at TypeScriptParserMixin.parseStatementLike (C:\mahaa\node_modules\@babel\parser\lib\index.js:12801:17)
    at TypeScriptParserMixin.parseModuleItem (C:\mahaa\node_modules\@babel\parser\lib\index.js:12778:17)
    at TypeScriptParserMixin.parseBlockOrModuleBlockBody (C:\mahaa\node_modules\@babel\parser\lib\index.js:13350:36)
    at TypeScriptParserMixin.parseBlockBody (C:\mahaa\node_modules\@babel\parser\lib\index.js:13343:10)
    at TypeScriptParserMixin.parseProgram (C:\mahaa\node_modules\@babel\parser\lib\index.js:12656:10)
    at TypeScriptParserMixin.parseTopLevel (C:\mahaa\node_modules\@babel\parser\lib\index.js:12646:25)
    at TypeScriptParserMixin.parse (C:\mahaa\node_modules\@babel\parser\lib\index.js:14522:25)
    at TypeScriptParserMixin.parse (C:\mahaa\node_modules\@babel\parser\lib\index.js:10149:18)
    at parse (C:\mahaa\node_modules\@babel\parser\lib\index.js:14535:26)
    at parser (C:\mahaa\node_modules\@babel\core\lib\parser\index.js:41:34)
    at parser.next (<anonymous>)
    at normalizeFile (C:\mahaa\node_modules\@babel\core\lib\transformation\normalize-file.js:51:37)
    at normalizeFile.next (<anonymous>)
Web  ERROR  [TransformError: SyntaxError: C:\mahaa\src\app\(candidate)\add-post.tsx: Unexpected token (235:0)

  233 |
  234 |
> 235 |
      | ^]
Web  ERROR  [TransformError: SyntaxError: C:\mahaa\src\app\(candidate)\add-post.tsx: Unexpected token (235:0)

  233 |
  234 |
> 235 |
      | ^]
 ERROR  SyntaxError: C:\mahaa\src\app\(candidate)\add-post.tsx: Unexpected token (235:0)

  233 |
  234 |
> 235 |
      | ^
    at constructor (C:\mahaa\node_modules\@babel\parser\lib\index.js:369:19)
    at TypeScriptParserMixin.raise (C:\mahaa\node_modules\@babel\parser\lib\index.js:6622:19)
    at TypeScriptParserMixin.unexpected (C:\mahaa\node_modules\@babel\parser\lib\index.js:6642:16)
    at TypeScriptParserMixin.parseExprAtom (C:\mahaa\node_modules\@babel\parser\lib\index.js:11473:22)
    at TypeScriptParserMixin.parseExprAtom (C:\mahaa\node_modules\@babel\parser\lib\index.js:4782:20)
    at TypeScriptParserMixin.parseExprSubscripts (C:\mahaa\node_modules\@babel\parser\lib\index.js:11107:23)
    at TypeScriptParserMixin.parseUpdate (C:\mahaa\node_modules\@babel\parser\lib\index.js:11092:21)
    at TypeScriptParserMixin.parseMaybeUnary (C:\mahaa\node_modules\@babel\parser\lib\index.js:11072:23)
    at TypeScriptParserMixin.parseMaybeUnary (C:\mahaa\node_modules\@babel\parser\lib\index.js:9860:18)
    at TypeScriptParserMixin.parseMaybeUnaryOrPrivate (C:\mahaa\node_modules\@babel\parser\lib\index.js:10925:61)
    at TypeScriptParserMixin.parseExprOps (C:\mahaa\node_modules\@babel\parser\lib\index.js:10930:23)
    at TypeScriptParserMixin.parseMaybeConditional (C:\mahaa\node_modules\@babel\parser\lib\index.js:10907:23)
    at TypeScriptParserMixin.parseMaybeAssign (C:\mahaa\node_modules\@babel\parser\lib\index.js:10857:21)
    at TypeScriptParserMixin.parseMaybeAssign (C:\mahaa\node_modules\@babel\parser\lib\index.js:9809:20)
    at TypeScriptParserMixin.parseExpressionBase (C:\mahaa\node_modules\@babel\parser\lib\index.js:10810:23)
    at C:\mahaa\node_modules\@babel\parser\lib\index.js:10806:39
    at TypeScriptParserMixin.allowInAnd (C:\mahaa\node_modules\@babel\parser\lib\index.js:12455:16)
    at TypeScriptParserMixin.parseExpression (C:\mahaa\node_modules\@babel\parser\lib\index.js:10806:17)
    at TypeScriptParserMixin.parseStatementContent (C:\mahaa\node_modules\@babel\parser\lib\index.js:12929:23)
    at TypeScriptParserMixin.parseStatementContent (C:\mahaa\node_modules\@babel\parser\lib\index.js:9531:18)
    at TypeScriptParserMixin.parseStatementLike (C:\mahaa\node_modules\@babel\parser\lib\index.js:12801:17)
    at TypeScriptParserMixin.parseStatementListItem (C:\mahaa\node_modules\@babel\parser\lib\index.js:12781:17)
    at TypeScriptParserMixin.parseBlockOrModuleBlockBody (C:\mahaa\node_modules\@babel\parser\lib\index.js:13350:61)
    at TypeScriptParserMixin.parseBlockBody (C:\mahaa\node_modules\@babel\parser\lib\index.js:13343:10)
    at TypeScriptParserMixin.parseBlock (C:\mahaa\node_modules\@babel\parser\lib\index.js:13331:10)
    at TypeScriptParserMixin.parseFunctionBody (C:\mahaa\node_modules\@babel\parser\lib\index.js:12134:24)
    at TypeScriptParserMixin.parseFunctionBodyAndFinish (C:\mahaa\node_modules\@babel\parser\lib\index.js:12120:10)
    at TypeScriptParserMixin.parseFunctionBodyAndFinish (C:\mahaa\node_modules\@babel\parser\lib\index.js:9195:18)
    at C:\mahaa\node_modules\@babel\parser\lib\index.js:13479:12
    at TypeScriptParserMixin.withSmartMixTopicForbiddingContext (C:\mahaa\node_modules\@babel\parser\lib\index.js:12437:14)
    at TypeScriptParserMixin.parseFunction (C:\mahaa\node_modules\@babel\parser\lib\index.js:13478:10)
    at TypeScriptParserMixin.parseExportDefaultExpression (C:\mahaa\node_modules\@babel\parser\lib\index.js:13941:19)
    at TypeScriptParserMixin.parseExportDefaultExpression (C:\mahaa\node_modules\@babel\parser\lib\index.js:9425:18)
    at TypeScriptParserMixin.parseExport (C:\mahaa\node_modules\@babel\parser\lib\index.js:13862:25)
    at TypeScriptParserMixin.parseExport (C:\mahaa\node_modules\@babel\parser\lib\index.js:9408:20)
    at TypeScriptParserMixin.parseStatementContent (C:\mahaa\node_modules\@babel\parser\lib\index.js:12912:27)
    at TypeScriptParserMixin.parseStatementContent (C:\mahaa\node_modules\@babel\parser\lib\index.js:9531:18)
    at TypeScriptParserMixin.parseStatementLike (C:\mahaa\node_modules\@babel\parser\lib\index.js:12801:17)
    at TypeScriptParserMixin.parseModuleItem (C:\mahaa\node_modules\@babel\parser\lib\index.js:12778:17)
    at TypeScriptParserMixin.parseBlockOrModuleBlockBody (C:\mahaa\node_modules\@babel\parser\lib\index.js:13350:36)
    at TypeScriptParserMixin.parseBlockBody (C:\mahaa\node_modules\@babel\parser\lib\index.js:13343:10)
    at TypeScriptParserMixin.parseProgram (C:\mahaa\node_modules\@babel\parser\lib\index.js:12656:10)
    at TypeScriptParserMixin.parseTopLevel (C:\mahaa\node_modules\@babel\parser\lib\index.js:12646:25)
    at TypeScriptParserMixin.parse (C:\mahaa\node_modules\@babel\parser\lib\index.js:14522:25)
    at TypeScriptParserMixin.parse (C:\mahaa\node_modules\@babel\parser\lib\index.js:10149:18)
    at parse (C:\mahaa\node_modules\@babel\parser\lib\index.js:14535:26)
    at parser (C:\mahaa\node_modules\@babel\core\lib\parser\index.js:41:34)
    at parser.next (<anonymous>)
    at normalizeFile (C:\mahaa\node_modules\@babel\core\lib\transformation\normalize-file.js:51:37)
    at normalizeFile.next (<anonymous>)
Web Bundling failed 2842ms node_modules\expo-router\entry.js (1 module)
 ERROR  SyntaxError: C:\mahaa\src\app\(candidate)\add-post.tsx: Unexpected token (235:0)

  233 |
  234 |
> 235 |
      | ^
    at constructor (C:\mahaa\node_modules\@babel\parser\lib\index.js:369:19)
    at TypeScriptParserMixin.raise (C:\mahaa\node_modules\@babel\parser\lib\index.js:6622:19)
    at TypeScriptParserMixin.unexpected (C:\mahaa\node_modules\@babel\parser\lib\index.js:6642:16)
    at TypeScriptParserMixin.parseExprAtom (C:\mahaa\node_modules\@babel\parser\lib\index.js:11473:22)
    at TypeScriptParserMixin.parseExprAtom (C:\mahaa\node_modules\@babel\parser\lib\index.js:4782:20)
    at TypeScriptParserMixin.parseExprSubscripts (C:\mahaa\node_modules\@babel\parser\lib\index.js:11107:23)
    at TypeScriptParserMixin.parseUpdate (C:\mahaa\node_modules\@babel\parser\lib\index.js:11092:21)
    at TypeScriptParserMixin.parseMaybeUnary (C:\mahaa\node_modules\@babel\parser\lib\index.js:11072:23)
    at TypeScriptParserMixin.parseMaybeUnary (C:\mahaa\node_modules\@babel\parser\lib\index.js:9860:18)
    at TypeScriptParserMixin.parseMaybeUnaryOrPrivate (C:\mahaa\node_modules\@babel\parser\lib\index.js:10925:61)
    at TypeScriptParserMixin.parseExprOps (C:\mahaa\node_modules\@babel\parser\lib\index.js:10930:23)
    at TypeScriptParserMixin.parseMaybeConditional (C:\mahaa\node_modules\@babel\parser\lib\index.js:10907:23)
    at TypeScriptParserMixin.parseMaybeAssign (C:\mahaa\node_modules\@babel\parser\lib\index.js:10857:21)
    at TypeScriptParserMixin.parseMaybeAssign (C:\mahaa\node_modules\@babel\parser\lib\index.js:9809:20)
    at TypeScriptParserMixin.parseExpressionBase (C:\mahaa\node_modules\@babel\parser\lib\index.js:10810:23)
    at C:\mahaa\node_modules\@babel\parser\lib\index.js:10806:39
    at TypeScriptParserMixin.allowInAnd (C:\mahaa\node_modules\@babel\parser\lib\index.js:12455:16)
    at TypeScriptParserMixin.parseExpression (C:\mahaa\node_modules\@babel\parser\lib\index.js:10806:17)
    at TypeScriptParserMixin.parseStatementContent (C:\mahaa\node_modules\@babel\parser\lib\index.js:12929:23)
    at TypeScriptParserMixin.parseStatementContent (C:\mahaa\node_modules\@babel\parser\lib\index.js:9531:18)
    at TypeScriptParserMixin.parseStatementLike (C:\mahaa\node_modules\@babel\parser\lib\index.js:12801:17)
    at TypeScriptParserMixin.parseStatementListItem (C:\mahaa\node_modules\@babel\parser\lib\index.js:12781:17)
    at TypeScriptParserMixin.parseBlockOrModuleBlockBody (C:\mahaa\node_modules\@babel\parser\lib\index.js:13350:61)
    at TypeScriptParserMixin.parseBlockBody (C:\mahaa\node_modules\@babel\parser\lib\index.js:13343:10)
    at TypeScriptParserMixin.parseBlock (C:\mahaa\node_modules\@babel\parser\lib\index.js:13331:10)
    at TypeScriptParserMixin.parseFunctionBody (C:\mahaa\node_modules\@babel\parser\lib\index.js:12134:24)
    at TypeScriptParserMixin.parseFunctionBodyAndFinish (C:\mahaa\node_modules\@babel\parser\lib\index.js:12120:10)
    at TypeScriptParserMixin.parseFunctionBodyAndFinish (C:\mahaa\node_modules\@babel\parser\lib\index.js:9195:18)
    at C:\mahaa\node_modules\@babel\parser\lib\index.js:13479:12
    at TypeScriptParserMixin.withSmartMixTopicForbiddingContext (C:\mahaa\node_modules\@babel\parser\lib\index.js:12437:14)
    at TypeScriptParserMixin.parseFunction (C:\mahaa\node_modules\@babel\parser\lib\index.js:13478:10)
    at TypeScriptParserMixin.parseExportDefaultExpression (C:\mahaa\node_modules\@babel\parser\lib\index.js:13941:19)
    at TypeScriptParserMixin.parseExportDefaultExpression (C:\mahaa\node_modules\@babel\parser\lib\index.js:9425:18)
    at TypeScriptParserMixin.parseExport (C:\mahaa\node_modules\@babel\parser\lib\index.js:13862:25)
    at TypeScriptParserMixin.parseExport (C:\mahaa\node_modules\@babel\parser\lib\index.js:9408:20)
    at TypeScriptParserMixin.parseStatementContent (C:\mahaa\node_modules\@babel\parser\lib\index.js:12912:27)
    at TypeScriptParserMixin.parseStatementContent (C:\mahaa\node_modules\@babel\parser\lib\index.js:9531:18)
    at TypeScriptParserMixin.parseStatementLike (C:\mahaa\node_modules\@babel\parser\lib\index.js:12801:17)
    at TypeScriptParserMixin.parseModuleItem (C:\mahaa\node_modules\@babel\parser\lib\index.js:12778:17)
    at TypeScriptParserMixin.parseBlockOrModuleBlockBody (C:\mahaa\node_modules\@babel\parser\lib\index.js:13350:36)
    at TypeScriptParserMixin.parseBlockBody (C:\mahaa\node_modules\@babel\parser\lib\index.js:13343:10)
    at TypeScriptParserMixin.parseProgram (C:\mahaa\node_modules\@babel\parser\lib\index.js:12656:10)
    at TypeScriptParserMixin.parseTopLevel (C:\mahaa\node_modules\@babel\parser\lib\index.js:12646:25)
    at TypeScriptParserMixin.parse (C:\mahaa\node_modules\@babel\parser\lib\index.js:14522:25)
    at TypeScriptParserMixin.parse (C:\mahaa\node_modules\@babel\parser\lib\index.js:10149:18)
    at parse (C:\mahaa\node_modules\@babel\parser\lib\index.js:14535:26)
    at parser (C:\mahaa\node_modules\@babel\core\lib\parser\index.js:41:34)
    at parser.next (<anonymous>)
    at normalizeFile (C:\mahaa\node_modules\@babel\core\lib\transformation\normalize-file.js:51:37)
    at normalizeFile.next (<anonymous>)
Web Bundling failed 10485ms node_modules\expo-router\entry.js (1 module)
 ERROR  SyntaxError: C:\mahaa\src\app\(candidate)\add-post.tsx: Unexpected token (366:0)

  364 |
  365 |
> 366 |
      | ^
    at constructor (C:\mahaa\node_modules\@babel\parser\lib\index.js:369:19)
    at TypeScriptParserMixin.raise (C:\mahaa\node_modules\@babel\parser\lib\index.js:6622:19)
    at TypeScriptParserMixin.unexpected (C:\mahaa\node_modules\@babel\parser\lib\index.js:6642:16)
    at TypeScriptParserMixin.parseExprAtom (C:\mahaa\node_modules\@babel\parser\lib\index.js:11473:22)
    at TypeScriptParserMixin.parseExprAtom (C:\mahaa\node_modules\@babel\parser\lib\index.js:4782:20)
    at TypeScriptParserMixin.parseExprSubscripts (C:\mahaa\node_modules\@babel\parser\lib\index.js:11107:23)
    at TypeScriptParserMixin.parseUpdate (C:\mahaa\node_modules\@babel\parser\lib\index.js:11092:21)
    at TypeScriptParserMixin.parseMaybeUnary (C:\mahaa\node_modules\@babel\parser\lib\index.js:11072:23)
    at TypeScriptParserMixin.parseMaybeUnary (C:\mahaa\node_modules\@babel\parser\lib\index.js:9860:18)
    at TypeScriptParserMixin.parseMaybeUnaryOrPrivate (C:\mahaa\node_modules\@babel\parser\lib\index.js:10925:61)
    at TypeScriptParserMixin.parseExprOps (C:\mahaa\node_modules\@babel\parser\lib\index.js:10930:23)
    at TypeScriptParserMixin.parseMaybeConditional (C:\mahaa\node_modules\@babel\parser\lib\index.js:10907:23)
    at TypeScriptParserMixin.parseMaybeAssign (C:\mahaa\node_modules\@babel\parser\lib\index.js:10857:21)
    at TypeScriptParserMixin.parseMaybeAssign (C:\mahaa\node_modules\@babel\parser\lib\index.js:9809:20)
    at TypeScriptParserMixin.parseExpressionBase (C:\mahaa\node_modules\@babel\parser\lib\index.js:10810:23)
    at C:\mahaa\node_modules\@babel\parser\lib\index.js:10806:39
    at TypeScriptParserMixin.allowInAnd (C:\mahaa\node_modules\@babel\parser\lib\index.js:12455:16)
    at TypeScriptParserMixin.parseExpression (C:\mahaa\node_modules\@babel\parser\lib\index.js:10806:17)
    at TypeScriptParserMixin.parseStatementContent (C:\mahaa\node_modules\@babel\parser\lib\index.js:12929:23)
    at TypeScriptParserMixin.parseStatementContent (C:\mahaa\node_modules\@babel\parser\lib\index.js:9531:18)
    at TypeScriptParserMixin.parseStatementLike (C:\mahaa\node_modules\@babel\parser\lib\index.js:12801:17)
    at TypeScriptParserMixin.parseStatementListItem (C:\mahaa\node_modules\@babel\parser\lib\index.js:12781:17)
    at TypeScriptParserMixin.parseBlockOrModuleBlockBody (C:\mahaa\node_modules\@babel\parser\lib\index.js:13350:61)
    at TypeScriptParserMixin.parseBlockBody (C:\mahaa\node_modules\@babel\parser\lib\index.js:13343:10)
    at TypeScriptParserMixin.parseBlock (C:\mahaa\node_modules\@babel\parser\lib\index.js:13331:10)
    at TypeScriptParserMixin.parseFunctionBody (C:\mahaa\node_modules\@babel\parser\lib\index.js:12134:24)
    at TypeScriptParserMixin.parseFunctionBodyAndFinish (C:\mahaa\node_modules\@babel\parser\lib\index.js:12120:10)
    at TypeScriptParserMixin.parseFunctionBodyAndFinish (C:\mahaa\node_modules\@babel\parser\lib\index.js:9195:18)
    at C:\mahaa\node_modules\@babel\parser\lib\index.js:13479:12
    at TypeScriptParserMixin.withSmartMixTopicForbiddingContext (C:\mahaa\node_modules\@babel\parser\lib\index.js:12437:14)
    at TypeScriptParserMixin.parseFunction (C:\mahaa\node_modules\@babel\parser\lib\index.js:13478:10)
    at TypeScriptParserMixin.parseExportDefaultExpression (C:\mahaa\node_modules\@babel\parser\lib\index.js:13941:19)
    at TypeScriptParserMixin.parseExportDefaultExpression (C:\mahaa\node_modules\@babel\parser\lib\index.js:9425:18)
    at TypeScriptParserMixin.parseExport (C:\mahaa\node_modules\@babel\parser\lib\index.js:13862:25)
    at TypeScriptParserMixin.parseExport (C:\mahaa\node_modules\@babel\parser\lib\index.js:9408:20)
    at TypeScriptParserMixin.parseStatementContent (C:\mahaa\node_modules\@babel\parser\lib\index.js:12912:27)
    at TypeScriptParserMixin.parseStatementContent (C:\mahaa\node_modules\@babel\parser\lib\index.js:9531:18)
    at TypeScriptParserMixin.parseStatementLike (C:\mahaa\node_modules\@babel\parser\lib\index.js:12801:17)
    at TypeScriptParserMixin.parseModuleItem (C:\mahaa\node_modules\@babel\parser\lib\index.js:12778:17)
    at TypeScriptParserMixin.parseBlockOrModuleBlockBody (C:\mahaa\node_modules\@babel\parser\lib\index.js:13350:36)
    at TypeScriptParserMixin.parseBlockBody (C:\mahaa\node_modules\@babel\parser\lib\index.js:13343:10)
    at TypeScriptParserMixin.parseProgram (C:\mahaa\node_modules\@babel\parser\lib\index.js:12656:10)
    at TypeScriptParserMixin.parseTopLevel (C:\mahaa\node_modules\@babel\parser\lib\index.js:12646:25)
    at TypeScriptParserMixin.parse (C:\mahaa\node_modules\@babel\parser\lib\index.js:14522:25)
    at TypeScriptParserMixin.parse (C:\mahaa\node_modules\@babel\parser\lib\index.js:10149:18)
    at parse (C:\mahaa\node_modules\@babel\parser\lib\index.js:14535:26)
    at parser (C:\mahaa\node_modules\@babel\core\lib\parser\index.js:41:34)
    at parser.next (<anonymous>)
    at normalizeFile (C:\mahaa\node_modules\@babel\core\lib\transformation\normalize-file.js:51:37)
    at normalizeFile.next (<anonymous>)
Web Bundled 38027ms .expo\static-tmp\_error.js (133 modules)
λ Bundled 25848ms node_modules\expo\node_modules\@expo\cli\node_modules\@expo\router-server\node\render.js (1 module)
Web Bundled 30845ms node_modules\expo-router\entry.js (1 module)
Web Bundled 9876ms node_modules\expo-router\entry.js (1 module)
Web  INFO  %cDownload the React DevTools for a better development experience: https://react.dev/link/react-devtools font-weight:bold
Web  LOG  Running application "main" with appParams:
 {"hydrate": undefined, "rootTag": "#root"} 
Development-level warnings: ON.
Performance optimizations: OFF.
Web  WARN  "shadow*" style props are deprecated. Use "boxShadow".
Web  WARN  Animated: `useNativeDriver` is not supported because the native animated module is missing. Falling back to JS-based animation. To resolve this, add `RCTAnimation` module to this app, or remove `useNativeDriver`. Make sure to run `bundle exec pod install` first. Read more about autolinking: https://github.com/react-native-community/cli/blob/master/docs/autolinking.md
Web  WARN  expo-file-system is not supported on web
Web  WARN  expo-file-system is not supported on web
Web  WARN  expo-file-system is not supported on web
Web  WARN  expo-file-system is not supported on web
Web  WARN  expo-file-system is not supported on web
Web  WARN  expo-file-system is not supported on web
Web  WARN  expo-file-system is not supported on web
Web  WARN  expo-file-system is not supported on web
Web  WARN  expo-file-system is not supported on web
Web  WARN  expo-file-system is not supported on web
Web  WARN  expo-file-system is not supported on web
Web  WARN  expo-file-system is not supported on web
Web  WARN  expo-file-system is not supported on web
Web  WARN  expo-file-system is not supported on web
Web  WARN  expo-file-system is not supported on web
Web  WARN  expo-file-system is not supported on web
Web  WARN  expo-file-system is not supported on web
Web  WARN  expo-file-system is not supported on web
Web  WARN  expo-file-system is not supported on web
Web  WARN  expo-file-system is not supported on web
Web  WARN  expo-file-system is not supported on web
Web  WARN  expo-file-system is not supported on web
Web  WARN  expo-file-system is not supported on web
Web  WARN  expo-file-system is not supported on web
Web  WARN  expo-file-system is not supported on web
Web  WARN  expo-file-system is not supported on web
Web  WARN  expo-file-system is not supported on web
Web  WARN  expo-file-system is not supported on web
Web  WARN  expo-file-system is not supported on web
Web  WARN  expo-file-system is not supported on web
Web  WARN  expo-file-system is not supported on web
Web  WARN  expo-file-system is not supported on web
Web  WARN  expo-file-system is not supported on web
Web  WARN  expo-file-system is not supported on web
Web  WARN  expo-file-system is not supported on web
Web  WARN  expo-file-system is not supported on web
Web  WARN  expo-file-system is not supported on web
Web  WARN  expo-file-system is not supported on web
Web  WARN  expo-file-system is not supported on web
Web  WARN  expo-file-system is not supported on web
Web  WARN  expo-file-system is not supported on web
Web  WARN  expo-file-system is not supported on web
Web  WARN  expo-file-system is not supported on web
Web  WARN  expo-file-system is not supported on web
Web  WARN  expo-file-system is not supported on web
Web  WARN  expo-file-system is not supported on web
Web  WARN  expo-file-system is not supported on web
Web  WARN  expo-file-system is not supported on web
Web  WARN  expo-file-system is not supported on web
Web  WARN  expo-file-system is not supported on web
Web  WARN  expo-file-system is not supported on web
Web  WARN  expo-file-system is not supported on web
Web  WARN  expo-file-system is not supported on web
Web  WARN  expo-file-system is not supported on web
Web  WARN  expo-file-system is not supported on web
Web  WARN  expo-file-system is not supported on web
Web  WARN  expo-file-system is not supported on web
Web  WARN  expo-file-system is not supported on web
Web  WARN  expo-file-system is not supported on web
Web  WARN  expo-file-system is not supported on web
Web  WARN  expo-file-system is not supported on web
Web  WARN  expo-file-system is not supported on web
Web  WARN  expo-file-system is not supported on web
Web  WARN  expo-file-system is not supported on web
Web  WARN  expo-file-system is not supported on web
Web  WARN  expo-file-system is not supported on web
Web  WARN  expo-file-system is not supported on web
Web  WARN  expo-file-system is not supported on web
Web  WARN  expo-file-system is not supported on web
Web  WARN  expo-file-system is not supported on web
Web  WARN  expo-file-system is not supported on web
Web  WARN  expo-file-system is not supported on web
Web  WARN  expo-file-system is not supported on web
Web  WARN  expo-file-system is not supported on web
Web  WARN  expo-file-system is not supported on web
Web  WARN  expo-file-system is not supported on web
Web  WARN  expo-file-system is not supported on web
Web  WARN  expo-file-system is not supported on web
Web  WARN  expo-file-system is not supported on web
Web  WARN  expo-file-system is not supported on web
Web  WARN  expo-file-system is not supported on web
Web  WARN  expo-file-system is not supported on web
Web  WARN  expo-file-system is not supported on web
Web  WARN  expo-file-system is not supported on web
Web  WARN  expo-file-system is not supported on web
Web  WARN  expo-file-system is not supported on web
Web  WARN  expo-file-system is not supported on web
Web  WARN  expo-file-system is not supported on web
Web  WARN  expo-file-system is not supported on web
Web  WARN  expo-file-system is not supported on web
Web  WARN  expo-file-system is not supported on web
Web  WARN  expo-file-system is not supported on web
Web  WARN  expo-file-system is not supported on web
Web  WARN  expo-file-system is not supported on web
Web  WARN  expo-file-system is not supported on web
Web  WARN  expo-file-system is not supported on web
Web  WARN  expo-file-system is not supported on web
Web  WARN  expo-file-system is not supported on web
Web  WARN  expo-file-system is not supported on web
Web  WARN  expo-file-system is not supported on web
Web  WARN  expo-file-system is not supported on web
Web  WARN  expo-file-system is not supported on web
Web  WARN  expo-file-system is not supported on web
Web  WARN  expo-file-system is not supported on web
Web  WARN  expo-file-system is not supported on web
Web  WARN  expo-file-system is not supported on web
Web  WARN  expo-file-system is not supported on web
Web  WARN  expo-file-system is not supported on web
Web  WARN  expo-file-system is not supported on web
Web  WARN  expo-file-system is not supported on web
Web  ERROR  [ReferenceError: mediaForType is not defined] 

Code: add-post.tsx
[0m [90m 172 |[39m     (type[33m:[39m [33mComposerType[39m) [33m=>[39m {
 [90m 173 |[39m       [36mif[39m (type [33m===[39m draft[33m.[39mtype) [36mreturn[39m[33m;[39m
[31m[1m>[22m[39m[90m 174 |[39m       [36mconst[39m media [33m=[39m mediaForType(type[33m,[39m draft[33m.[39mmedia)[33m;[39m
 [90m     |[39m                     [31m[1m^[22m[39m
 [90m 175 |[39m       [36mconst[39m keptUris [33m=[39m [36mnew[39m [33mSet[39m(media[33m.[39mmap((item) [33m=>[39m item[33m.[39mlocalUri))[33m;[39m
 [90m 176 |[39m
 [90m 177 |[39m       setDraft((current) [33m=>[39m ({ [33m...[39mcurrent[33m,[39m type[33m,[39m media }))[33m;[39m[0m
Call Stack
  changeType (src\app\(candidate)\add-post.tsx:174:21)
  ComposerHeader (src\features\composer\ComposerFields.tsx:70:14) 

Code: ComposerFields.tsx
[0m [90m 61 |[39m           [33m<[39m[33m/[39m[33mAppText[39m[33m>[39m
 [90m 62 |[39m         ) [33m:[39m [36mnull[39m}
[31m[1m>[22m[39m[90m 63 |[39m       [33m<[39m[33m/[39m[33mView[39m[33m>[39m
 [90m    |[39m              [31m[1m^[22m[39m
 [90m 64 |[39m
 [90m 65 |[39m       [33m<[39m[33mButton[39m
 [90m 66 |[39m         label[33m=[39m{publishLabel}[0m
Call Stack
  ComposerHeader (src\features\composer\ComposerFields.tsx:63:14)
  ComposerHeader (src\features\composer\ComposerFields.tsx:63:14)
  CandidateAddPostScreen (src\app\(candidate)\add-post.tsx:440:27)
  CandidateLayout (src\app\(candidate)\_layout.tsx:40:7)
  RootLayout (src\app\_layout.tsx:27:13)
Web  ERROR  [ReferenceError: mediaForType is not defined] 

Code: add-post.tsx
[0m [90m 172 |[39m     (type[33m:[39m [33mComposerType[39m) [33m=>[39m {
 [90m 173 |[39m       [36mif[39m (type [33m===[39m draft[33m.[39mtype) [36mreturn[39m[33m;[39m
[31m[1m>[22m[39m[90m 174 |[39m       [36mconst[39m media [33m=[39m mediaForType(type[33m,[39m draft[33m.[39mmedia)[33m;[39m
 [90m     |[39m                     [31m[1m^[22m[39m
 [90m 175 |[39m       [36mconst[39m keptUris [33m=[39m [36mnew[39m [33mSet[39m(media[33m.[39mmap((item) [33m=>[39m item[33m.[39mlocalUri))[33m;[39m
 [90m 176 |[39m
 [90m 177 |[39m       setDraft((current) [33m=>[39m ({ [33m...[39mcurrent[33m,[39m type[33m,[39m media }))[33m;[39m[0m
Call Stack
  changeType (src\app\(candidate)\add-post.tsx:174:21)
  ComposerHeader (src\features\composer\ComposerFields.tsx:70:14) 

Code: ComposerFields.tsx
[0m [90m 61 |[39m           [33m<[39m[33m/[39m[33mAppText[39m[33m>[39m
 [90m 62 |[39m         ) [33m:[39m [36mnull[39m}
[31m[1m>[22m[39m[90m 63 |[39m       [33m<[39m[33m/[39m[33mView[39m[33m>[39m
 [90m    |[39m              [31m[1m^[22m[39m
 [90m 64 |[39m
 [90m 65 |[39m       [33m<[39m[33mButton[39m
 [90m 66 |[39m         label[33m=[39m{publishLabel}[0m
Call Stack
  ComposerHeader (src\features\composer\ComposerFields.tsx:63:14)
  ComposerHeader (src\features\composer\ComposerFields.tsx:63:14)
  CandidateAddPostScreen (src\app\(candidate)\add-post.tsx:440:27)
  CandidateLayout (src\app\(candidate)\_layout.tsx:40:7)
  RootLayout (src\app\_layout.tsx:27:13)
 ERROR  SyntaxError: C:\mahaa\src\features\composer\composerModel.ts: Unexpected token (473:34)

  471 | ): CreatePostInput {
  472 |   const body = draft.body.trim() || null;
> 473 |   const mediaIds = confirmedMediaI
      |                                   ^
    at constructor (C:\mahaa\node_modules\@babel\parser\lib\index.js:369:19)
    at TypeScriptParserMixin.raise (C:\mahaa\node_modules\@babel\parser\lib\index.js:6622:19)
    at TypeScriptParserMixin.unexpected (C:\mahaa\node_modules\@babel\parser\lib\index.js:6642:16)
    at TypeScriptParserMixin.parseExprAtom (C:\mahaa\node_modules\@babel\parser\lib\index.js:11473:22)
    at TypeScriptParserMixin.parseExprSubscripts (C:\mahaa\node_modules\@babel\parser\lib\index.js:11107:23)
    at TypeScriptParserMixin.parseUpdate (C:\mahaa\node_modules\@babel\parser\lib\index.js:11092:21)
    at TypeScriptParserMixin.parseMaybeUnary (C:\mahaa\node_modules\@babel\parser\lib\index.js:11072:23)
    at TypeScriptParserMixin.parseMaybeUnary (C:\mahaa\node_modules\@babel\parser\lib\index.js:9860:18)
    at TypeScriptParserMixin.parseMaybeUnaryOrPrivate (C:\mahaa\node_modules\@babel\parser\lib\index.js:10925:61)
    at TypeScriptParserMixin.parseExprOps (C:\mahaa\node_modules\@babel\parser\lib\index.js:10930:23)
    at TypeScriptParserMixin.parseMaybeConditional (C:\mahaa\node_modules\@babel\parser\lib\index.js:10907:23)
    at TypeScriptParserMixin.parseMaybeAssign (C:\mahaa\node_modules\@babel\parser\lib\index.js:10857:21)
    at TypeScriptParserMixin.parseMaybeAssign (C:\mahaa\node_modules\@babel\parser\lib\index.js:9809:20)
    at TypeScriptParserMixin.parseExpressionBase (C:\mahaa\node_modules\@babel\parser\lib\index.js:10810:23)
    at C:\mahaa\node_modules\@babel\parser\lib\index.js:10806:39
    at TypeScriptParserMixin.allowInAnd (C:\mahaa\node_modules\@babel\parser\lib\index.js:12455:16)
    at TypeScriptParserMixin.parseExpression (C:\mahaa\node_modules\@babel\parser\lib\index.js:10806:17)
    at TypeScriptParserMixin.parseStatementContent (C:\mahaa\node_modules\@babel\parser\lib\index.js:12929:23)
    at TypeScriptParserMixin.parseStatementContent (C:\mahaa\node_modules\@babel\parser\lib\index.js:9531:18)
    at TypeScriptParserMixin.parseStatementLike (C:\mahaa\node_modules\@babel\parser\lib\index.js:12801:17)
    at TypeScriptParserMixin.parseStatementListItem (C:\mahaa\node_modules\@babel\parser\lib\index.js:12781:17)
    at TypeScriptParserMixin.parseBlockOrModuleBlockBody (C:\mahaa\node_modules\@babel\parser\lib\index.js:13350:61)
    at TypeScriptParserMixin.parseBlockBody (C:\mahaa\node_modules\@babel\parser\lib\index.js:13343:10)
    at TypeScriptParserMixin.parseBlock (C:\mahaa\node_modules\@babel\parser\lib\index.js:13331:10)
    at TypeScriptParserMixin.parseFunctionBody (C:\mahaa\node_modules\@babel\parser\lib\index.js:12134:24)
    at TypeScriptParserMixin.parseFunctionBodyAndFinish (C:\mahaa\node_modules\@babel\parser\lib\index.js:12120:10)
    at TypeScriptParserMixin.parseFunctionBodyAndFinish (C:\mahaa\node_modules\@babel\parser\lib\index.js:9195:18)
    at C:\mahaa\node_modules\@babel\parser\lib\index.js:13479:12
    at TypeScriptParserMixin.withSmartMixTopicForbiddingContext (C:\mahaa\node_modules\@babel\parser\lib\index.js:12437:14)
    at TypeScriptParserMixin.parseFunction (C:\mahaa\node_modules\@babel\parser\lib\index.js:13478:10)
    at TypeScriptParserMixin.parseFunctionStatement (C:\mahaa\node_modules\@babel\parser\lib\index.js:13159:17)
    at TypeScriptParserMixin.parseStatementContent (C:\mahaa\node_modules\@babel\parser\lib\index.js:12825:21)
    at TypeScriptParserMixin.parseStatementContent (C:\mahaa\node_modules\@babel\parser\lib\index.js:9531:18)
    at TypeScriptParserMixin.parseStatementLike (C:\mahaa\node_modules\@babel\parser\lib\index.js:12801:17)
    at TypeScriptParserMixin.parseStatementListItem (C:\mahaa\node_modules\@babel\parser\lib\index.js:12781:17)
    at TypeScriptParserMixin.parseExportDeclaration (C:\mahaa\node_modules\@babel\parser\lib\index.js:13968:17)
    at TypeScriptParserMixin.parseExportDeclaration (C:\mahaa\node_modules\@babel\parser\lib\index.js:9652:85)
    at TypeScriptParserMixin.maybeParseExportDeclaration (C:\mahaa\node_modules\@babel\parser\lib\index.js:13927:31)
    at TypeScriptParserMixin.parseExport (C:\mahaa\node_modules\@babel\parser\lib\index.js:13846:29)
    at TypeScriptParserMixin.parseExport (C:\mahaa\node_modules\@babel\parser\lib\index.js:9408:20)
    at TypeScriptParserMixin.parseStatementContent (C:\mahaa\node_modules\@babel\parser\lib\index.js:12912:27)
    at TypeScriptParserMixin.parseStatementContent (C:\mahaa\node_modules\@babel\parser\lib\index.js:9531:18)
    at TypeScriptParserMixin.parseStatementLike (C:\mahaa\node_modules\@babel\parser\lib\index.js:12801:17)
    at TypeScriptParserMixin.parseModuleItem (C:\mahaa\node_modules\@babel\parser\lib\index.js:12778:17)
    at TypeScriptParserMixin.parseBlockOrModuleBlockBody (C:\mahaa\node_modules\@babel\parser\lib\index.js:13350:36)
    at TypeScriptParserMixin.parseBlockBody (C:\mahaa\node_modules\@babel\parser\lib\index.js:13343:10)
    at TypeScriptParserMixin.parseProgram (C:\mahaa\node_modules\@babel\parser\lib\index.js:12656:10)
    at TypeScriptParserMixin.parseTopLevel (C:\mahaa\node_modules\@babel\parser\lib\index.js:12646:25)
    at TypeScriptParserMixin.parse (C:\mahaa\node_modules\@babel\parser\lib\index.js:14522:25)
    at TypeScriptParserMixin.parse (C:\mahaa\node_modules\@babel\parser\lib\index.js:10149:18)
Web  ERROR  [TransformError: SyntaxError: C:\mahaa\src\features\composer\composerModel.ts: Unexpected token (473:34)

  471 | ): CreatePostInput {
  472 |   const body = draft.body.trim() || null;
> 473 |   const mediaIds = confirmedMediaI
      |                                   ^]
Web  WARN  expo-file-system is not supported on web
Web  WARN  expo-file-system is not supported on web
Web  WARN  expo-file-system is not supported on web
Web  WARN  expo-file-system is not supported on web
Web  WARN  expo-file-system is not supported on web
Web  WARN  expo-file-system is not supported on web
Web  WARN  expo-file-system is not supported on web
Web  WARN  expo-file-system is not supported on web
Web  WARN  expo-file-system is not supported on web
Web  WARN  expo-file-system is not supported on web
Web  WARN  expo-file-system is not supported on web
Web  WARN  expo-file-system is not supported on web
Web  WARN  expo-file-system is not supported on web
Web  WARN  expo-file-system is not supported on web
Web  WARN  expo-file-system is not supported on web
Web  WARN  expo-file-system is not supported on web
Web  WARN  expo-file-system is not supported on web
Web  WARN  expo-file-system is not supported on web
Web  WARN  expo-file-system is not supported on web
Web  WARN  expo-file-system is not supported on web
Web  WARN  expo-file-system is not supported on web
Web  WARN  expo-file-system is not supported on web
Web  WARN  expo-file-system is not supported on web
Web  WARN  expo-file-system is not supported on web
Web  WARN  expo-file-system is not supported on web
Web  WARN  expo-file-system is not supported on web
Web  WARN  expo-file-system is not supported on web
Web  WARN  expo-file-system is not supported on web
Web  WARN  expo-file-system is not supported on web
Web  WARN  expo-file-system is not supported on web
Web  WARN  expo-file-system is not supported on web
Web  WARN  expo-file-system is not supported on web
Web  WARN  expo-file-system is not supported on web
Web  WARN  expo-file-system is not supported on web
Web  WARN  expo-file-system is not supported on web
Web  WARN  expo-file-system is not supported on web
Web  WARN  expo-file-system is not supported on web
Web  WARN  expo-file-system is not supported on web
Web  WARN  expo-file-system is not supported on web
Web  WARN  expo-file-system is not supported on web
Web  WARN  expo-file-system is not supported on web
Web  ERROR  

Code: add-post.tsx
[0m [90m 626 |[39m         onRequestClose[33m=[39m{() [33m=>[39m setAskingToClose([36mfalse[39m)}
 [90m 627 |[39m         testID[33m=[39m[32m"discard-dialog"[39m[33m>[39m
[31m[1m>[22m[39m[90m 628 |[39m         [33m<[39m[33mPressable[39m
 [90m     |[39m         [31m[1m^[22m[39m
 [90m 629 |[39m           accessibilityRole[33m=[39m[32m"button"[39m
 [90m 630 |[39m           accessibilityLabel[33m=[39m[32m"Keep editing"[39m
 [90m 631 |[39m           onPress[33m=[39m{() [33m=>[39m setAskingToClose([36mfalse[39m)}[0m
Call Stack
  CandidateAddPostScreen (src\app\(candidate)\add-post.tsx:628:9)
  CandidateLayout (src\app\(candidate)\_layout.tsx:40:7)
  RootLayout (src\app\_layout.tsx:27:13)
Web  ERROR  

Code: Button.tsx
[0m [90m 42 |[39m
 [90m 43 |[39m   [36mreturn[39m (
[31m[1m>[22m[39m[90m 44 |[39m     [33m<[39m[33mPressable[39m
 [90m    |[39m     [31m[1m^[22m[39m
 [90m 45 |[39m       accessibilityRole[33m=[39m[32m"button"[39m
 [90m 46 |[39m       accessibilityLabel[33m=[39m{label}
 [90m 47 |[39m       accessibilityHint[33m=[39m{accessibilityHint}[0m
Call Stack
  Button (src\components\ui\Button.tsx:44:5)
  CandidateAddPostScreen (src\app\(candidate)\add-post.tsx:656:15)
  CandidateLayout (src\app\(candidate)\_layout.tsx:40:7)
  RootLayout (src\app\_layout.tsx:27:13)
Web  WARN  expo-file-system is not supported on web
Web  WARN  expo-file-system is not supported on web
Web  WARN  [Layout children]: No route named "profile/certifications" exists in nested children: ["add-post", "applications", "community", "home", "innovation-lab", "jobs", "learn", "messages", "notifications", "profile", "saved", "settings", "jobs/[id]", "profile/education", "profile/experience", "profile/projects", "profile/skills", "story/[id]"]
Web  WARN  [Layout children]: No route named "profile/achievements" exists in nested children: ["add-post", "applications", "community", "home", "innovation-lab", "jobs", "learn", "messages", "notifications", "profile", "saved", "settings", "jobs/[id]", "profile/education", "profile/experience", "profile/projects", "profile/skills", "story/[id]"]
Web  WARN  [Layout children]: No route named "profile/preferences" exists in nested children: ["add-post", "applications", "community", "home", "innovation-lab", "jobs", "learn", "messages", "notifications", "profile", "saved", "settings", "jobs/[id]", "profile/education", "profile/experience", "profile/projects", "profile/skills", "story/[id]"]
Web  WARN  [Layout children]: No route named "profile/edit" exists in nested children: ["add-post", "applications", "community", "home", "innovation-lab", "jobs", "learn", "messages", "notifications", "profile", "saved", "settings", "jobs/[id]", "profile/education", "profile/experience", "profile/projects", "profile/skills", "story/[id]"]
 ERROR  SyntaxError: C:\mahaa\src\features\profile\profileStyles.ts: Unexpected token (330:0)

  328 | });
  329 |
> 330 | });
      | ^
  331 |
  332 |
    at constructor (C:\mahaa\node_modules\@babel\parser\lib\index.js:369:19)
    at TypeScriptParserMixin.raise (C:\mahaa\node_modules\@babel\parser\lib\index.js:6622:19)
    at TypeScriptParserMixin.unexpected (C:\mahaa\node_modules\@babel\parser\lib\index.js:6642:16)
    at TypeScriptParserMixin.parseExprAtom (C:\mahaa\node_modules\@babel\parser\lib\index.js:11473:22)
    at TypeScriptParserMixin.parseExprSubscripts (C:\mahaa\node_modules\@babel\parser\lib\index.js:11107:23)
    at TypeScriptParserMixin.parseUpdate (C:\mahaa\node_modules\@babel\parser\lib\index.js:11092:21)
    at TypeScriptParserMixin.parseMaybeUnary (C:\mahaa\node_modules\@babel\parser\lib\index.js:11072:23)
    at TypeScriptParserMixin.parseMaybeUnary (C:\mahaa\node_modules\@babel\parser\lib\index.js:9860:18)
    at TypeScriptParserMixin.parseMaybeUnaryOrPrivate (C:\mahaa\node_modules\@babel\parser\lib\index.js:10925:61)
    at TypeScriptParserMixin.parseExprOps (C:\mahaa\node_modules\@babel\parser\lib\index.js:10930:23)
    at TypeScriptParserMixin.parseMaybeConditional (C:\mahaa\node_modules\@babel\parser\lib\index.js:10907:23)
    at TypeScriptParserMixin.parseMaybeAssign (C:\mahaa\node_modules\@babel\parser\lib\index.js:10857:21)
    at TypeScriptParserMixin.parseMaybeAssign (C:\mahaa\node_modules\@babel\parser\lib\index.js:9809:20)
    at TypeScriptParserMixin.parseExpressionBase (C:\mahaa\node_modules\@babel\parser\lib\index.js:10810:23)
    at C:\mahaa\node_modules\@babel\parser\lib\index.js:10806:39
    at TypeScriptParserMixin.allowInAnd (C:\mahaa\node_modules\@babel\parser\lib\index.js:12455:16)
    at TypeScriptParserMixin.parseExpression (C:\mahaa\node_modules\@babel\parser\lib\index.js:10806:17)
    at TypeScriptParserMixin.parseStatementContent (C:\mahaa\node_modules\@babel\parser\lib\index.js:12929:23)
    at TypeScriptParserMixin.parseStatementContent (C:\mahaa\node_modules\@babel\parser\lib\index.js:9531:18)
    at TypeScriptParserMixin.parseStatementLike (C:\mahaa\node_modules\@babel\parser\lib\index.js:12801:17)
    at TypeScriptParserMixin.parseModuleItem (C:\mahaa\node_modules\@babel\parser\lib\index.js:12778:17)
    at TypeScriptParserMixin.parseBlockOrModuleBlockBody (C:\mahaa\node_modules\@babel\parser\lib\index.js:13350:36)
    at TypeScriptParserMixin.parseBlockBody (C:\mahaa\node_modules\@babel\parser\lib\index.js:13343:10)
    at TypeScriptParserMixin.parseProgram (C:\mahaa\node_modules\@babel\parser\lib\index.js:12656:10)
    at TypeScriptParserMixin.parseTopLevel (C:\mahaa\node_modules\@babel\parser\lib\index.js:12646:25)
    at TypeScriptParserMixin.parse (C:\mahaa\node_modules\@babel\parser\lib\index.js:14522:25)
    at TypeScriptParserMixin.parse (C:\mahaa\node_modules\@babel\parser\lib\index.js:10149:18)
    at parse (C:\mahaa\node_modules\@babel\parser\lib\index.js:14535:26)
    at parser (C:\mahaa\node_modules\@babel\core\lib\parser\index.js:41:34)
    at parser.next (<anonymous>)
    at normalizeFile (C:\mahaa\node_modules\@babel\core\lib\transformation\normalize-file.js:51:37)
    at normalizeFile.next (<anonymous>)
    at run (C:\mahaa\node_modules\@babel\core\lib\transformation\index.js:22:50)
    at run.next (<anonymous>)
    at transform (C:\mahaa\node_modules\@babel\core\lib\transform.js:22:33)
    at transform.next (<anonymous>)
    at evaluateSync (C:\mahaa\node_modules\gensync\index.js:251:28)
    at sync (C:\mahaa\node_modules\gensync\index.js:89:14)
    at stopHiding - secret - don't use this - v1 (C:\mahaa\node_modules\@babel\core\lib\errors\rewrite-stack-trace.js:47:12)
    at Object.transformSync (C:\mahaa\node_modules\@babel\core\lib\transform.js:40:76)
    at parseWithBabel (C:\mahaa\node_modules\@expo\metro-config\build\transformSync.js:75:18)
    at transformSync (C:\mahaa\node_modules\@expo\metro-config\build\transformSync.js:54:16)
    at Object.transform (C:\mahaa\node_modules\@expo\metro-config\build\babel-transformer.js:146:58)
    at transformJSWithBabel (C:\mahaa\node_modules\@expo\metro-config\build\transform-worker\metro-transform-worker.js:495:47)
    at Object.transform (C:\mahaa\node_modules\@expo\metro-config\build\transform-worker\metro-transform-worker.js:614:12)
    at Object.transform (C:\mahaa\node_modules\@expo\metro-config\build\transform-worker\transform-worker.js:179:19)
    at transformFile (C:\mahaa\node_modules\metro\src\DeltaBundler\Worker.flow.js:67:36)
    at Object.transform (C:\mahaa\node_modules\metro\src\DeltaBundler\Worker.flow.js:42:10)
    at execFunction (C:\mahaa\node_modules\jest-worker\build\workers\threadChild.js:167:17)
    at execHelper (C:\mahaa\node_modules\jest-worker\build\workers\threadChild.js:155:5)
Web  ERROR  [TransformError: SyntaxError: C:\mahaa\src\features\profile\profileStyles.ts: Unexpected token (330:0)

  328 | });
  329 |
> 330 | });
      | ^
  331 |
  332 |]
 ERROR  SyntaxError: C:\mahaa\src\features\profile\profileStyles.ts: Unexpected token (330:0)

  328 | });
  329 |
> 330 | });
      | ^
  331 |
  332 |
    at constructor (C:\mahaa\node_modules\@babel\parser\lib\index.js:369:19)
    at TypeScriptParserMixin.raise (C:\mahaa\node_modules\@babel\parser\lib\index.js:6622:19)
    at TypeScriptParserMixin.unexpected (C:\mahaa\node_modules\@babel\parser\lib\index.js:6642:16)
    at TypeScriptParserMixin.parseExprAtom (C:\mahaa\node_modules\@babel\parser\lib\index.js:11473:22)
    at TypeScriptParserMixin.parseExprSubscripts (C:\mahaa\node_modules\@babel\parser\lib\index.js:11107:23)
    at TypeScriptParserMixin.parseUpdate (C:\mahaa\node_modules\@babel\parser\lib\index.js:11092:21)
    at TypeScriptParserMixin.parseMaybeUnary (C:\mahaa\node_modules\@babel\parser\lib\index.js:11072:23)
    at TypeScriptParserMixin.parseMaybeUnary (C:\mahaa\node_modules\@babel\parser\lib\index.js:9860:18)
    at TypeScriptParserMixin.parseMaybeUnaryOrPrivate (C:\mahaa\node_modules\@babel\parser\lib\index.js:10925:61)
    at TypeScriptParserMixin.parseExprOps (C:\mahaa\node_modules\@babel\parser\lib\index.js:10930:23)
    at TypeScriptParserMixin.parseMaybeConditional (C:\mahaa\node_modules\@babel\parser\lib\index.js:10907:23)
    at TypeScriptParserMixin.parseMaybeAssign (C:\mahaa\node_modules\@babel\parser\lib\index.js:10857:21)
    at TypeScriptParserMixin.parseMaybeAssign (C:\mahaa\node_modules\@babel\parser\lib\index.js:9809:20)
    at TypeScriptParserMixin.parseExpressionBase (C:\mahaa\node_modules\@babel\parser\lib\index.js:10810:23)
    at C:\mahaa\node_modules\@babel\parser\lib\index.js:10806:39
    at TypeScriptParserMixin.allowInAnd (C:\mahaa\node_modules\@babel\parser\lib\index.js:12455:16)
    at TypeScriptParserMixin.parseExpression (C:\mahaa\node_modules\@babel\parser\lib\index.js:10806:17)
    at TypeScriptParserMixin.parseStatementContent (C:\mahaa\node_modules\@babel\parser\lib\index.js:12929:23)
    at TypeScriptParserMixin.parseStatementContent (C:\mahaa\node_modules\@babel\parser\lib\index.js:9531:18)
    at TypeScriptParserMixin.parseStatementLike (C:\mahaa\node_modules\@babel\parser\lib\index.js:12801:17)
    at TypeScriptParserMixin.parseModuleItem (C:\mahaa\node_modules\@babel\parser\lib\index.js:12778:17)
    at TypeScriptParserMixin.parseBlockOrModuleBlockBody (C:\mahaa\node_modules\@babel\parser\lib\index.js:13350:36)
    at TypeScriptParserMixin.parseBlockBody (C:\mahaa\node_modules\@babel\parser\lib\index.js:13343:10)
    at TypeScriptParserMixin.parseProgram (C:\mahaa\node_modules\@babel\parser\lib\index.js:12656:10)
    at TypeScriptParserMixin.parseTopLevel (C:\mahaa\node_modules\@babel\parser\lib\index.js:12646:25)
    at TypeScriptParserMixin.parse (C:\mahaa\node_modules\@babel\parser\lib\index.js:14522:25)
    at TypeScriptParserMixin.parse (C:\mahaa\node_modules\@babel\parser\lib\index.js:10149:18)
    at parse (C:\mahaa\node_modules\@babel\parser\lib\index.js:14535:26)
    at parser (C:\mahaa\node_modules\@babel\core\lib\parser\index.js:41:34)
    at parser.next (<anonymous>)
    at normalizeFile (C:\mahaa\node_modules\@babel\core\lib\transformation\normalize-file.js:51:37)
    at normalizeFile.next (<anonymous>)
    at run (C:\mahaa\node_modules\@babel\core\lib\transformation\index.js:22:50)
    at run.next (<anonymous>)
    at transform (C:\mahaa\node_modules\@babel\core\lib\transform.js:22:33)
    at transform.next (<anonymous>)
    at evaluateSync (C:\mahaa\node_modules\gensync\index.js:251:28)
    at sync (C:\mahaa\node_modules\gensync\index.js:89:14)
    at stopHiding - secret - don't use this - v1 (C:\mahaa\node_modules\@babel\core\lib\errors\rewrite-stack-trace.js:47:12)
    at Object.transformSync (C:\mahaa\node_modules\@babel\core\lib\transform.js:40:76)
    at parseWithBabel (C:\mahaa\node_modules\@expo\metro-config\build\transformSync.js:75:18)
    at transformSync (C:\mahaa\node_modules\@expo\metro-config\build\transformSync.js:54:16)
    at Object.transform (C:\mahaa\node_modules\@expo\metro-config\build\babel-transformer.js:146:58)
    at transformJSWithBabel (C:\mahaa\node_modules\@expo\metro-config\build\transform-worker\metro-transform-worker.js:495:47)
    at Object.transform (C:\mahaa\node_modules\@expo\metro-config\build\transform-worker\metro-transform-worker.js:614:12)
    at Object.transform (C:\mahaa\node_modules\@expo\metro-config\build\transform-worker\transform-worker.js:179:19)
    at transformFile (C:\mahaa\node_modules\metro\src\DeltaBundler\Worker.flow.js:67:36)
    at Object.transform (C:\mahaa\node_modules\metro\src\DeltaBundler\Worker.flow.js:42:10)
    at execFunction (C:\mahaa\node_modules\jest-worker\build\workers\threadChild.js:167:17)
    at execHelper (C:\mahaa\node_modules\jest-worker\build\workers\threadChild.js:155:5)
Web  ERROR  [TransformError: SyntaxError: C:\mahaa\src\features\profile\profileStyles.ts: Unexpected token (330:0)

  328 | });
  329 |
> 330 | });
      | ^
  331 |
  332 |]
 ERROR  SyntaxError: C:\mahaa\src\features\profile\profileStyles.ts: Unexpected token (330:0)

  328 | });
  329 |
> 330 | });
      | ^
  331 |
  332 |
    at constructor (C:\mahaa\node_modules\@babel\parser\lib\index.js:369:19)
    at TypeScriptParserMixin.raise (C:\mahaa\node_modules\@babel\parser\lib\index.js:6622:19)
    at TypeScriptParserMixin.unexpected (C:\mahaa\node_modules\@babel\parser\lib\index.js:6642:16)
    at TypeScriptParserMixin.parseExprAtom (C:\mahaa\node_modules\@babel\parser\lib\index.js:11473:22)
    at TypeScriptParserMixin.parseExprSubscripts (C:\mahaa\node_modules\@babel\parser\lib\index.js:11107:23)
    at TypeScriptParserMixin.parseUpdate (C:\mahaa\node_modules\@babel\parser\lib\index.js:11092:21)
    at TypeScriptParserMixin.parseMaybeUnary (C:\mahaa\node_modules\@babel\parser\lib\index.js:11072:23)
    at TypeScriptParserMixin.parseMaybeUnary (C:\mahaa\node_modules\@babel\parser\lib\index.js:9860:18)
    at TypeScriptParserMixin.parseMaybeUnaryOrPrivate (C:\mahaa\node_modules\@babel\parser\lib\index.js:10925:61)
    at TypeScriptParserMixin.parseExprOps (C:\mahaa\node_modules\@babel\parser\lib\index.js:10930:23)
    at TypeScriptParserMixin.parseMaybeConditional (C:\mahaa\node_modules\@babel\parser\lib\index.js:10907:23)
    at TypeScriptParserMixin.parseMaybeAssign (C:\mahaa\node_modules\@babel\parser\lib\index.js:10857:21)
    at TypeScriptParserMixin.parseMaybeAssign (C:\mahaa\node_modules\@babel\parser\lib\index.js:9809:20)
    at TypeScriptParserMixin.parseExpressionBase (C:\mahaa\node_modules\@babel\parser\lib\index.js:10810:23)
    at C:\mahaa\node_modules\@babel\parser\lib\index.js:10806:39
    at TypeScriptParserMixin.allowInAnd (C:\mahaa\node_modules\@babel\parser\lib\index.js:12455:16)
    at TypeScriptParserMixin.parseExpression (C:\mahaa\node_modules\@babel\parser\lib\index.js:10806:17)
    at TypeScriptParserMixin.parseStatementContent (C:\mahaa\node_modules\@babel\parser\lib\index.js:12929:23)
    at TypeScriptParserMixin.parseStatementContent (C:\mahaa\node_modules\@babel\parser\lib\index.js:9531:18)
    at TypeScriptParserMixin.parseStatementLike (C:\mahaa\node_modules\@babel\parser\lib\index.js:12801:17)
    at TypeScriptParserMixin.parseModuleItem (C:\mahaa\node_modules\@babel\parser\lib\index.js:12778:17)
    at TypeScriptParserMixin.parseBlockOrModuleBlockBody (C:\mahaa\node_modules\@babel\parser\lib\index.js:13350:36)
    at TypeScriptParserMixin.parseBlockBody (C:\mahaa\node_modules\@babel\parser\lib\index.js:13343:10)
    at TypeScriptParserMixin.parseProgram (C:\mahaa\node_modules\@babel\parser\lib\index.js:12656:10)
    at TypeScriptParserMixin.parseTopLevel (C:\mahaa\node_modules\@babel\parser\lib\index.js:12646:25)
    at TypeScriptParserMixin.parse (C:\mahaa\node_modules\@babel\parser\lib\index.js:14522:25)
    at TypeScriptParserMixin.parse (C:\mahaa\node_modules\@babel\parser\lib\index.js:10149:18)
    at parse (C:\mahaa\node_modules\@babel\parser\lib\index.js:14535:26)
    at parser (C:\mahaa\node_modules\@babel\core\lib\parser\index.js:41:34)
    at parser.next (<anonymous>)
    at normalizeFile (C:\mahaa\node_modules\@babel\core\lib\transformation\normalize-file.js:51:37)
    at normalizeFile.next (<anonymous>)
    at run (C:\mahaa\node_modules\@babel\core\lib\transformation\index.js:22:50)
    at run.next (<anonymous>)
    at transform (C:\mahaa\node_modules\@babel\core\lib\transform.js:22:33)
    at transform.next (<anonymous>)
    at evaluateSync (C:\mahaa\node_modules\gensync\index.js:251:28)
    at sync (C:\mahaa\node_modules\gensync\index.js:89:14)
    at stopHiding - secret - don't use this - v1 (C:\mahaa\node_modules\@babel\core\lib\errors\rewrite-stack-trace.js:47:12)
    at Object.transformSync (C:\mahaa\node_modules\@babel\core\lib\transform.js:40:76)
    at parseWithBabel (C:\mahaa\node_modules\@expo\metro-config\build\transformSync.js:75:18)
    at transformSync (C:\mahaa\node_modules\@expo\metro-config\build\transformSync.js:54:16)
    at Object.transform (C:\mahaa\node_modules\@expo\metro-config\build\babel-transformer.js:146:58)
    at transformJSWithBabel (C:\mahaa\node_modules\@expo\metro-config\build\transform-worker\metro-transform-worker.js:495:47)
    at Object.transform (C:\mahaa\node_modules\@expo\metro-config\build\transform-worker\metro-transform-worker.js:614:12)
    at Object.transform (C:\mahaa\node_modules\@expo\metro-config\build\transform-worker\transform-worker.js:179:19)
    at transformFile (C:\mahaa\node_modules\metro\src\DeltaBundler\Worker.flow.js:67:36)
    at Object.transform (C:\mahaa\node_modules\metro\src\DeltaBundler\Worker.flow.js:42:10)
    at execFunction (C:\mahaa\node_modules\jest-worker\build\workers\threadChild.js:167:17)
    at execHelper (C:\mahaa\node_modules\jest-worker\build\workers\threadChild.js:155:5)
Web  ERROR  [TransformError: SyntaxError: C:\mahaa\src\features\profile\profileStyles.ts: Unexpected token (330:0)

  328 | });
  329 |
> 330 | });
      | ^
  331 |
  332 |]
 ERROR  SyntaxError: C:\mahaa\src\features\profile\profileStyles.ts: Unexpected token (341:0)

  339 | });
  340 |
> 341 | });
      | ^
  342 |
  343 |
    at constructor (C:\mahaa\node_modules\@babel\parser\lib\index.js:369:19)
    at TypeScriptParserMixin.raise (C:\mahaa\node_modules\@babel\parser\lib\index.js:6622:19)
    at TypeScriptParserMixin.unexpected (C:\mahaa\node_modules\@babel\parser\lib\index.js:6642:16)
    at TypeScriptParserMixin.parseExprAtom (C:\mahaa\node_modules\@babel\parser\lib\index.js:11473:22)
    at TypeScriptParserMixin.parseExprSubscripts (C:\mahaa\node_modules\@babel\parser\lib\index.js:11107:23)
    at TypeScriptParserMixin.parseUpdate (C:\mahaa\node_modules\@babel\parser\lib\index.js:11092:21)
    at TypeScriptParserMixin.parseMaybeUnary (C:\mahaa\node_modules\@babel\parser\lib\index.js:11072:23)
    at TypeScriptParserMixin.parseMaybeUnary (C:\mahaa\node_modules\@babel\parser\lib\index.js:9860:18)
    at TypeScriptParserMixin.parseMaybeUnaryOrPrivate (C:\mahaa\node_modules\@babel\parser\lib\index.js:10925:61)
    at TypeScriptParserMixin.parseExprOps (C:\mahaa\node_modules\@babel\parser\lib\index.js:10930:23)
    at TypeScriptParserMixin.parseMaybeConditional (C:\mahaa\node_modules\@babel\parser\lib\index.js:10907:23)
    at TypeScriptParserMixin.parseMaybeAssign (C:\mahaa\node_modules\@babel\parser\lib\index.js:10857:21)
    at TypeScriptParserMixin.parseMaybeAssign (C:\mahaa\node_modules\@babel\parser\lib\index.js:9809:20)
    at TypeScriptParserMixin.parseExpressionBase (C:\mahaa\node_modules\@babel\parser\lib\index.js:10810:23)
    at C:\mahaa\node_modules\@babel\parser\lib\index.js:10806:39
    at TypeScriptParserMixin.allowInAnd (C:\mahaa\node_modules\@babel\parser\lib\index.js:12455:16)
    at TypeScriptParserMixin.parseExpression (C:\mahaa\node_modules\@babel\parser\lib\index.js:10806:17)
    at TypeScriptParserMixin.parseStatementContent (C:\mahaa\node_modules\@babel\parser\lib\index.js:12929:23)
    at TypeScriptParserMixin.parseStatementContent (C:\mahaa\node_modules\@babel\parser\lib\index.js:9531:18)
    at TypeScriptParserMixin.parseStatementLike (C:\mahaa\node_modules\@babel\parser\lib\index.js:12801:17)
    at TypeScriptParserMixin.parseModuleItem (C:\mahaa\node_modules\@babel\parser\lib\index.js:12778:17)
    at TypeScriptParserMixin.parseBlockOrModuleBlockBody (C:\mahaa\node_modules\@babel\parser\lib\index.js:13350:36)
    at TypeScriptParserMixin.parseBlockBody (C:\mahaa\node_modules\@babel\parser\lib\index.js:13343:10)
    at TypeScriptParserMixin.parseProgram (C:\mahaa\node_modules\@babel\parser\lib\index.js:12656:10)
    at TypeScriptParserMixin.parseTopLevel (C:\mahaa\node_modules\@babel\parser\lib\index.js:12646:25)
    at TypeScriptParserMixin.parse (C:\mahaa\node_modules\@babel\parser\lib\index.js:14522:25)
    at TypeScriptParserMixin.parse (C:\mahaa\node_modules\@babel\parser\lib\index.js:10149:18)
    at parse (C:\mahaa\node_modules\@babel\parser\lib\index.js:14535:26)
    at parser (C:\mahaa\node_modules\@babel\core\lib\parser\index.js:41:34)
    at parser.next (<anonymous>)
    at normalizeFile (C:\mahaa\node_modules\@babel\core\lib\transformation\normalize-file.js:51:37)
    at normalizeFile.next (<anonymous>)
    at run (C:\mahaa\node_modules\@babel\core\lib\transformation\index.js:22:50)
    at run.next (<anonymous>)
    at transform (C:\mahaa\node_modules\@babel\core\lib\transform.js:22:33)
    at transform.next (<anonymous>)
    at evaluateSync (C:\mahaa\node_modules\gensync\index.js:251:28)
    at sync (C:\mahaa\node_modules\gensync\index.js:89:14)
    at stopHiding - secret - don't use this - v1 (C:\mahaa\node_modules\@babel\core\lib\errors\rewrite-stack-trace.js:47:12)
    at Object.transformSync (C:\mahaa\node_modules\@babel\core\lib\transform.js:40:76)
    at parseWithBabel (C:\mahaa\node_modules\@expo\metro-config\build\transformSync.js:75:18)
    at transformSync (C:\mahaa\node_modules\@expo\metro-config\build\transformSync.js:54:16)
    at Object.transform (C:\mahaa\node_modules\@expo\metro-config\build\babel-transformer.js:146:58)
    at transformJSWithBabel (C:\mahaa\node_modules\@expo\metro-config\build\transform-worker\metro-transform-worker.js:495:47)
    at Object.transform (C:\mahaa\node_modules\@expo\metro-config\build\transform-worker\metro-transform-worker.js:614:12)
    at Object.transform (C:\mahaa\node_modules\@expo\metro-config\build\transform-worker\transform-worker.js:179:19)
    at transformFile (C:\mahaa\node_modules\metro\src\DeltaBundler\Worker.flow.js:67:36)
    at Object.transform (C:\mahaa\node_modules\metro\src\DeltaBundler\Worker.flow.js:42:10)
    at execFunction (C:\mahaa\node_modules\jest-worker\build\workers\threadChild.js:167:17)
    at execHelper (C:\mahaa\node_modules\jest-worker\build\workers\threadChild.js:155:5)
Web  ERROR  [TransformError: SyntaxError: C:\mahaa\src\features\profile\profileStyles.ts: Unexpected token (341:0)

  339 | });
  340 |
> 341 | });
      | ^
  342 |
  343 |]
 ERROR  SyntaxError: C:\mahaa\src\features\profile\profileStyles.ts: Unexpected token (341:0)

  339 | });
  340 |
> 341 | });
      | ^
  342 |
  343 |
    at constructor (C:\mahaa\node_modules\@babel\parser\lib\index.js:369:19)
    at TypeScriptParserMixin.raise (C:\mahaa\node_modules\@babel\parser\lib\index.js:6622:19)
    at TypeScriptParserMixin.unexpected (C:\mahaa\node_modules\@babel\parser\lib\index.js:6642:16)
    at TypeScriptParserMixin.parseExprAtom (C:\mahaa\node_modules\@babel\parser\lib\index.js:11473:22)
    at TypeScriptParserMixin.parseExprSubscripts (C:\mahaa\node_modules\@babel\parser\lib\index.js:11107:23)
    at TypeScriptParserMixin.parseUpdate (C:\mahaa\node_modules\@babel\parser\lib\index.js:11092:21)
    at TypeScriptParserMixin.parseMaybeUnary (C:\mahaa\node_modules\@babel\parser\lib\index.js:11072:23)
    at TypeScriptParserMixin.parseMaybeUnary (C:\mahaa\node_modules\@babel\parser\lib\index.js:9860:18)
    at TypeScriptParserMixin.parseMaybeUnaryOrPrivate (C:\mahaa\node_modules\@babel\parser\lib\index.js:10925:61)
    at TypeScriptParserMixin.parseExprOps (C:\mahaa\node_modules\@babel\parser\lib\index.js:10930:23)
    at TypeScriptParserMixin.parseMaybeConditional (C:\mahaa\node_modules\@babel\parser\lib\index.js:10907:23)
    at TypeScriptParserMixin.parseMaybeAssign (C:\mahaa\node_modules\@babel\parser\lib\index.js:10857:21)
    at TypeScriptParserMixin.parseMaybeAssign (C:\mahaa\node_modules\@babel\parser\lib\index.js:9809:20)
    at TypeScriptParserMixin.parseExpressionBase (C:\mahaa\node_modules\@babel\parser\lib\index.js:10810:23)
    at C:\mahaa\node_modules\@babel\parser\lib\index.js:10806:39
    at TypeScriptParserMixin.allowInAnd (C:\mahaa\node_modules\@babel\parser\lib\index.js:12455:16)
    at TypeScriptParserMixin.parseExpression (C:\mahaa\node_modules\@babel\parser\lib\index.js:10806:17)
    at TypeScriptParserMixin.parseStatementContent (C:\mahaa\node_modules\@babel\parser\lib\index.js:12929:23)
    at TypeScriptParserMixin.parseStatementContent (C:\mahaa\node_modules\@babel\parser\lib\index.js:9531:18)
    at TypeScriptParserMixin.parseStatementLike (C:\mahaa\node_modules\@babel\parser\lib\index.js:12801:17)
    at TypeScriptParserMixin.parseModuleItem (C:\mahaa\node_modules\@babel\parser\lib\index.js:12778:17)
    at TypeScriptParserMixin.parseBlockOrModuleBlockBody (C:\mahaa\node_modules\@babel\parser\lib\index.js:13350:36)
    at TypeScriptParserMixin.parseBlockBody (C:\mahaa\node_modules\@babel\parser\lib\index.js:13343:10)
    at TypeScriptParserMixin.parseProgram (C:\mahaa\node_modules\@babel\parser\lib\index.js:12656:10)
    at TypeScriptParserMixin.parseTopLevel (C:\mahaa\node_modules\@babel\parser\lib\index.js:12646:25)
    at TypeScriptParserMixin.parse (C:\mahaa\node_modules\@babel\parser\lib\index.js:14522:25)
    at TypeScriptParserMixin.parse (C:\mahaa\node_modules\@babel\parser\lib\index.js:10149:18)
    at parse (C:\mahaa\node_modules\@babel\parser\lib\index.js:14535:26)
    at parser (C:\mahaa\node_modules\@babel\core\lib\parser\index.js:41:34)
    at parser.next (<anonymous>)
    at normalizeFile (C:\mahaa\node_modules\@babel\core\lib\transformation\normalize-file.js:51:37)
    at normalizeFile.next (<anonymous>)
    at run (C:\mahaa\node_modules\@babel\core\lib\transformation\index.js:22:50)
    at run.next (<anonymous>)
    at transform (C:\mahaa\node_modules\@babel\core\lib\transform.js:22:33)
    at transform.next (<anonymous>)
    at evaluateSync (C:\mahaa\node_modules\gensync\index.js:251:28)
    at sync (C:\mahaa\node_modules\gensync\index.js:89:14)
    at stopHiding - secret - don't use this - v1 (C:\mahaa\node_modules\@babel\core\lib\errors\rewrite-stack-trace.js:47:12)
    at Object.transformSync (C:\mahaa\node_modules\@babel\core\lib\transform.js:40:76)
    at parseWithBabel (C:\mahaa\node_modules\@expo\metro-config\build\transformSync.js:75:18)
    at transformSync (C:\mahaa\node_modules\@expo\metro-config\build\transformSync.js:54:16)
    at Object.transform (C:\mahaa\node_modules\@expo\metro-config\build\babel-transformer.js:146:58)
    at transformJSWithBabel (C:\mahaa\node_modules\@expo\metro-config\build\transform-worker\metro-transform-worker.js:495:47)
    at Object.transform (C:\mahaa\node_modules\@expo\metro-config\build\transform-worker\metro-transform-worker.js:614:12)
    at Object.transform (C:\mahaa\node_modules\@expo\metro-config\build\transform-worker\transform-worker.js:179:19)
    at transformFile (C:\mahaa\node_modules\metro\src\DeltaBundler\Worker.flow.js:67:36)
    at Object.transform (C:\mahaa\node_modules\metro\src\DeltaBundler\Worker.flow.js:42:10)
    at execFunction (C:\mahaa\node_modules\jest-worker\build\workers\threadChild.js:167:17)
    at execHelper (C:\mahaa\node_modules\jest-worker\build\workers\threadChild.js:155:5)
Web  ERROR  [TransformError: SyntaxError: C:\mahaa\src\features\profile\profileStyles.ts: Unexpected token (341:0)

  339 | });
  340 |
> 341 | });
      | ^
  342 |
  343 |]
 ERROR  SyntaxError: C:\mahaa\src\features\profile\profileStyles.ts: Unexpected token (341:0)

  339 | });
  340 |
> 341 | });
      | ^
  342 |
  343 |
    at constructor (C:\mahaa\node_modules\@babel\parser\lib\index.js:369:19)
    at TypeScriptParserMixin.raise (C:\mahaa\node_modules\@babel\parser\lib\index.js:6622:19)
    at TypeScriptParserMixin.unexpected (C:\mahaa\node_modules\@babel\parser\lib\index.js:6642:16)
    at TypeScriptParserMixin.parseExprAtom (C:\mahaa\node_modules\@babel\parser\lib\index.js:11473:22)
    at TypeScriptParserMixin.parseExprSubscripts (C:\mahaa\node_modules\@babel\parser\lib\index.js:11107:23)
    at TypeScriptParserMixin.parseUpdate (C:\mahaa\node_modules\@babel\parser\lib\index.js:11092:21)
    at TypeScriptParserMixin.parseMaybeUnary (C:\mahaa\node_modules\@babel\parser\lib\index.js:11072:23)
    at TypeScriptParserMixin.parseMaybeUnary (C:\mahaa\node_modules\@babel\parser\lib\index.js:9860:18)
    at TypeScriptParserMixin.parseMaybeUnaryOrPrivate (C:\mahaa\node_modules\@babel\parser\lib\index.js:10925:61)
    at TypeScriptParserMixin.parseExprOps (C:\mahaa\node_modules\@babel\parser\lib\index.js:10930:23)
    at TypeScriptParserMixin.parseMaybeConditional (C:\mahaa\node_modules\@babel\parser\lib\index.js:10907:23)
    at TypeScriptParserMixin.parseMaybeAssign (C:\mahaa\node_modules\@babel\parser\lib\index.js:10857:21)
    at TypeScriptParserMixin.parseMaybeAssign (C:\mahaa\node_modules\@babel\parser\lib\index.js:9809:20)
    at TypeScriptParserMixin.parseExpressionBase (C:\mahaa\node_modules\@babel\parser\lib\index.js:10810:23)
    at C:\mahaa\node_modules\@babel\parser\lib\index.js:10806:39
    at TypeScriptParserMixin.allowInAnd (C:\mahaa\node_modules\@babel\parser\lib\index.js:12455:16)
    at TypeScriptParserMixin.parseExpression (C:\mahaa\node_modules\@babel\parser\lib\index.js:10806:17)
    at TypeScriptParserMixin.parseStatementContent (C:\mahaa\node_modules\@babel\parser\lib\index.js:12929:23)
    at TypeScriptParserMixin.parseStatementContent (C:\mahaa\node_modules\@babel\parser\lib\index.js:9531:18)
    at TypeScriptParserMixin.parseStatementLike (C:\mahaa\node_modules\@babel\parser\lib\index.js:12801:17)
    at TypeScriptParserMixin.parseModuleItem (C:\mahaa\node_modules\@babel\parser\lib\index.js:12778:17)
    at TypeScriptParserMixin.parseBlockOrModuleBlockBody (C:\mahaa\node_modules\@babel\parser\lib\index.js:13350:36)
    at TypeScriptParserMixin.parseBlockBody (C:\mahaa\node_modules\@babel\parser\lib\index.js:13343:10)
    at TypeScriptParserMixin.parseProgram (C:\mahaa\node_modules\@babel\parser\lib\index.js:12656:10)
    at TypeScriptParserMixin.parseTopLevel (C:\mahaa\node_modules\@babel\parser\lib\index.js:12646:25)
    at TypeScriptParserMixin.parse (C:\mahaa\node_modules\@babel\parser\lib\index.js:14522:25)
    at TypeScriptParserMixin.parse (C:\mahaa\node_modules\@babel\parser\lib\index.js:10149:18)
    at parse (C:\mahaa\node_modules\@babel\parser\lib\index.js:14535:26)
    at parser (C:\mahaa\node_modules\@babel\core\lib\parser\index.js:41:34)
    at parser.next (<anonymous>)
    at normalizeFile (C:\mahaa\node_modules\@babel\core\lib\transformation\normalize-file.js:51:37)
    at normalizeFile.next (<anonymous>)
    at run (C:\mahaa\node_modules\@babel\core\lib\transformation\index.js:22:50)
    at run.next (<anonymous>)
    at transform (C:\mahaa\node_modules\@babel\core\lib\transform.js:22:33)
    at transform.next (<anonymous>)
    at evaluateSync (C:\mahaa\node_modules\gensync\index.js:251:28)
    at sync (C:\mahaa\node_modules\gensync\index.js:89:14)
    at stopHiding - secret - don't use this - v1 (C:\mahaa\node_modules\@babel\core\lib\errors\rewrite-stack-trace.js:47:12)
    at Object.transformSync (C:\mahaa\node_modules\@babel\core\lib\transform.js:40:76)
    at parseWithBabel (C:\mahaa\node_modules\@expo\metro-config\build\transformSync.js:75:18)
    at transformSync (C:\mahaa\node_modules\@expo\metro-config\build\transformSync.js:54:16)
    at Object.transform (C:\mahaa\node_modules\@expo\metro-config\build\babel-transformer.js:146:58)
    at transformJSWithBabel (C:\mahaa\node_modules\@expo\metro-config\build\transform-worker\metro-transform-worker.js:495:47)
    at Object.transform (C:\mahaa\node_modules\@expo\metro-config\build\transform-worker\metro-transform-worker.js:614:12)
    at Object.transform (C:\mahaa\node_modules\@expo\metro-config\build\transform-worker\transform-worker.js:179:19)
    at transformFile (C:\mahaa\node_modules\metro\src\DeltaBundler\Worker.flow.js:67:36)
    at Object.transform (C:\mahaa\node_modules\metro\src\DeltaBundler\Worker.flow.js:42:10)
    at execFunction (C:\mahaa\node_modules\jest-worker\build\workers\threadChild.js:167:17)
    at execHelper (C:\mahaa\node_modules\jest-worker\build\workers\threadChild.js:155:5)
Web  ERROR  [TransformError: SyntaxError: C:\mahaa\src\features\profile\profileStyles.ts: Unexpected token (341:0)

  339 | });
  340 |
> 341 | });
      | ^
  342 |
  343 |]
 ERROR  SyntaxError: C:\mahaa\src\features\profile\profileStyles.ts: Unexpected token (341:0)

  339 | });
  340 |
> 341 | });
      | ^
  342 |
  343 |
    at constructor (C:\mahaa\node_modules\@babel\parser\lib\index.js:369:19)
    at TypeScriptParserMixin.raise (C:\mahaa\node_modules\@babel\parser\lib\index.js:6622:19)
    at TypeScriptParserMixin.unexpected (C:\mahaa\node_modules\@babel\parser\lib\index.js:6642:16)
    at TypeScriptParserMixin.parseExprAtom (C:\mahaa\node_modules\@babel\parser\lib\index.js:11473:22)
    at TypeScriptParserMixin.parseExprSubscripts (C:\mahaa\node_modules\@babel\parser\lib\index.js:11107:23)
    at TypeScriptParserMixin.parseUpdate (C:\mahaa\node_modules\@babel\parser\lib\index.js:11092:21)
    at TypeScriptParserMixin.parseMaybeUnary (C:\mahaa\node_modules\@babel\parser\lib\index.js:11072:23)
    at TypeScriptParserMixin.parseMaybeUnary (C:\mahaa\node_modules\@babel\parser\lib\index.js:9860:18)
    at TypeScriptParserMixin.parseMaybeUnaryOrPrivate (C:\mahaa\node_modules\@babel\parser\lib\index.js:10925:61)
    at TypeScriptParserMixin.parseExprOps (C:\mahaa\node_modules\@babel\parser\lib\index.js:10930:23)
    at TypeScriptParserMixin.parseMaybeConditional (C:\mahaa\node_modules\@babel\parser\lib\index.js:10907:23)
    at TypeScriptParserMixin.parseMaybeAssign (C:\mahaa\node_modules\@babel\parser\lib\index.js:10857:21)
    at TypeScriptParserMixin.parseMaybeAssign (C:\mahaa\node_modules\@babel\parser\lib\index.js:9809:20)
    at TypeScriptParserMixin.parseExpressionBase (C:\mahaa\node_modules\@babel\parser\lib\index.js:10810:23)
    at C:\mahaa\node_modules\@babel\parser\lib\index.js:10806:39
    at TypeScriptParserMixin.allowInAnd (C:\mahaa\node_modules\@babel\parser\lib\index.js:12455:16)
    at TypeScriptParserMixin.parseExpression (C:\mahaa\node_modules\@babel\parser\lib\index.js:10806:17)
    at TypeScriptParserMixin.parseStatementContent (C:\mahaa\node_modules\@babel\parser\lib\index.js:12929:23)
    at TypeScriptParserMixin.parseStatementContent (C:\mahaa\node_modules\@babel\parser\lib\index.js:9531:18)
    at TypeScriptParserMixin.parseStatementLike (C:\mahaa\node_modules\@babel\parser\lib\index.js:12801:17)
    at TypeScriptParserMixin.parseModuleItem (C:\mahaa\node_modules\@babel\parser\lib\index.js:12778:17)
    at TypeScriptParserMixin.parseBlockOrModuleBlockBody (C:\mahaa\node_modules\@babel\parser\lib\index.js:13350:36)
    at TypeScriptParserMixin.parseBlockBody (C:\mahaa\node_modules\@babel\parser\lib\index.js:13343:10)
    at TypeScriptParserMixin.parseProgram (C:\mahaa\node_modules\@babel\parser\lib\index.js:12656:10)
    at TypeScriptParserMixin.parseTopLevel (C:\mahaa\node_modules\@babel\parser\lib\index.js:12646:25)
    at TypeScriptParserMixin.parse (C:\mahaa\node_modules\@babel\parser\lib\index.js:14522:25)
    at TypeScriptParserMixin.parse (C:\mahaa\node_modules\@babel\parser\lib\index.js:10149:18)
    at parse (C:\mahaa\node_modules\@babel\parser\lib\index.js:14535:26)
    at parser (C:\mahaa\node_modules\@babel\core\lib\parser\index.js:41:34)
    at parser.next (<anonymous>)
    at normalizeFile (C:\mahaa\node_modules\@babel\core\lib\transformation\normalize-file.js:51:37)
    at normalizeFile.next (<anonymous>)
    at run (C:\mahaa\node_modules\@babel\core\lib\transformation\index.js:22:50)
    at run.next (<anonymous>)
    at transform (C:\mahaa\node_modules\@babel\core\lib\transform.js:22:33)
    at transform.next (<anonymous>)
    at evaluateSync (C:\mahaa\node_modules\gensync\index.js:251:28)
    at sync (C:\mahaa\node_modules\gensync\index.js:89:14)
    at stopHiding - secret - don't use this - v1 (C:\mahaa\node_modules\@babel\core\lib\errors\rewrite-stack-trace.js:47:12)
    at Object.transformSync (C:\mahaa\node_modules\@babel\core\lib\transform.js:40:76)
    at parseWithBabel (C:\mahaa\node_modules\@expo\metro-config\build\transformSync.js:75:18)
    at transformSync (C:\mahaa\node_modules\@expo\metro-config\build\transformSync.js:54:16)
    at Object.transform (C:\mahaa\node_modules\@expo\metro-config\build\babel-transformer.js:146:58)
    at transformJSWithBabel (C:\mahaa\node_modules\@expo\metro-config\build\transform-worker\metro-transform-worker.js:495:47)
    at Object.transform (C:\mahaa\node_modules\@expo\metro-config\build\transform-worker\metro-transform-worker.js:614:12)
    at Object.transform (C:\mahaa\node_modules\@expo\metro-config\build\transform-worker\transform-worker.js:179:19)
    at transformFile (C:\mahaa\node_modules\metro\src\DeltaBundler\Worker.flow.js:67:36)
    at Object.transform (C:\mahaa\node_modules\metro\src\DeltaBundler\Worker.flow.js:42:10)
    at execFunction (C:\mahaa\node_modules\jest-worker\build\workers\threadChild.js:167:17)
    at execHelper (C:\mahaa\node_modules\jest-worker\build\workers\threadChild.js:155:5)
Web  ERROR  [TransformError: SyntaxError: C:\mahaa\src\features\profile\profileStyles.ts: Unexpected token (341:0)

  339 | });
  340 |
> 341 | });
      | ^
  342 |
  343 |]
 ERROR  SyntaxError: C:\mahaa\src\features\profile\profileStyles.ts: Unexpected token (341:0)

  339 | });
  340 |
> 341 | });
      | ^
  342 |
  343 |
    at constructor (C:\mahaa\node_modules\@babel\parser\lib\index.js:369:19)
    at TypeScriptParserMixin.raise (C:\mahaa\node_modules\@babel\parser\lib\index.js:6622:19)
    at TypeScriptParserMixin.unexpected (C:\mahaa\node_modules\@babel\parser\lib\index.js:6642:16)
    at TypeScriptParserMixin.parseExprAtom (C:\mahaa\node_modules\@babel\parser\lib\index.js:11473:22)
    at TypeScriptParserMixin.parseExprSubscripts (C:\mahaa\node_modules\@babel\parser\lib\index.js:11107:23)
    at TypeScriptParserMixin.parseUpdate (C:\mahaa\node_modules\@babel\parser\lib\index.js:11092:21)
    at TypeScriptParserMixin.parseMaybeUnary (C:\mahaa\node_modules\@babel\parser\lib\index.js:11072:23)
    at TypeScriptParserMixin.parseMaybeUnary (C:\mahaa\node_modules\@babel\parser\lib\index.js:9860:18)
    at TypeScriptParserMixin.parseMaybeUnaryOrPrivate (C:\mahaa\node_modules\@babel\parser\lib\index.js:10925:61)
    at TypeScriptParserMixin.parseExprOps (C:\mahaa\node_modules\@babel\parser\lib\index.js:10930:23)
    at TypeScriptParserMixin.parseMaybeConditional (C:\mahaa\node_modules\@babel\parser\lib\index.js:10907:23)
    at TypeScriptParserMixin.parseMaybeAssign (C:\mahaa\node_modules\@babel\parser\lib\index.js:10857:21)
    at TypeScriptParserMixin.parseMaybeAssign (C:\mahaa\node_modules\@babel\parser\lib\index.js:9809:20)
    at TypeScriptParserMixin.parseExpressionBase (C:\mahaa\node_modules\@babel\parser\lib\index.js:10810:23)
    at C:\mahaa\node_modules\@babel\parser\lib\index.js:10806:39
    at TypeScriptParserMixin.allowInAnd (C:\mahaa\node_modules\@babel\parser\lib\index.js:12455:16)
    at TypeScriptParserMixin.parseExpression (C:\mahaa\node_modules\@babel\parser\lib\index.js:10806:17)
    at TypeScriptParserMixin.parseStatementContent (C:\mahaa\node_modules\@babel\parser\lib\index.js:12929:23)
    at TypeScriptParserMixin.parseStatementContent (C:\mahaa\node_modules\@babel\parser\lib\index.js:9531:18)
    at TypeScriptParserMixin.parseStatementLike (C:\mahaa\node_modules\@babel\parser\lib\index.js:12801:17)
    at TypeScriptParserMixin.parseModuleItem (C:\mahaa\node_modules\@babel\parser\lib\index.js:12778:17)
    at TypeScriptParserMixin.parseBlockOrModuleBlockBody (C:\mahaa\node_modules\@babel\parser\lib\index.js:13350:36)
    at TypeScriptParserMixin.parseBlockBody (C:\mahaa\node_modules\@babel\parser\lib\index.js:13343:10)
    at TypeScriptParserMixin.parseProgram (C:\mahaa\node_modules\@babel\parser\lib\index.js:12656:10)
    at TypeScriptParserMixin.parseTopLevel (C:\mahaa\node_modules\@babel\parser\lib\index.js:12646:25)
    at TypeScriptParserMixin.parse (C:\mahaa\node_modules\@babel\parser\lib\index.js:14522:25)
    at TypeScriptParserMixin.parse (C:\mahaa\node_modules\@babel\parser\lib\index.js:10149:18)
    at parse (C:\mahaa\node_modules\@babel\parser\lib\index.js:14535:26)
    at parser (C:\mahaa\node_modules\@babel\core\lib\parser\index.js:41:34)
    at parser.next (<anonymous>)
    at normalizeFile (C:\mahaa\node_modules\@babel\core\lib\transformation\normalize-file.js:51:37)
    at normalizeFile.next (<anonymous>)
    at run (C:\mahaa\node_modules\@babel\core\lib\transformation\index.js:22:50)
    at run.next (<anonymous>)
    at transform (C:\mahaa\node_modules\@babel\core\lib\transform.js:22:33)
    at transform.next (<anonymous>)
    at evaluateSync (C:\mahaa\node_modules\gensync\index.js:251:28)
    at sync (C:\mahaa\node_modules\gensync\index.js:89:14)
    at stopHiding - secret - don't use this - v1 (C:\mahaa\node_modules\@babel\core\lib\errors\rewrite-stack-trace.js:47:12)
    at Object.transformSync (C:\mahaa\node_modules\@babel\core\lib\transform.js:40:76)
    at parseWithBabel (C:\mahaa\node_modules\@expo\metro-config\build\transformSync.js:75:18)
    at transformSync (C:\mahaa\node_modules\@expo\metro-config\build\transformSync.js:54:16)
    at Object.transform (C:\mahaa\node_modules\@expo\metro-config\build\babel-transformer.js:146:58)
    at transformJSWithBabel (C:\mahaa\node_modules\@expo\metro-config\build\transform-worker\metro-transform-worker.js:495:47)
    at Object.transform (C:\mahaa\node_modules\@expo\metro-config\build\transform-worker\metro-transform-worker.js:614:12)
    at Object.transform (C:\mahaa\node_modules\@expo\metro-config\build\transform-worker\transform-worker.js:179:19)
    at transformFile (C:\mahaa\node_modules\metro\src\DeltaBundler\Worker.flow.js:67:36)
    at Object.transform (C:\mahaa\node_modules\metro\src\DeltaBundler\Worker.flow.js:42:10)
    at execFunction (C:\mahaa\node_modules\jest-worker\build\workers\threadChild.js:167:17)
    at execHelper (C:\mahaa\node_modules\jest-worker\build\workers\threadChild.js:155:5)
Web  ERROR  [TransformError: SyntaxError: C:\mahaa\src\features\profile\profileStyles.ts: Unexpected token (341:0)

  339 | });
  340 |
> 341 | });
      | ^
  342 |
  343 |]
 ERROR  SyntaxError: C:\mahaa\src\features\profile\profileStyles.ts: Unexpected token (341:0)

  339 | });
  340 |
> 341 | });
      | ^
  342 |
  343 |
    at constructor (C:\mahaa\node_modules\@babel\parser\lib\index.js:369:19)
    at TypeScriptParserMixin.raise (C:\mahaa\node_modules\@babel\parser\lib\index.js:6622:19)
    at TypeScriptParserMixin.unexpected (C:\mahaa\node_modules\@babel\parser\lib\index.js:6642:16)
    at TypeScriptParserMixin.parseExprAtom (C:\mahaa\node_modules\@babel\parser\lib\index.js:11473:22)
    at TypeScriptParserMixin.parseExprSubscripts (C:\mahaa\node_modules\@babel\parser\lib\index.js:11107:23)
    at TypeScriptParserMixin.parseUpdate (C:\mahaa\node_modules\@babel\parser\lib\index.js:11092:21)
    at TypeScriptParserMixin.parseMaybeUnary (C:\mahaa\node_modules\@babel\parser\lib\index.js:11072:23)
    at TypeScriptParserMixin.parseMaybeUnary (C:\mahaa\node_modules\@babel\parser\lib\index.js:9860:18)
    at TypeScriptParserMixin.parseMaybeUnaryOrPrivate (C:\mahaa\node_modules\@babel\parser\lib\index.js:10925:61)
    at TypeScriptParserMixin.parseExprOps (C:\mahaa\node_modules\@babel\parser\lib\index.js:10930:23)
    at TypeScriptParserMixin.parseMaybeConditional (C:\mahaa\node_modules\@babel\parser\lib\index.js:10907:23)
    at TypeScriptParserMixin.parseMaybeAssign (C:\mahaa\node_modules\@babel\parser\lib\index.js:10857:21)
    at TypeScriptParserMixin.parseMaybeAssign (C:\mahaa\node_modules\@babel\parser\lib\index.js:9809:20)
    at TypeScriptParserMixin.parseExpressionBase (C:\mahaa\node_modules\@babel\parser\lib\index.js:10810:23)
    at C:\mahaa\node_modules\@babel\parser\lib\index.js:10806:39
    at TypeScriptParserMixin.allowInAnd (C:\mahaa\node_modules\@babel\parser\lib\index.js:12455:16)
    at TypeScriptParserMixin.parseExpression (C:\mahaa\node_modules\@babel\parser\lib\index.js:10806:17)
    at TypeScriptParserMixin.parseStatementContent (C:\mahaa\node_modules\@babel\parser\lib\index.js:12929:23)
    at TypeScriptParserMixin.parseStatementContent (C:\mahaa\node_modules\@babel\parser\lib\index.js:9531:18)
    at TypeScriptParserMixin.parseStatementLike (C:\mahaa\node_modules\@babel\parser\lib\index.js:12801:17)
    at TypeScriptParserMixin.parseModuleItem (C:\mahaa\node_modules\@babel\parser\lib\index.js:12778:17)
    at TypeScriptParserMixin.parseBlockOrModuleBlockBody (C:\mahaa\node_modules\@babel\parser\lib\index.js:13350:36)
    at TypeScriptParserMixin.parseBlockBody (C:\mahaa\node_modules\@babel\parser\lib\index.js:13343:10)
    at TypeScriptParserMixin.parseProgram (C:\mahaa\node_modules\@babel\parser\lib\index.js:12656:10)
    at TypeScriptParserMixin.parseTopLevel (C:\mahaa\node_modules\@babel\parser\lib\index.js:12646:25)
    at TypeScriptParserMixin.parse (C:\mahaa\node_modules\@babel\parser\lib\index.js:14522:25)
    at TypeScriptParserMixin.parse (C:\mahaa\node_modules\@babel\parser\lib\index.js:10149:18)
    at parse (C:\mahaa\node_modules\@babel\parser\lib\index.js:14535:26)
    at parser (C:\mahaa\node_modules\@babel\core\lib\parser\index.js:41:34)
    at parser.next (<anonymous>)
    at normalizeFile (C:\mahaa\node_modules\@babel\core\lib\transformation\normalize-file.js:51:37)
    at normalizeFile.next (<anonymous>)
    at run (C:\mahaa\node_modules\@babel\core\lib\transformation\index.js:22:50)
    at run.next (<anonymous>)
    at transform (C:\mahaa\node_modules\@babel\core\lib\transform.js:22:33)
    at transform.next (<anonymous>)
    at evaluateSync (C:\mahaa\node_modules\gensync\index.js:251:28)
    at sync (C:\mahaa\node_modules\gensync\index.js:89:14)
    at stopHiding - secret - don't use this - v1 (C:\mahaa\node_modules\@babel\core\lib\errors\rewrite-stack-trace.js:47:12)
    at Object.transformSync (C:\mahaa\node_modules\@babel\core\lib\transform.js:40:76)
    at parseWithBabel (C:\mahaa\node_modules\@expo\metro-config\build\transformSync.js:75:18)
    at transformSync (C:\mahaa\node_modules\@expo\metro-config\build\transformSync.js:54:16)
    at Object.transform (C:\mahaa\node_modules\@expo\metro-config\build\babel-transformer.js:146:58)
    at transformJSWithBabel (C:\mahaa\node_modules\@expo\metro-config\build\transform-worker\metro-transform-worker.js:495:47)
    at Object.transform (C:\mahaa\node_modules\@expo\metro-config\build\transform-worker\metro-transform-worker.js:614:12)
    at Object.transform (C:\mahaa\node_modules\@expo\metro-config\build\transform-worker\transform-worker.js:179:19)
    at transformFile (C:\mahaa\node_modules\metro\src\DeltaBundler\Worker.flow.js:67:36)
    at Object.transform (C:\mahaa\node_modules\metro\src\DeltaBundler\Worker.flow.js:42:10)
    at execFunction (C:\mahaa\node_modules\jest-worker\build\workers\threadChild.js:167:17)
    at execHelper (C:\mahaa\node_modules\jest-worker\build\workers\threadChild.js:155:5)
Web  ERROR  [TransformError: SyntaxError: C:\mahaa\src\features\profile\profileStyles.ts: Unexpected token (341:0)

  339 | });
  340 |
> 341 | });
      | ^
  342 |
  343 |]
 ERROR  SyntaxError: C:\mahaa\src\features\profile\profileStyles.ts: Unexpected token (341:0)

  339 | });
  340 |
> 341 | });
      | ^
  342 |
  343 |
    at constructor (C:\mahaa\node_modules\@babel\parser\lib\index.js:369:19)
    at TypeScriptParserMixin.raise (C:\mahaa\node_modules\@babel\parser\lib\index.js:6622:19)
    at TypeScriptParserMixin.unexpected (C:\mahaa\node_modules\@babel\parser\lib\index.js:6642:16)
    at TypeScriptParserMixin.parseExprAtom (C:\mahaa\node_modules\@babel\parser\lib\index.js:11473:22)
    at TypeScriptParserMixin.parseExprSubscripts (C:\mahaa\node_modules\@babel\parser\lib\index.js:11107:23)
    at TypeScriptParserMixin.parseUpdate (C:\mahaa\node_modules\@babel\parser\lib\index.js:11092:21)
    at TypeScriptParserMixin.parseMaybeUnary (C:\mahaa\node_modules\@babel\parser\lib\index.js:11072:23)
    at TypeScriptParserMixin.parseMaybeUnary (C:\mahaa\node_modules\@babel\parser\lib\index.js:9860:18)
    at TypeScriptParserMixin.parseMaybeUnaryOrPrivate (C:\mahaa\node_modules\@babel\parser\lib\index.js:10925:61)
    at TypeScriptParserMixin.parseExprOps (C:\mahaa\node_modules\@babel\parser\lib\index.js:10930:23)
    at TypeScriptParserMixin.parseMaybeConditional (C:\mahaa\node_modules\@babel\parser\lib\index.js:10907:23)
    at TypeScriptParserMixin.parseMaybeAssign (C:\mahaa\node_modules\@babel\parser\lib\index.js:10857:21)
    at TypeScriptParserMixin.parseMaybeAssign (C:\mahaa\node_modules\@babel\parser\lib\index.js:9809:20)
    at TypeScriptParserMixin.parseExpressionBase (C:\mahaa\node_modules\@babel\parser\lib\index.js:10810:23)
    at C:\mahaa\node_modules\@babel\parser\lib\index.js:10806:39
    at TypeScriptParserMixin.allowInAnd (C:\mahaa\node_modules\@babel\parser\lib\index.js:12455:16)
    at TypeScriptParserMixin.parseExpression (C:\mahaa\node_modules\@babel\parser\lib\index.js:10806:17)
    at TypeScriptParserMixin.parseStatementContent (C:\mahaa\node_modules\@babel\parser\lib\index.js:12929:23)
    at TypeScriptParserMixin.parseStatementContent (C:\mahaa\node_modules\@babel\parser\lib\index.js:9531:18)
    at TypeScriptParserMixin.parseStatementLike (C:\mahaa\node_modules\@babel\parser\lib\index.js:12801:17)
    at TypeScriptParserMixin.parseModuleItem (C:\mahaa\node_modules\@babel\parser\lib\index.js:12778:17)
    at TypeScriptParserMixin.parseBlockOrModuleBlockBody (C:\mahaa\node_modules\@babel\parser\lib\index.js:13350:36)
    at TypeScriptParserMixin.parseBlockBody (C:\mahaa\node_modules\@babel\parser\lib\index.js:13343:10)
    at TypeScriptParserMixin.parseProgram (C:\mahaa\node_modules\@babel\parser\lib\index.js:12656:10)
    at TypeScriptParserMixin.parseTopLevel (C:\mahaa\node_modules\@babel\parser\lib\index.js:12646:25)
    at TypeScriptParserMixin.parse (C:\mahaa\node_modules\@babel\parser\lib\index.js:14522:25)
    at TypeScriptParserMixin.parse (C:\mahaa\node_modules\@babel\parser\lib\index.js:10149:18)
    at parse (C:\mahaa\node_modules\@babel\parser\lib\index.js:14535:26)
    at parser (C:\mahaa\node_modules\@babel\core\lib\parser\index.js:41:34)
    at parser.next (<anonymous>)
    at normalizeFile (C:\mahaa\node_modules\@babel\core\lib\transformation\normalize-file.js:51:37)
    at normalizeFile.next (<anonymous>)
    at run (C:\mahaa\node_modules\@babel\core\lib\transformation\index.js:22:50)
    at run.next (<anonymous>)
    at transform (C:\mahaa\node_modules\@babel\core\lib\transform.js:22:33)
    at transform.next (<anonymous>)
    at evaluateSync (C:\mahaa\node_modules\gensync\index.js:251:28)
    at sync (C:\mahaa\node_modules\gensync\index.js:89:14)
    at stopHiding - secret - don't use this - v1 (C:\mahaa\node_modules\@babel\core\lib\errors\rewrite-stack-trace.js:47:12)
    at Object.transformSync (C:\mahaa\node_modules\@babel\core\lib\transform.js:40:76)
    at parseWithBabel (C:\mahaa\node_modules\@expo\metro-config\build\transformSync.js:75:18)
    at transformSync (C:\mahaa\node_modules\@expo\metro-config\build\transformSync.js:54:16)
    at Object.transform (C:\mahaa\node_modules\@expo\metro-config\build\babel-transformer.js:146:58)
    at transformJSWithBabel (C:\mahaa\node_modules\@expo\metro-config\build\transform-worker\metro-transform-worker.js:495:47)
    at Object.transform (C:\mahaa\node_modules\@expo\metro-config\build\transform-worker\metro-transform-worker.js:614:12)
    at Object.transform (C:\mahaa\node_modules\@expo\metro-config\build\transform-worker\transform-worker.js:179:19)
    at transformFile (C:\mahaa\node_modules\metro\src\DeltaBundler\Worker.flow.js:67:36)
    at Object.transform (C:\mahaa\node_modules\metro\src\DeltaBundler\Worker.flow.js:42:10)
    at execFunction (C:\mahaa\node_modules\jest-worker\build\workers\threadChild.js:167:17)
    at execHelper (C:\mahaa\node_modules\jest-worker\build\workers\threadChild.js:155:5)
Web  ERROR  [TransformError: SyntaxError: C:\mahaa\src\features\profile\profileStyles.ts: Unexpected token (341:0)

  339 | });
  340 |
> 341 | });
      | ^
  342 |
  343 |]
 ERROR  SyntaxError: C:\mahaa\src\features\profile\profileStyles.ts: Unexpected token (341:0)

  339 | });
  340 |
> 341 | });
      | ^
  342 |
  343 |
    at constructor (C:\mahaa\node_modules\@babel\parser\lib\index.js:369:19)
    at TypeScriptParserMixin.raise (C:\mahaa\node_modules\@babel\parser\lib\index.js:6622:19)
    at TypeScriptParserMixin.unexpected (C:\mahaa\node_modules\@babel\parser\lib\index.js:6642:16)
    at TypeScriptParserMixin.parseExprAtom (C:\mahaa\node_modules\@babel\parser\lib\index.js:11473:22)
    at TypeScriptParserMixin.parseExprSubscripts (C:\mahaa\node_modules\@babel\parser\lib\index.js:11107:23)
    at TypeScriptParserMixin.parseUpdate (C:\mahaa\node_modules\@babel\parser\lib\index.js:11092:21)
    at TypeScriptParserMixin.parseMaybeUnary (C:\mahaa\node_modules\@babel\parser\lib\index.js:11072:23)
    at TypeScriptParserMixin.parseMaybeUnary (C:\mahaa\node_modules\@babel\parser\lib\index.js:9860:18)
    at TypeScriptParserMixin.parseMaybeUnaryOrPrivate (C:\mahaa\node_modules\@babel\parser\lib\index.js:10925:61)
    at TypeScriptParserMixin.parseExprOps (C:\mahaa\node_modules\@babel\parser\lib\index.js:10930:23)
    at TypeScriptParserMixin.parseMaybeConditional (C:\mahaa\node_modules\@babel\parser\lib\index.js:10907:23)
    at TypeScriptParserMixin.parseMaybeAssign (C:\mahaa\node_modules\@babel\parser\lib\index.js:10857:21)
    at TypeScriptParserMixin.parseMaybeAssign (C:\mahaa\node_modules\@babel\parser\lib\index.js:9809:20)
    at TypeScriptParserMixin.parseExpressionBase (C:\mahaa\node_modules\@babel\parser\lib\index.js:10810:23)
    at C:\mahaa\node_modules\@babel\parser\lib\index.js:10806:39
    at TypeScriptParserMixin.allowInAnd (C:\mahaa\node_modules\@babel\parser\lib\index.js:12455:16)
    at TypeScriptParserMixin.parseExpression (C:\mahaa\node_modules\@babel\parser\lib\index.js:10806:17)
    at TypeScriptParserMixin.parseStatementContent (C:\mahaa\node_modules\@babel\parser\lib\index.js:12929:23)
    at TypeScriptParserMixin.parseStatementContent (C:\mahaa\node_modules\@babel\parser\lib\index.js:9531:18)
    at TypeScriptParserMixin.parseStatementLike (C:\mahaa\node_modules\@babel\parser\lib\index.js:12801:17)
    at TypeScriptParserMixin.parseModuleItem (C:\mahaa\node_modules\@babel\parser\lib\index.js:12778:17)
    at TypeScriptParserMixin.parseBlockOrModuleBlockBody (C:\mahaa\node_modules\@babel\parser\lib\index.js:13350:36)
    at TypeScriptParserMixin.parseBlockBody (C:\mahaa\node_modules\@babel\parser\lib\index.js:13343:10)
    at TypeScriptParserMixin.parseProgram (C:\mahaa\node_modules\@babel\parser\lib\index.js:12656:10)
    at TypeScriptParserMixin.parseTopLevel (C:\mahaa\node_modules\@babel\parser\lib\index.js:12646:25)
    at TypeScriptParserMixin.parse (C:\mahaa\node_modules\@babel\parser\lib\index.js:14522:25)
    at TypeScriptParserMixin.parse (C:\mahaa\node_modules\@babel\parser\lib\index.js:10149:18)
    at parse (C:\mahaa\node_modules\@babel\parser\lib\index.js:14535:26)
    at parser (C:\mahaa\node_modules\@babel\core\lib\parser\index.js:41:34)
    at parser.next (<anonymous>)
    at normalizeFile (C:\mahaa\node_modules\@babel\core\lib\transformation\normalize-file.js:51:37)
    at normalizeFile.next (<anonymous>)
    at run (C:\mahaa\node_modules\@babel\core\lib\transformation\index.js:22:50)
    at run.next (<anonymous>)
    at transform (C:\mahaa\node_modules\@babel\core\lib\transform.js:22:33)
    at transform.next (<anonymous>)
    at evaluateSync (C:\mahaa\node_modules\gensync\index.js:251:28)
    at sync (C:\mahaa\node_modules\gensync\index.js:89:14)
    at stopHiding - secret - don't use this - v1 (C:\mahaa\node_modules\@babel\core\lib\errors\rewrite-stack-trace.js:47:12)
    at Object.transformSync (C:\mahaa\node_modules\@babel\core\lib\transform.js:40:76)
    at parseWithBabel (C:\mahaa\node_modules\@expo\metro-config\build\transformSync.js:75:18)
    at transformSync (C:\mahaa\node_modules\@expo\metro-config\build\transformSync.js:54:16)
    at Object.transform (C:\mahaa\node_modules\@expo\metro-config\build\babel-transformer.js:146:58)
    at transformJSWithBabel (C:\mahaa\node_modules\@expo\metro-config\build\transform-worker\metro-transform-worker.js:495:47)
    at Object.transform (C:\mahaa\node_modules\@expo\metro-config\build\transform-worker\metro-transform-worker.js:614:12)
    at Object.transform (C:\mahaa\node_modules\@expo\metro-config\build\transform-worker\transform-worker.js:179:19)
    at transformFile (C:\mahaa\node_modules\metro\src\DeltaBundler\Worker.flow.js:67:36)
    at Object.transform (C:\mahaa\node_modules\metro\src\DeltaBundler\Worker.flow.js:42:10)
    at execFunction (C:\mahaa\node_modules\jest-worker\build\workers\threadChild.js:167:17)
    at execHelper (C:\mahaa\node_modules\jest-worker\build\workers\threadChild.js:155:5)
Web  ERROR  [TransformError: SyntaxError: C:\mahaa\src\features\profile\profileStyles.ts: Unexpected token (341:0)

  339 | });
  340 |
> 341 | });
      | ^
  342 |
  343 |]
 ERROR  SyntaxError: C:\mahaa\src\features\profile\profileStyles.ts: Unexpected token (341:0)

  339 | });
  340 |
> 341 | });
      | ^
  342 |
  343 |
    at constructor (C:\mahaa\node_modules\@babel\parser\lib\index.js:369:19)
    at TypeScriptParserMixin.raise (C:\mahaa\node_modules\@babel\parser\lib\index.js:6622:19)
    at TypeScriptParserMixin.unexpected (C:\mahaa\node_modules\@babel\parser\lib\index.js:6642:16)
    at TypeScriptParserMixin.parseExprAtom (C:\mahaa\node_modules\@babel\parser\lib\index.js:11473:22)
    at TypeScriptParserMixin.parseExprSubscripts (C:\mahaa\node_modules\@babel\parser\lib\index.js:11107:23)
    at TypeScriptParserMixin.parseUpdate (C:\mahaa\node_modules\@babel\parser\lib\index.js:11092:21)
    at TypeScriptParserMixin.parseMaybeUnary (C:\mahaa\node_modules\@babel\parser\lib\index.js:11072:23)
    at TypeScriptParserMixin.parseMaybeUnary (C:\mahaa\node_modules\@babel\parser\lib\index.js:9860:18)
    at TypeScriptParserMixin.parseMaybeUnaryOrPrivate (C:\mahaa\node_modules\@babel\parser\lib\index.js:10925:61)
    at TypeScriptParserMixin.parseExprOps (C:\mahaa\node_modules\@babel\parser\lib\index.js:10930:23)
    at TypeScriptParserMixin.parseMaybeConditional (C:\mahaa\node_modules\@babel\parser\lib\index.js:10907:23)
    at TypeScriptParserMixin.parseMaybeAssign (C:\mahaa\node_modules\@babel\parser\lib\index.js:10857:21)
    at TypeScriptParserMixin.parseMaybeAssign (C:\mahaa\node_modules\@babel\parser\lib\index.js:9809:20)
    at TypeScriptParserMixin.parseExpressionBase (C:\mahaa\node_modules\@babel\parser\lib\index.js:10810:23)
    at C:\mahaa\node_modules\@babel\parser\lib\index.js:10806:39
    at TypeScriptParserMixin.allowInAnd (C:\mahaa\node_modules\@babel\parser\lib\index.js:12455:16)
    at TypeScriptParserMixin.parseExpression (C:\mahaa\node_modules\@babel\parser\lib\index.js:10806:17)
    at TypeScriptParserMixin.parseStatementContent (C:\mahaa\node_modules\@babel\parser\lib\index.js:12929:23)
    at TypeScriptParserMixin.parseStatementContent (C:\mahaa\node_modules\@babel\parser\lib\index.js:9531:18)
    at TypeScriptParserMixin.parseStatementLike (C:\mahaa\node_modules\@babel\parser\lib\index.js:12801:17)
    at TypeScriptParserMixin.parseModuleItem (C:\mahaa\node_modules\@babel\parser\lib\index.js:12778:17)
    at TypeScriptParserMixin.parseBlockOrModuleBlockBody (C:\mahaa\node_modules\@babel\parser\lib\index.js:13350:36)
    at TypeScriptParserMixin.parseBlockBody (C:\mahaa\node_modules\@babel\parser\lib\index.js:13343:10)
    at TypeScriptParserMixin.parseProgram (C:\mahaa\node_modules\@babel\parser\lib\index.js:12656:10)
    at TypeScriptParserMixin.parseTopLevel (C:\mahaa\node_modules\@babel\parser\lib\index.js:12646:25)
    at TypeScriptParserMixin.parse (C:\mahaa\node_modules\@babel\parser\lib\index.js:14522:25)
    at TypeScriptParserMixin.parse (C:\mahaa\node_modules\@babel\parser\lib\index.js:10149:18)
    at parse (C:\mahaa\node_modules\@babel\parser\lib\index.js:14535:26)
    at parser (C:\mahaa\node_modules\@babel\core\lib\parser\index.js:41:34)
    at parser.next (<anonymous>)
    at normalizeFile (C:\mahaa\node_modules\@babel\core\lib\transformation\normalize-file.js:51:37)
    at normalizeFile.next (<anonymous>)
    at run (C:\mahaa\node_modules\@babel\core\lib\transformation\index.js:22:50)
    at run.next (<anonymous>)
    at transform (C:\mahaa\node_modules\@babel\core\lib\transform.js:22:33)
    at transform.next (<anonymous>)
    at evaluateSync (C:\mahaa\node_modules\gensync\index.js:251:28)
    at sync (C:\mahaa\node_modules\gensync\index.js:89:14)
    at stopHiding - secret - don't use this - v1 (C:\mahaa\node_modules\@babel\core\lib\errors\rewrite-stack-trace.js:47:12)
    at Object.transformSync (C:\mahaa\node_modules\@babel\core\lib\transform.js:40:76)
    at parseWithBabel (C:\mahaa\node_modules\@expo\metro-config\build\transformSync.js:75:18)
    at transformSync (C:\mahaa\node_modules\@expo\metro-config\build\transformSync.js:54:16)
    at Object.transform (C:\mahaa\node_modules\@expo\metro-config\build\babel-transformer.js:146:58)
    at transformJSWithBabel (C:\mahaa\node_modules\@expo\metro-config\build\transform-worker\metro-transform-worker.js:495:47)
    at Object.transform (C:\mahaa\node_modules\@expo\metro-config\build\transform-worker\metro-transform-worker.js:614:12)
    at Object.transform (C:\mahaa\node_modules\@expo\metro-config\build\transform-worker\transform-worker.js:179:19)
    at transformFile (C:\mahaa\node_modules\metro\src\DeltaBundler\Worker.flow.js:67:36)
    at Object.transform (C:\mahaa\node_modules\metro\src\DeltaBundler\Worker.flow.js:42:10)
    at execFunction (C:\mahaa\node_modules\jest-worker\build\workers\threadChild.js:167:17)
    at execHelper (C:\mahaa\node_modules\jest-worker\build\workers\threadChild.js:155:5)
Web  ERROR  [TransformError: SyntaxError: C:\mahaa\src\features\profile\profileStyles.ts: Unexpected token (341:0)

  339 | });
  340 |
> 341 | });
      | ^
  342 |
  343 |]
 ERROR  SyntaxError: C:\mahaa\src\features\profile\profileStyles.ts: Unexpected token (341:0)

  339 | });
  340 |
> 341 | });
      | ^
  342 |
  343 |
    at constructor (C:\mahaa\node_modules\@babel\parser\lib\index.js:369:19)
    at TypeScriptParserMixin.raise (C:\mahaa\node_modules\@babel\parser\lib\index.js:6622:19)
    at TypeScriptParserMixin.unexpected (C:\mahaa\node_modules\@babel\parser\lib\index.js:6642:16)
    at TypeScriptParserMixin.parseExprAtom (C:\mahaa\node_modules\@babel\parser\lib\index.js:11473:22)
    at TypeScriptParserMixin.parseExprSubscripts (C:\mahaa\node_modules\@babel\parser\lib\index.js:11107:23)
    at TypeScriptParserMixin.parseUpdate (C:\mahaa\node_modules\@babel\parser\lib\index.js:11092:21)
    at TypeScriptParserMixin.parseMaybeUnary (C:\mahaa\node_modules\@babel\parser\lib\index.js:11072:23)
    at TypeScriptParserMixin.parseMaybeUnary (C:\mahaa\node_modules\@babel\parser\lib\index.js:9860:18)
    at TypeScriptParserMixin.parseMaybeUnaryOrPrivate (C:\mahaa\node_modules\@babel\parser\lib\index.js:10925:61)
    at TypeScriptParserMixin.parseExprOps (C:\mahaa\node_modules\@babel\parser\lib\index.js:10930:23)
    at TypeScriptParserMixin.parseMaybeConditional (C:\mahaa\node_modules\@babel\parser\lib\index.js:10907:23)
    at TypeScriptParserMixin.parseMaybeAssign (C:\mahaa\node_modules\@babel\parser\lib\index.js:10857:21)
    at TypeScriptParserMixin.parseMaybeAssign (C:\mahaa\node_modules\@babel\parser\lib\index.js:9809:20)
    at TypeScriptParserMixin.parseExpressionBase (C:\mahaa\node_modules\@babel\parser\lib\index.js:10810:23)
    at C:\mahaa\node_modules\@babel\parser\lib\index.js:10806:39
    at TypeScriptParserMixin.allowInAnd (C:\mahaa\node_modules\@babel\parser\lib\index.js:12455:16)
    at TypeScriptParserMixin.parseExpression (C:\mahaa\node_modules\@babel\parser\lib\index.js:10806:17)
    at TypeScriptParserMixin.parseStatementContent (C:\mahaa\node_modules\@babel\parser\lib\index.js:12929:23)
    at TypeScriptParserMixin.parseStatementContent (C:\mahaa\node_modules\@babel\parser\lib\index.js:9531:18)
    at TypeScriptParserMixin.parseStatementLike (C:\mahaa\node_modules\@babel\parser\lib\index.js:12801:17)
    at TypeScriptParserMixin.parseModuleItem (C:\mahaa\node_modules\@babel\parser\lib\index.js:12778:17)
    at TypeScriptParserMixin.parseBlockOrModuleBlockBody (C:\mahaa\node_modules\@babel\parser\lib\index.js:13350:36)
    at TypeScriptParserMixin.parseBlockBody (C:\mahaa\node_modules\@babel\parser\lib\index.js:13343:10)
    at TypeScriptParserMixin.parseProgram (C:\mahaa\node_modules\@babel\parser\lib\index.js:12656:10)
    at TypeScriptParserMixin.parseTopLevel (C:\mahaa\node_modules\@babel\parser\lib\index.js:12646:25)
    at TypeScriptParserMixin.parse (C:\mahaa\node_modules\@babel\parser\lib\index.js:14522:25)
    at TypeScriptParserMixin.parse (C:\mahaa\node_modules\@babel\parser\lib\index.js:10149:18)
    at parse (C:\mahaa\node_modules\@babel\parser\lib\index.js:14535:26)
    at parser (C:\mahaa\node_modules\@babel\core\lib\parser\index.js:41:34)
    at parser.next (<anonymous>)
    at normalizeFile (C:\mahaa\node_modules\@babel\core\lib\transformation\normalize-file.js:51:37)
    at normalizeFile.next (<anonymous>)
    at run (C:\mahaa\node_modules\@babel\core\lib\transformation\index.js:22:50)
    at run.next (<anonymous>)
    at transform (C:\mahaa\node_modules\@babel\core\lib\transform.js:22:33)
    at transform.next (<anonymous>)
    at evaluateSync (C:\mahaa\node_modules\gensync\index.js:251:28)
    at sync (C:\mahaa\node_modules\gensync\index.js:89:14)
    at stopHiding - secret - don't use this - v1 (C:\mahaa\node_modules\@babel\core\lib\errors\rewrite-stack-trace.js:47:12)
    at Object.transformSync (C:\mahaa\node_modules\@babel\core\lib\transform.js:40:76)
    at parseWithBabel (C:\mahaa\node_modules\@expo\metro-config\build\transformSync.js:75:18)
    at transformSync (C:\mahaa\node_modules\@expo\metro-config\build\transformSync.js:54:16)
    at Object.transform (C:\mahaa\node_modules\@expo\metro-config\build\babel-transformer.js:146:58)
    at transformJSWithBabel (C:\mahaa\node_modules\@expo\metro-config\build\transform-worker\metro-transform-worker.js:495:47)
    at Object.transform (C:\mahaa\node_modules\@expo\metro-config\build\transform-worker\metro-transform-worker.js:614:12)
    at Object.transform (C:\mahaa\node_modules\@expo\metro-config\build\transform-worker\transform-worker.js:179:19)
    at transformFile (C:\mahaa\node_modules\metro\src\DeltaBundler\Worker.flow.js:67:36)
    at Object.transform (C:\mahaa\node_modules\metro\src\DeltaBundler\Worker.flow.js:42:10)
    at execFunction (C:\mahaa\node_modules\jest-worker\build\workers\threadChild.js:167:17)
    at execHelper (C:\mahaa\node_modules\jest-worker\build\workers\threadChild.js:155:5)
Web  ERROR  [TransformError: SyntaxError: C:\mahaa\src\features\profile\profileStyles.ts: Unexpected token (341:0)

  339 | });
  340 |
> 341 | });
      | ^
  342 |
  343 |]
 ERROR  SyntaxError: C:\mahaa\src\features\profile\profileStyles.ts: Unexpected token (341:0)

  339 | });
  340 |
> 341 | });
      | ^
  342 |
  343 |
    at constructor (C:\mahaa\node_modules\@babel\parser\lib\index.js:369:19)
    at TypeScriptParserMixin.raise (C:\mahaa\node_modules\@babel\parser\lib\index.js:6622:19)
    at TypeScriptParserMixin.unexpected (C:\mahaa\node_modules\@babel\parser\lib\index.js:6642:16)
    at TypeScriptParserMixin.parseExprAtom (C:\mahaa\node_modules\@babel\parser\lib\index.js:11473:22)
    at TypeScriptParserMixin.parseExprSubscripts (C:\mahaa\node_modules\@babel\parser\lib\index.js:11107:23)
    at TypeScriptParserMixin.parseUpdate (C:\mahaa\node_modules\@babel\parser\lib\index.js:11092:21)
    at TypeScriptParserMixin.parseMaybeUnary (C:\mahaa\node_modules\@babel\parser\lib\index.js:11072:23)
    at TypeScriptParserMixin.parseMaybeUnary (C:\mahaa\node_modules\@babel\parser\lib\index.js:9860:18)
    at TypeScriptParserMixin.parseMaybeUnaryOrPrivate (C:\mahaa\node_modules\@babel\parser\lib\index.js:10925:61)
    at TypeScriptParserMixin.parseExprOps (C:\mahaa\node_modules\@babel\parser\lib\index.js:10930:23)
    at TypeScriptParserMixin.parseMaybeConditional (C:\mahaa\node_modules\@babel\parser\lib\index.js:10907:23)
    at TypeScriptParserMixin.parseMaybeAssign (C:\mahaa\node_modules\@babel\parser\lib\index.js:10857:21)
    at TypeScriptParserMixin.parseMaybeAssign (C:\mahaa\node_modules\@babel\parser\lib\index.js:9809:20)
    at TypeScriptParserMixin.parseExpressionBase (C:\mahaa\node_modules\@babel\parser\lib\index.js:10810:23)
    at C:\mahaa\node_modules\@babel\parser\lib\index.js:10806:39
    at TypeScriptParserMixin.allowInAnd (C:\mahaa\node_modules\@babel\parser\lib\index.js:12455:16)
    at TypeScriptParserMixin.parseExpression (C:\mahaa\node_modules\@babel\parser\lib\index.js:10806:17)
    at TypeScriptParserMixin.parseStatementContent (C:\mahaa\node_modules\@babel\parser\lib\index.js:12929:23)
    at TypeScriptParserMixin.parseStatementContent (C:\mahaa\node_modules\@babel\parser\lib\index.js:9531:18)
    at TypeScriptParserMixin.parseStatementLike (C:\mahaa\node_modules\@babel\parser\lib\index.js:12801:17)
    at TypeScriptParserMixin.parseModuleItem (C:\mahaa\node_modules\@babel\parser\lib\index.js:12778:17)
    at TypeScriptParserMixin.parseBlockOrModuleBlockBody (C:\mahaa\node_modules\@babel\parser\lib\index.js:13350:36)
    at TypeScriptParserMixin.parseBlockBody (C:\mahaa\node_modules\@babel\parser\lib\index.js:13343:10)
    at TypeScriptParserMixin.parseProgram (C:\mahaa\node_modules\@babel\parser\lib\index.js:12656:10)
    at TypeScriptParserMixin.parseTopLevel (C:\mahaa\node_modules\@babel\parser\lib\index.js:12646:25)
    at TypeScriptParserMixin.parse (C:\mahaa\node_modules\@babel\parser\lib\index.js:14522:25)
    at TypeScriptParserMixin.parse (C:\mahaa\node_modules\@babel\parser\lib\index.js:10149:18)
    at parse (C:\mahaa\node_modules\@babel\parser\lib\index.js:14535:26)
    at parser (C:\mahaa\node_modules\@babel\core\lib\parser\index.js:41:34)
    at parser.next (<anonymous>)
    at normalizeFile (C:\mahaa\node_modules\@babel\core\lib\transformation\normalize-file.js:51:37)
    at normalizeFile.next (<anonymous>)
    at run (C:\mahaa\node_modules\@babel\core\lib\transformation\index.js:22:50)
    at run.next (<anonymous>)
    at transform (C:\mahaa\node_modules\@babel\core\lib\transform.js:22:33)
    at transform.next (<anonymous>)
    at evaluateSync (C:\mahaa\node_modules\gensync\index.js:251:28)
    at sync (C:\mahaa\node_modules\gensync\index.js:89:14)
    at stopHiding - secret - don't use this - v1 (C:\mahaa\node_modules\@babel\core\lib\errors\rewrite-stack-trace.js:47:12)
    at Object.transformSync (C:\mahaa\node_modules\@babel\core\lib\transform.js:40:76)
    at parseWithBabel (C:\mahaa\node_modules\@expo\metro-config\build\transformSync.js:75:18)
    at transformSync (C:\mahaa\node_modules\@expo\metro-config\build\transformSync.js:54:16)
    at Object.transform (C:\mahaa\node_modules\@expo\metro-config\build\babel-transformer.js:146:58)
    at transformJSWithBabel (C:\mahaa\node_modules\@expo\metro-config\build\transform-worker\metro-transform-worker.js:495:47)
    at Object.transform (C:\mahaa\node_modules\@expo\metro-config\build\transform-worker\metro-transform-worker.js:614:12)
    at Object.transform (C:\mahaa\node_modules\@expo\metro-config\build\transform-worker\transform-worker.js:179:19)
    at transformFile (C:\mahaa\node_modules\metro\src\DeltaBundler\Worker.flow.js:67:36)
    at Object.transform (C:\mahaa\node_modules\metro\src\DeltaBundler\Worker.flow.js:42:10)
    at execFunction (C:\mahaa\node_modules\jest-worker\build\workers\threadChild.js:167:17)
    at execHelper (C:\mahaa\node_modules\jest-worker\build\workers\threadChild.js:155:5)
Web  ERROR  [TransformError: SyntaxError: C:\mahaa\src\features\profile\profileStyles.ts: Unexpected token (341:0)

  339 | });
  340 |
> 341 | });
      | ^
  342 |
  343 |]
 ERROR  SyntaxError: C:\mahaa\src\features\profile\profileStyles.ts: Unexpected token (341:0)

  339 | });
  340 |
> 341 | });
      | ^
  342 |
  343 |
    at constructor (C:\mahaa\node_modules\@babel\parser\lib\index.js:369:19)
    at TypeScriptParserMixin.raise (C:\mahaa\node_modules\@babel\parser\lib\index.js:6622:19)
    at TypeScriptParserMixin.unexpected (C:\mahaa\node_modules\@babel\parser\lib\index.js:6642:16)
    at TypeScriptParserMixin.parseExprAtom (C:\mahaa\node_modules\@babel\parser\lib\index.js:11473:22)
    at TypeScriptParserMixin.parseExprSubscripts (C:\mahaa\node_modules\@babel\parser\lib\index.js:11107:23)
    at TypeScriptParserMixin.parseUpdate (C:\mahaa\node_modules\@babel\parser\lib\index.js:11092:21)
    at TypeScriptParserMixin.parseMaybeUnary (C:\mahaa\node_modules\@babel\parser\lib\index.js:11072:23)
    at TypeScriptParserMixin.parseMaybeUnary (C:\mahaa\node_modules\@babel\parser\lib\index.js:9860:18)
    at TypeScriptParserMixin.parseMaybeUnaryOrPrivate (C:\mahaa\node_modules\@babel\parser\lib\index.js:10925:61)
    at TypeScriptParserMixin.parseExprOps (C:\mahaa\node_modules\@babel\parser\lib\index.js:10930:23)
    at TypeScriptParserMixin.parseMaybeConditional (C:\mahaa\node_modules\@babel\parser\lib\index.js:10907:23)
    at TypeScriptParserMixin.parseMaybeAssign (C:\mahaa\node_modules\@babel\parser\lib\index.js:10857:21)
    at TypeScriptParserMixin.parseMaybeAssign (C:\mahaa\node_modules\@babel\parser\lib\index.js:9809:20)
    at TypeScriptParserMixin.parseExpressionBase (C:\mahaa\node_modules\@babel\parser\lib\index.js:10810:23)
    at C:\mahaa\node_modules\@babel\parser\lib\index.js:10806:39
    at TypeScriptParserMixin.allowInAnd (C:\mahaa\node_modules\@babel\parser\lib\index.js:12455:16)
    at TypeScriptParserMixin.parseExpression (C:\mahaa\node_modules\@babel\parser\lib\index.js:10806:17)
    at TypeScriptParserMixin.parseStatementContent (C:\mahaa\node_modules\@babel\parser\lib\index.js:12929:23)
    at TypeScriptParserMixin.parseStatementContent (C:\mahaa\node_modules\@babel\parser\lib\index.js:9531:18)
    at TypeScriptParserMixin.parseStatementLike (C:\mahaa\node_modules\@babel\parser\lib\index.js:12801:17)
    at TypeScriptParserMixin.parseModuleItem (C:\mahaa\node_modules\@babel\parser\lib\index.js:12778:17)
    at TypeScriptParserMixin.parseBlockOrModuleBlockBody (C:\mahaa\node_modules\@babel\parser\lib\index.js:13350:36)
    at TypeScriptParserMixin.parseBlockBody (C:\mahaa\node_modules\@babel\parser\lib\index.js:13343:10)
    at TypeScriptParserMixin.parseProgram (C:\mahaa\node_modules\@babel\parser\lib\index.js:12656:10)
    at TypeScriptParserMixin.parseTopLevel (C:\mahaa\node_modules\@babel\parser\lib\index.js:12646:25)
    at TypeScriptParserMixin.parse (C:\mahaa\node_modules\@babel\parser\lib\index.js:14522:25)
    at TypeScriptParserMixin.parse (C:\mahaa\node_modules\@babel\parser\lib\index.js:10149:18)
    at parse (C:\mahaa\node_modules\@babel\parser\lib\index.js:14535:26)
    at parser (C:\mahaa\node_modules\@babel\core\lib\parser\index.js:41:34)
    at parser.next (<anonymous>)
    at normalizeFile (C:\mahaa\node_modules\@babel\core\lib\transformation\normalize-file.js:51:37)
    at normalizeFile.next (<anonymous>)
    at run (C:\mahaa\node_modules\@babel\core\lib\transformation\index.js:22:50)
    at run.next (<anonymous>)
    at transform (C:\mahaa\node_modules\@babel\core\lib\transform.js:22:33)
    at transform.next (<anonymous>)
    at evaluateSync (C:\mahaa\node_modules\gensync\index.js:251:28)
    at sync (C:\mahaa\node_modules\gensync\index.js:89:14)
    at stopHiding - secret - don't use this - v1 (C:\mahaa\node_modules\@babel\core\lib\errors\rewrite-stack-trace.js:47:12)
    at Object.transformSync (C:\mahaa\node_modules\@babel\core\lib\transform.js:40:76)
    at parseWithBabel (C:\mahaa\node_modules\@expo\metro-config\build\transformSync.js:75:18)
    at transformSync (C:\mahaa\node_modules\@expo\metro-config\build\transformSync.js:54:16)
    at Object.transform (C:\mahaa\node_modules\@expo\metro-config\build\babel-transformer.js:146:58)
    at transformJSWithBabel (C:\mahaa\node_modules\@expo\metro-config\build\transform-worker\metro-transform-worker.js:495:47)
    at Object.transform (C:\mahaa\node_modules\@expo\metro-config\build\transform-worker\metro-transform-worker.js:614:12)
    at Object.transform (C:\mahaa\node_modules\@expo\metro-config\build\transform-worker\transform-worker.js:179:19)
    at transformFile (C:\mahaa\node_modules\metro\src\DeltaBundler\Worker.flow.js:67:36)
    at Object.transform (C:\mahaa\node_modules\metro\src\DeltaBundler\Worker.flow.js:42:10)
    at execFunction (C:\mahaa\node_modules\jest-worker\build\workers\threadChild.js:167:17)
    at execHelper (C:\mahaa\node_modules\jest-worker\build\workers\threadChild.js:155:5)
Web  ERROR  [TransformError: SyntaxError: C:\mahaa\src\features\profile\profileStyles.ts: Unexpected token (341:0)

  339 | });
  340 |
> 341 | });
      | ^
  342 |
  343 |]
 ERROR  SyntaxError: C:\mahaa\src\features\profile\profileStyles.ts: Unexpected token (341:0)

  339 | });
  340 |
> 341 | });
      | ^
  342 |
  343 |
    at constructor (C:\mahaa\node_modules\@babel\parser\lib\index.js:369:19)
    at TypeScriptParserMixin.raise (C:\mahaa\node_modules\@babel\parser\lib\index.js:6622:19)
    at TypeScriptParserMixin.unexpected (C:\mahaa\node_modules\@babel\parser\lib\index.js:6642:16)
    at TypeScriptParserMixin.parseExprAtom (C:\mahaa\node_modules\@babel\parser\lib\index.js:11473:22)
    at TypeScriptParserMixin.parseExprSubscripts (C:\mahaa\node_modules\@babel\parser\lib\index.js:11107:23)
    at TypeScriptParserMixin.parseUpdate (C:\mahaa\node_modules\@babel\parser\lib\index.js:11092:21)
    at TypeScriptParserMixin.parseMaybeUnary (C:\mahaa\node_modules\@babel\parser\lib\index.js:11072:23)
    at TypeScriptParserMixin.parseMaybeUnary (C:\mahaa\node_modules\@babel\parser\lib\index.js:9860:18)
    at TypeScriptParserMixin.parseMaybeUnaryOrPrivate (C:\mahaa\node_modules\@babel\parser\lib\index.js:10925:61)
    at TypeScriptParserMixin.parseExprOps (C:\mahaa\node_modules\@babel\parser\lib\index.js:10930:23)
    at TypeScriptParserMixin.parseMaybeConditional (C:\mahaa\node_modules\@babel\parser\lib\index.js:10907:23)
    at TypeScriptParserMixin.parseMaybeAssign (C:\mahaa\node_modules\@babel\parser\lib\index.js:10857:21)
    at TypeScriptParserMixin.parseMaybeAssign (C:\mahaa\node_modules\@babel\parser\lib\index.js:9809:20)
    at TypeScriptParserMixin.parseExpressionBase (C:\mahaa\node_modules\@babel\parser\lib\index.js:10810:23)
    at C:\mahaa\node_modules\@babel\parser\lib\index.js:10806:39
    at TypeScriptParserMixin.allowInAnd (C:\mahaa\node_modules\@babel\parser\lib\index.js:12455:16)
    at TypeScriptParserMixin.parseExpression (C:\mahaa\node_modules\@babel\parser\lib\index.js:10806:17)
    at TypeScriptParserMixin.parseStatementContent (C:\mahaa\node_modules\@babel\parser\lib\index.js:12929:23)
    at TypeScriptParserMixin.parseStatementContent (C:\mahaa\node_modules\@babel\parser\lib\index.js:9531:18)
    at TypeScriptParserMixin.parseStatementLike (C:\mahaa\node_modules\@babel\parser\lib\index.js:12801:17)
    at TypeScriptParserMixin.parseModuleItem (C:\mahaa\node_modules\@babel\parser\lib\index.js:12778:17)
    at TypeScriptParserMixin.parseBlockOrModuleBlockBody (C:\mahaa\node_modules\@babel\parser\lib\index.js:13350:36)
    at TypeScriptParserMixin.parseBlockBody (C:\mahaa\node_modules\@babel\parser\lib\index.js:13343:10)
    at TypeScriptParserMixin.parseProgram (C:\mahaa\node_modules\@babel\parser\lib\index.js:12656:10)
    at TypeScriptParserMixin.parseTopLevel (C:\mahaa\node_modules\@babel\parser\lib\index.js:12646:25)
    at TypeScriptParserMixin.parse (C:\mahaa\node_modules\@babel\parser\lib\index.js:14522:25)
    at TypeScriptParserMixin.parse (C:\mahaa\node_modules\@babel\parser\lib\index.js:10149:18)
    at parse (C:\mahaa\node_modules\@babel\parser\lib\index.js:14535:26)
    at parser (C:\mahaa\node_modules\@babel\core\lib\parser\index.js:41:34)
    at parser.next (<anonymous>)
    at normalizeFile (C:\mahaa\node_modules\@babel\core\lib\transformation\normalize-file.js:51:37)
    at normalizeFile.next (<anonymous>)
    at run (C:\mahaa\node_modules\@babel\core\lib\transformation\index.js:22:50)
    at run.next (<anonymous>)
    at transform (C:\mahaa\node_modules\@babel\core\lib\transform.js:22:33)
    at transform.next (<anonymous>)
    at evaluateSync (C:\mahaa\node_modules\gensync\index.js:251:28)
    at sync (C:\mahaa\node_modules\gensync\index.js:89:14)
    at stopHiding - secret - don't use this - v1 (C:\mahaa\node_modules\@babel\core\lib\errors\rewrite-stack-trace.js:47:12)
    at Object.transformSync (C:\mahaa\node_modules\@babel\core\lib\transform.js:40:76)
    at parseWithBabel (C:\mahaa\node_modules\@expo\metro-config\build\transformSync.js:75:18)
    at transformSync (C:\mahaa\node_modules\@expo\metro-config\build\transformSync.js:54:16)
    at Object.transform (C:\mahaa\node_modules\@expo\metro-config\build\babel-transformer.js:146:58)
    at transformJSWithBabel (C:\mahaa\node_modules\@expo\metro-config\build\transform-worker\metro-transform-worker.js:495:47)
    at Object.transform (C:\mahaa\node_modules\@expo\metro-config\build\transform-worker\metro-transform-worker.js:614:12)
    at Object.transform (C:\mahaa\node_modules\@expo\metro-config\build\transform-worker\transform-worker.js:179:19)
    at transformFile (C:\mahaa\node_modules\metro\src\DeltaBundler\Worker.flow.js:67:36)
    at Object.transform (C:\mahaa\node_modules\metro\src\DeltaBundler\Worker.flow.js:42:10)
    at execFunction (C:\mahaa\node_modules\jest-worker\build\workers\threadChild.js:167:17)
    at execHelper (C:\mahaa\node_modules\jest-worker\build\workers\threadChild.js:155:5)
Web  ERROR  [TransformError: SyntaxError: C:\mahaa\src\features\profile\profileStyles.ts: Unexpected token (341:0)

  339 | });
  340 |
> 341 | });
      | ^
  342 |
  343 |]
 ERROR  SyntaxError: C:\mahaa\src\features\profile\profileStyles.ts: Unexpected token (341:0)

  339 | });
  340 |
> 341 | });
      | ^
  342 |
  343 |
    at constructor (C:\mahaa\node_modules\@babel\parser\lib\index.js:369:19)
    at TypeScriptParserMixin.raise (C:\mahaa\node_modules\@babel\parser\lib\index.js:6622:19)
    at TypeScriptParserMixin.unexpected (C:\mahaa\node_modules\@babel\parser\lib\index.js:6642:16)
    at TypeScriptParserMixin.parseExprAtom (C:\mahaa\node_modules\@babel\parser\lib\index.js:11473:22)
    at TypeScriptParserMixin.parseExprSubscripts (C:\mahaa\node_modules\@babel\parser\lib\index.js:11107:23)
    at TypeScriptParserMixin.parseUpdate (C:\mahaa\node_modules\@babel\parser\lib\index.js:11092:21)
    at TypeScriptParserMixin.parseMaybeUnary (C:\mahaa\node_modules\@babel\parser\lib\index.js:11072:23)
    at TypeScriptParserMixin.parseMaybeUnary (C:\mahaa\node_modules\@babel\parser\lib\index.js:9860:18)
    at TypeScriptParserMixin.parseMaybeUnaryOrPrivate (C:\mahaa\node_modules\@babel\parser\lib\index.js:10925:61)
    at TypeScriptParserMixin.parseExprOps (C:\mahaa\node_modules\@babel\parser\lib\index.js:10930:23)
    at TypeScriptParserMixin.parseMaybeConditional (C:\mahaa\node_modules\@babel\parser\lib\index.js:10907:23)
    at TypeScriptParserMixin.parseMaybeAssign (C:\mahaa\node_modules\@babel\parser\lib\index.js:10857:21)
    at TypeScriptParserMixin.parseMaybeAssign (C:\mahaa\node_modules\@babel\parser\lib\index.js:9809:20)
    at TypeScriptParserMixin.parseExpressionBase (C:\mahaa\node_modules\@babel\parser\lib\index.js:10810:23)
    at C:\mahaa\node_modules\@babel\parser\lib\index.js:10806:39
    at TypeScriptParserMixin.allowInAnd (C:\mahaa\node_modules\@babel\parser\lib\index.js:12455:16)
    at TypeScriptParserMixin.parseExpression (C:\mahaa\node_modules\@babel\parser\lib\index.js:10806:17)
    at TypeScriptParserMixin.parseStatementContent (C:\mahaa\node_modules\@babel\parser\lib\index.js:12929:23)
    at TypeScriptParserMixin.parseStatementContent (C:\mahaa\node_modules\@babel\parser\lib\index.js:9531:18)
    at TypeScriptParserMixin.parseStatementLike (C:\mahaa\node_modules\@babel\parser\lib\index.js:12801:17)
    at TypeScriptParserMixin.parseModuleItem (C:\mahaa\node_modules\@babel\parser\lib\index.js:12778:17)
    at TypeScriptParserMixin.parseBlockOrModuleBlockBody (C:\mahaa\node_modules\@babel\parser\lib\index.js:13350:36)
    at TypeScriptParserMixin.parseBlockBody (C:\mahaa\node_modules\@babel\parser\lib\index.js:13343:10)
    at TypeScriptParserMixin.parseProgram (C:\mahaa\node_modules\@babel\parser\lib\index.js:12656:10)
    at TypeScriptParserMixin.parseTopLevel (C:\mahaa\node_modules\@babel\parser\lib\index.js:12646:25)
    at TypeScriptParserMixin.parse (C:\mahaa\node_modules\@babel\parser\lib\index.js:14522:25)
    at TypeScriptParserMixin.parse (C:\mahaa\node_modules\@babel\parser\lib\index.js:10149:18)
    at parse (C:\mahaa\node_modules\@babel\parser\lib\index.js:14535:26)
    at parser (C:\mahaa\node_modules\@babel\core\lib\parser\index.js:41:34)
    at parser.next (<anonymous>)
    at normalizeFile (C:\mahaa\node_modules\@babel\core\lib\transformation\normalize-file.js:51:37)
    at normalizeFile.next (<anonymous>)
    at run (C:\mahaa\node_modules\@babel\core\lib\transformation\index.js:22:50)
    at run.next (<anonymous>)
    at transform (C:\mahaa\node_modules\@babel\core\lib\transform.js:22:33)
    at transform.next (<anonymous>)
    at evaluateSync (C:\mahaa\node_modules\gensync\index.js:251:28)
    at sync (C:\mahaa\node_modules\gensync\index.js:89:14)
    at stopHiding - secret - don't use this - v1 (C:\mahaa\node_modules\@babel\core\lib\errors\rewrite-stack-trace.js:47:12)
    at Object.transformSync (C:\mahaa\node_modules\@babel\core\lib\transform.js:40:76)
    at parseWithBabel (C:\mahaa\node_modules\@expo\metro-config\build\transformSync.js:75:18)
    at transformSync (C:\mahaa\node_modules\@expo\metro-config\build\transformSync.js:54:16)
    at Object.transform (C:\mahaa\node_modules\@expo\metro-config\build\babel-transformer.js:146:58)
    at transformJSWithBabel (C:\mahaa\node_modules\@expo\metro-config\build\transform-worker\metro-transform-worker.js:495:47)
    at Object.transform (C:\mahaa\node_modules\@expo\metro-config\build\transform-worker\metro-transform-worker.js:614:12)
    at Object.transform (C:\mahaa\node_modules\@expo\metro-config\build\transform-worker\transform-worker.js:179:19)
    at transformFile (C:\mahaa\node_modules\metro\src\DeltaBundler\Worker.flow.js:67:36)
    at Object.transform (C:\mahaa\node_modules\metro\src\DeltaBundler\Worker.flow.js:42:10)
    at execFunction (C:\mahaa\node_modules\jest-worker\build\workers\threadChild.js:167:17)
    at execHelper (C:\mahaa\node_modules\jest-worker\build\workers\threadChild.js:155:5)
Web  ERROR  [TransformError: SyntaxError: C:\mahaa\src\features\profile\profileStyles.ts: Unexpected token (341:0)

  339 | });
  340 |
> 341 | });
      | ^
  342 |
  343 |]
 ERROR  SyntaxError: C:\mahaa\src\features\profile\profileStyles.ts: Unexpected token (341:0)

  339 | });
  340 |
> 341 | });
      | ^
  342 |
  343 |
    at constructor (C:\mahaa\node_modules\@babel\parser\lib\index.js:369:19)
    at TypeScriptParserMixin.raise (C:\mahaa\node_modules\@babel\parser\lib\index.js:6622:19)
    at TypeScriptParserMixin.unexpected (C:\mahaa\node_modules\@babel\parser\lib\index.js:6642:16)
    at TypeScriptParserMixin.parseExprAtom (C:\mahaa\node_modules\@babel\parser\lib\index.js:11473:22)
    at TypeScriptParserMixin.parseExprSubscripts (C:\mahaa\node_modules\@babel\parser\lib\index.js:11107:23)
    at TypeScriptParserMixin.parseUpdate (C:\mahaa\node_modules\@babel\parser\lib\index.js:11092:21)
    at TypeScriptParserMixin.parseMaybeUnary (C:\mahaa\node_modules\@babel\parser\lib\index.js:11072:23)
    at TypeScriptParserMixin.parseMaybeUnary (C:\mahaa\node_modules\@babel\parser\lib\index.js:9860:18)
    at TypeScriptParserMixin.parseMaybeUnaryOrPrivate (C:\mahaa\node_modules\@babel\parser\lib\index.js:10925:61)
    at TypeScriptParserMixin.parseExprOps (C:\mahaa\node_modules\@babel\parser\lib\index.js:10930:23)
    at TypeScriptParserMixin.parseMaybeConditional (C:\mahaa\node_modules\@babel\parser\lib\index.js:10907:23)
    at TypeScriptParserMixin.parseMaybeAssign (C:\mahaa\node_modules\@babel\parser\lib\index.js:10857:21)
    at TypeScriptParserMixin.parseMaybeAssign (C:\mahaa\node_modules\@babel\parser\lib\index.js:9809:20)
    at TypeScriptParserMixin.parseExpressionBase (C:\mahaa\node_modules\@babel\parser\lib\index.js:10810:23)
    at C:\mahaa\node_modules\@babel\parser\lib\index.js:10806:39
    at TypeScriptParserMixin.allowInAnd (C:\mahaa\node_modules\@babel\parser\lib\index.js:12455:16)
    at TypeScriptParserMixin.parseExpression (C:\mahaa\node_modules\@babel\parser\lib\index.js:10806:17)
    at TypeScriptParserMixin.parseStatementContent (C:\mahaa\node_modules\@babel\parser\lib\index.js:12929:23)
    at TypeScriptParserMixin.parseStatementContent (C:\mahaa\node_modules\@babel\parser\lib\index.js:9531:18)
    at TypeScriptParserMixin.parseStatementLike (C:\mahaa\node_modules\@babel\parser\lib\index.js:12801:17)
    at TypeScriptParserMixin.parseModuleItem (C:\mahaa\node_modules\@babel\parser\lib\index.js:12778:17)
    at TypeScriptParserMixin.parseBlockOrModuleBlockBody (C:\mahaa\node_modules\@babel\parser\lib\index.js:13350:36)
    at TypeScriptParserMixin.parseBlockBody (C:\mahaa\node_modules\@babel\parser\lib\index.js:13343:10)
    at TypeScriptParserMixin.parseProgram (C:\mahaa\node_modules\@babel\parser\lib\index.js:12656:10)
    at TypeScriptParserMixin.parseTopLevel (C:\mahaa\node_modules\@babel\parser\lib\index.js:12646:25)
    at TypeScriptParserMixin.parse (C:\mahaa\node_modules\@babel\parser\lib\index.js:14522:25)
    at TypeScriptParserMixin.parse (C:\mahaa\node_modules\@babel\parser\lib\index.js:10149:18)
    at parse (C:\mahaa\node_modules\@babel\parser\lib\index.js:14535:26)
    at parser (C:\mahaa\node_modules\@babel\core\lib\parser\index.js:41:34)
    at parser.next (<anonymous>)
    at normalizeFile (C:\mahaa\node_modules\@babel\core\lib\transformation\normalize-file.js:51:37)
    at normalizeFile.next (<anonymous>)
    at run (C:\mahaa\node_modules\@babel\core\lib\transformation\index.js:22:50)
    at run.next (<anonymous>)
    at transform (C:\mahaa\node_modules\@babel\core\lib\transform.js:22:33)
    at transform.next (<anonymous>)
    at evaluateSync (C:\mahaa\node_modules\gensync\index.js:251:28)
    at sync (C:\mahaa\node_modules\gensync\index.js:89:14)
    at stopHiding - secret - don't use this - v1 (C:\mahaa\node_modules\@babel\core\lib\errors\rewrite-stack-trace.js:47:12)
    at Object.transformSync (C:\mahaa\node_modules\@babel\core\lib\transform.js:40:76)
    at parseWithBabel (C:\mahaa\node_modules\@expo\metro-config\build\transformSync.js:75:18)
    at transformSync (C:\mahaa\node_modules\@expo\metro-config\build\transformSync.js:54:16)
    at Object.transform (C:\mahaa\node_modules\@expo\metro-config\build\babel-transformer.js:146:58)
    at transformJSWithBabel (C:\mahaa\node_modules\@expo\metro-config\build\transform-worker\metro-transform-worker.js:495:47)
    at Object.transform (C:\mahaa\node_modules\@expo\metro-config\build\transform-worker\metro-transform-worker.js:614:12)
    at Object.transform (C:\mahaa\node_modules\@expo\metro-config\build\transform-worker\transform-worker.js:179:19)
    at transformFile (C:\mahaa\node_modules\metro\src\DeltaBundler\Worker.flow.js:67:36)
    at Object.transform (C:\mahaa\node_modules\metro\src\DeltaBundler\Worker.flow.js:42:10)
    at execFunction (C:\mahaa\node_modules\jest-worker\build\workers\threadChild.js:167:17)
    at execHelper (C:\mahaa\node_modules\jest-worker\build\workers\threadChild.js:155:5)
Web  ERROR  [TransformError: SyntaxError: C:\mahaa\src\features\profile\profileStyles.ts: Unexpected token (341:0)

  339 | });
  340 |
> 341 | });
      | ^
  342 |
  343 |]
 ERROR  SyntaxError: C:\mahaa\src\features\profile\profileStyles.ts: Unexpected token (341:0)

  339 | });
  340 |
> 341 | });
      | ^
  342 |
  343 |
    at constructor (C:\mahaa\node_modules\@babel\parser\lib\index.js:369:19)
    at TypeScriptParserMixin.raise (C:\mahaa\node_modules\@babel\parser\lib\index.js:6622:19)
    at TypeScriptParserMixin.unexpected (C:\mahaa\node_modules\@babel\parser\lib\index.js:6642:16)
    at TypeScriptParserMixin.parseExprAtom (C:\mahaa\node_modules\@babel\parser\lib\index.js:11473:22)
    at TypeScriptParserMixin.parseExprSubscripts (C:\mahaa\node_modules\@babel\parser\lib\index.js:11107:23)
    at TypeScriptParserMixin.parseUpdate (C:\mahaa\node_modules\@babel\parser\lib\index.js:11092:21)
    at TypeScriptParserMixin.parseMaybeUnary (C:\mahaa\node_modules\@babel\parser\lib\index.js:11072:23)
    at TypeScriptParserMixin.parseMaybeUnary (C:\mahaa\node_modules\@babel\parser\lib\index.js:9860:18)
    at TypeScriptParserMixin.parseMaybeUnaryOrPrivate (C:\mahaa\node_modules\@babel\parser\lib\index.js:10925:61)
    at TypeScriptParserMixin.parseExprOps (C:\mahaa\node_modules\@babel\parser\lib\index.js:10930:23)
    at TypeScriptParserMixin.parseMaybeConditional (C:\mahaa\node_modules\@babel\parser\lib\index.js:10907:23)
    at TypeScriptParserMixin.parseMaybeAssign (C:\mahaa\node_modules\@babel\parser\lib\index.js:10857:21)
    at TypeScriptParserMixin.parseMaybeAssign (C:\mahaa\node_modules\@babel\parser\lib\index.js:9809:20)
    at TypeScriptParserMixin.parseExpressionBase (C:\mahaa\node_modules\@babel\parser\lib\index.js:10810:23)
    at C:\mahaa\node_modules\@babel\parser\lib\index.js:10806:39
    at TypeScriptParserMixin.allowInAnd (C:\mahaa\node_modules\@babel\parser\lib\index.js:12455:16)
    at TypeScriptParserMixin.parseExpression (C:\mahaa\node_modules\@babel\parser\lib\index.js:10806:17)
    at TypeScriptParserMixin.parseStatementContent (C:\mahaa\node_modules\@babel\parser\lib\index.js:12929:23)
    at TypeScriptParserMixin.parseStatementContent (C:\mahaa\node_modules\@babel\parser\lib\index.js:9531:18)
    at TypeScriptParserMixin.parseStatementLike (C:\mahaa\node_modules\@babel\parser\lib\index.js:12801:17)
    at TypeScriptParserMixin.parseModuleItem (C:\mahaa\node_modules\@babel\parser\lib\index.js:12778:17)
    at TypeScriptParserMixin.parseBlockOrModuleBlockBody (C:\mahaa\node_modules\@babel\parser\lib\index.js:13350:36)
    at TypeScriptParserMixin.parseBlockBody (C:\mahaa\node_modules\@babel\parser\lib\index.js:13343:10)
    at TypeScriptParserMixin.parseProgram (C:\mahaa\node_modules\@babel\parser\lib\index.js:12656:10)
    at TypeScriptParserMixin.parseTopLevel (C:\mahaa\node_modules\@babel\parser\lib\index.js:12646:25)
    at TypeScriptParserMixin.parse (C:\mahaa\node_modules\@babel\parser\lib\index.js:14522:25)
    at TypeScriptParserMixin.parse (C:\mahaa\node_modules\@babel\parser\lib\index.js:10149:18)
    at parse (C:\mahaa\node_modules\@babel\parser\lib\index.js:14535:26)
    at parser (C:\mahaa\node_modules\@babel\core\lib\parser\index.js:41:34)
    at parser.next (<anonymous>)
    at normalizeFile (C:\mahaa\node_modules\@babel\core\lib\transformation\normalize-file.js:51:37)
    at normalizeFile.next (<anonymous>)
    at run (C:\mahaa\node_modules\@babel\core\lib\transformation\index.js:22:50)
    at run.next (<anonymous>)
    at transform (C:\mahaa\node_modules\@babel\core\lib\transform.js:22:33)
    at transform.next (<anonymous>)
    at evaluateSync (C:\mahaa\node_modules\gensync\index.js:251:28)
    at sync (C:\mahaa\node_modules\gensync\index.js:89:14)
    at stopHiding - secret - don't use this - v1 (C:\mahaa\node_modules\@babel\core\lib\errors\rewrite-stack-trace.js:47:12)
    at Object.transformSync (C:\mahaa\node_modules\@babel\core\lib\transform.js:40:76)
    at parseWithBabel (C:\mahaa\node_modules\@expo\metro-config\build\transformSync.js:75:18)
    at transformSync (C:\mahaa\node_modules\@expo\metro-config\build\transformSync.js:54:16)
    at Object.transform (C:\mahaa\node_modules\@expo\metro-config\build\babel-transformer.js:146:58)
    at transformJSWithBabel (C:\mahaa\node_modules\@expo\metro-config\build\transform-worker\metro-transform-worker.js:495:47)
    at Object.transform (C:\mahaa\node_modules\@expo\metro-config\build\transform-worker\metro-transform-worker.js:614:12)
    at Object.transform (C:\mahaa\node_modules\@expo\metro-config\build\transform-worker\transform-worker.js:179:19)
    at transformFile (C:\mahaa\node_modules\metro\src\DeltaBundler\Worker.flow.js:67:36)
    at Object.transform (C:\mahaa\node_modules\metro\src\DeltaBundler\Worker.flow.js:42:10)
    at execFunction (C:\mahaa\node_modules\jest-worker\build\workers\threadChild.js:167:17)
    at execHelper (C:\mahaa\node_modules\jest-worker\build\workers\threadChild.js:155:5)
Web  ERROR  [TransformError: SyntaxError: C:\mahaa\src\features\profile\profileStyles.ts: Unexpected token (341:0)

  339 | });
  340 |
> 341 | });
      | ^
  342 |
  343 |]
 ERROR  SyntaxError: C:\mahaa\src\features\profile\profileStyles.ts: Unexpected token (341:0)

  339 | });
  340 |
> 341 | });
      | ^
  342 |
  343 |
    at constructor (C:\mahaa\node_modules\@babel\parser\lib\index.js:369:19)
    at TypeScriptParserMixin.raise (C:\mahaa\node_modules\@babel\parser\lib\index.js:6622:19)
    at TypeScriptParserMixin.unexpected (C:\mahaa\node_modules\@babel\parser\lib\index.js:6642:16)
    at TypeScriptParserMixin.parseExprAtom (C:\mahaa\node_modules\@babel\parser\lib\index.js:11473:22)
    at TypeScriptParserMixin.parseExprSubscripts (C:\mahaa\node_modules\@babel\parser\lib\index.js:11107:23)
    at TypeScriptParserMixin.parseUpdate (C:\mahaa\node_modules\@babel\parser\lib\index.js:11092:21)
    at TypeScriptParserMixin.parseMaybeUnary (C:\mahaa\node_modules\@babel\parser\lib\index.js:11072:23)
    at TypeScriptParserMixin.parseMaybeUnary (C:\mahaa\node_modules\@babel\parser\lib\index.js:9860:18)
    at TypeScriptParserMixin.parseMaybeUnaryOrPrivate (C:\mahaa\node_modules\@babel\parser\lib\index.js:10925:61)
    at TypeScriptParserMixin.parseExprOps (C:\mahaa\node_modules\@babel\parser\lib\index.js:10930:23)
    at TypeScriptParserMixin.parseMaybeConditional (C:\mahaa\node_modules\@babel\parser\lib\index.js:10907:23)
    at TypeScriptParserMixin.parseMaybeAssign (C:\mahaa\node_modules\@babel\parser\lib\index.js:10857:21)
    at TypeScriptParserMixin.parseMaybeAssign (C:\mahaa\node_modules\@babel\parser\lib\index.js:9809:20)
    at TypeScriptParserMixin.parseExpressionBase (C:\mahaa\node_modules\@babel\parser\lib\index.js:10810:23)
    at C:\mahaa\node_modules\@babel\parser\lib\index.js:10806:39
    at TypeScriptParserMixin.allowInAnd (C:\mahaa\node_modules\@babel\parser\lib\index.js:12455:16)
    at TypeScriptParserMixin.parseExpression (C:\mahaa\node_modules\@babel\parser\lib\index.js:10806:17)
    at TypeScriptParserMixin.parseStatementContent (C:\mahaa\node_modules\@babel\parser\lib\index.js:12929:23)
    at TypeScriptParserMixin.parseStatementContent (C:\mahaa\node_modules\@babel\parser\lib\index.js:9531:18)
    at TypeScriptParserMixin.parseStatementLike (C:\mahaa\node_modules\@babel\parser\lib\index.js:12801:17)
    at TypeScriptParserMixin.parseModuleItem (C:\mahaa\node_modules\@babel\parser\lib\index.js:12778:17)
    at TypeScriptParserMixin.parseBlockOrModuleBlockBody (C:\mahaa\node_modules\@babel\parser\lib\index.js:13350:36)
    at TypeScriptParserMixin.parseBlockBody (C:\mahaa\node_modules\@babel\parser\lib\index.js:13343:10)
    at TypeScriptParserMixin.parseProgram (C:\mahaa\node_modules\@babel\parser\lib\index.js:12656:10)
    at TypeScriptParserMixin.parseTopLevel (C:\mahaa\node_modules\@babel\parser\lib\index.js:12646:25)
    at TypeScriptParserMixin.parse (C:\mahaa\node_modules\@babel\parser\lib\index.js:14522:25)
    at TypeScriptParserMixin.parse (C:\mahaa\node_modules\@babel\parser\lib\index.js:10149:18)
    at parse (C:\mahaa\node_modules\@babel\parser\lib\index.js:14535:26)
    at parser (C:\mahaa\node_modules\@babel\core\lib\parser\index.js:41:34)
    at parser.next (<anonymous>)
    at normalizeFile (C:\mahaa\node_modules\@babel\core\lib\transformation\normalize-file.js:51:37)
    at normalizeFile.next (<anonymous>)
    at run (C:\mahaa\node_modules\@babel\core\lib\transformation\index.js:22:50)
    at run.next (<anonymous>)
    at transform (C:\mahaa\node_modules\@babel\core\lib\transform.js:22:33)
    at transform.next (<anonymous>)
    at evaluateSync (C:\mahaa\node_modules\gensync\index.js:251:28)
    at sync (C:\mahaa\node_modules\gensync\index.js:89:14)
    at stopHiding - secret - don't use this - v1 (C:\mahaa\node_modules\@babel\core\lib\errors\rewrite-stack-trace.js:47:12)
    at Object.transformSync (C:\mahaa\node_modules\@babel\core\lib\transform.js:40:76)
    at parseWithBabel (C:\mahaa\node_modules\@expo\metro-config\build\transformSync.js:75:18)
    at transformSync (C:\mahaa\node_modules\@expo\metro-config\build\transformSync.js:54:16)
    at Object.transform (C:\mahaa\node_modules\@expo\metro-config\build\babel-transformer.js:146:58)
    at transformJSWithBabel (C:\mahaa\node_modules\@expo\metro-config\build\transform-worker\metro-transform-worker.js:495:47)
    at Object.transform (C:\mahaa\node_modules\@expo\metro-config\build\transform-worker\metro-transform-worker.js:614:12)
    at Object.transform (C:\mahaa\node_modules\@expo\metro-config\build\transform-worker\transform-worker.js:179:19)
    at transformFile (C:\mahaa\node_modules\metro\src\DeltaBundler\Worker.flow.js:67:36)
    at Object.transform (C:\mahaa\node_modules\metro\src\DeltaBundler\Worker.flow.js:42:10)
    at execFunction (C:\mahaa\node_modules\jest-worker\build\workers\threadChild.js:167:17)
    at execHelper (C:\mahaa\node_modules\jest-worker\build\workers\threadChild.js:155:5)
Web  ERROR  [TransformError: SyntaxError: C:\mahaa\src\features\profile\profileStyles.ts: Unexpected token (341:0)

  339 | });
  340 |
> 341 | });
      | ^
  342 |
  343 |]
 ERROR  SyntaxError: C:\mahaa\src\features\profile\profileStyles.ts: Unexpected token (341:0)

  339 | });
  340 |
> 341 | });
      | ^
  342 |
  343 |
    at constructor (C:\mahaa\node_modules\@babel\parser\lib\index.js:369:19)
    at TypeScriptParserMixin.raise (C:\mahaa\node_modules\@babel\parser\lib\index.js:6622:19)
    at TypeScriptParserMixin.unexpected (C:\mahaa\node_modules\@babel\parser\lib\index.js:6642:16)
    at TypeScriptParserMixin.parseExprAtom (C:\mahaa\node_modules\@babel\parser\lib\index.js:11473:22)
    at TypeScriptParserMixin.parseExprSubscripts (C:\mahaa\node_modules\@babel\parser\lib\index.js:11107:23)
    at TypeScriptParserMixin.parseUpdate (C:\mahaa\node_modules\@babel\parser\lib\index.js:11092:21)
    at TypeScriptParserMixin.parseMaybeUnary (C:\mahaa\node_modules\@babel\parser\lib\index.js:11072:23)
    at TypeScriptParserMixin.parseMaybeUnary (C:\mahaa\node_modules\@babel\parser\lib\index.js:9860:18)
    at TypeScriptParserMixin.parseMaybeUnaryOrPrivate (C:\mahaa\node_modules\@babel\parser\lib\index.js:10925:61)
    at TypeScriptParserMixin.parseExprOps (C:\mahaa\node_modules\@babel\parser\lib\index.js:10930:23)
    at TypeScriptParserMixin.parseMaybeConditional (C:\mahaa\node_modules\@babel\parser\lib\index.js:10907:23)
    at TypeScriptParserMixin.parseMaybeAssign (C:\mahaa\node_modules\@babel\parser\lib\index.js:10857:21)
    at TypeScriptParserMixin.parseMaybeAssign (C:\mahaa\node_modules\@babel\parser\lib\index.js:9809:20)
    at TypeScriptParserMixin.parseExpressionBase (C:\mahaa\node_modules\@babel\parser\lib\index.js:10810:23)
    at C:\mahaa\node_modules\@babel\parser\lib\index.js:10806:39
    at TypeScriptParserMixin.allowInAnd (C:\mahaa\node_modules\@babel\parser\lib\index.js:12455:16)
    at TypeScriptParserMixin.parseExpression (C:\mahaa\node_modules\@babel\parser\lib\index.js:10806:17)
    at TypeScriptParserMixin.parseStatementContent (C:\mahaa\node_modules\@babel\parser\lib\index.js:12929:23)
    at TypeScriptParserMixin.parseStatementContent (C:\mahaa\node_modules\@babel\parser\lib\index.js:9531:18)
    at TypeScriptParserMixin.parseStatementLike (C:\mahaa\node_modules\@babel\parser\lib\index.js:12801:17)
    at TypeScriptParserMixin.parseModuleItem (C:\mahaa\node_modules\@babel\parser\lib\index.js:12778:17)
    at TypeScriptParserMixin.parseBlockOrModuleBlockBody (C:\mahaa\node_modules\@babel\parser\lib\index.js:13350:36)
    at TypeScriptParserMixin.parseBlockBody (C:\mahaa\node_modules\@babel\parser\lib\index.js:13343:10)
    at TypeScriptParserMixin.parseProgram (C:\mahaa\node_modules\@babel\parser\lib\index.js:12656:10)
    at TypeScriptParserMixin.parseTopLevel (C:\mahaa\node_modules\@babel\parser\lib\index.js:12646:25)
    at TypeScriptParserMixin.parse (C:\mahaa\node_modules\@babel\parser\lib\index.js:14522:25)
    at TypeScriptParserMixin.parse (C:\mahaa\node_modules\@babel\parser\lib\index.js:10149:18)
    at parse (C:\mahaa\node_modules\@babel\parser\lib\index.js:14535:26)
    at parser (C:\mahaa\node_modules\@babel\core\lib\parser\index.js:41:34)
    at parser.next (<anonymous>)
    at normalizeFile (C:\mahaa\node_modules\@babel\core\lib\transformation\normalize-file.js:51:37)
    at normalizeFile.next (<anonymous>)
    at run (C:\mahaa\node_modules\@babel\core\lib\transformation\index.js:22:50)
    at run.next (<anonymous>)
    at transform (C:\mahaa\node_modules\@babel\core\lib\transform.js:22:33)
    at transform.next (<anonymous>)
    at evaluateSync (C:\mahaa\node_modules\gensync\index.js:251:28)
    at sync (C:\mahaa\node_modules\gensync\index.js:89:14)
    at stopHiding - secret - don't use this - v1 (C:\mahaa\node_modules\@babel\core\lib\errors\rewrite-stack-trace.js:47:12)
    at Object.transformSync (C:\mahaa\node_modules\@babel\core\lib\transform.js:40:76)
    at parseWithBabel (C:\mahaa\node_modules\@expo\metro-config\build\transformSync.js:75:18)
    at transformSync (C:\mahaa\node_modules\@expo\metro-config\build\transformSync.js:54:16)
    at Object.transform (C:\mahaa\node_modules\@expo\metro-config\build\babel-transformer.js:146:58)
    at transformJSWithBabel (C:\mahaa\node_modules\@expo\metro-config\build\transform-worker\metro-transform-worker.js:495:47)
    at Object.transform (C:\mahaa\node_modules\@expo\metro-config\build\transform-worker\metro-transform-worker.js:614:12)
    at Object.transform (C:\mahaa\node_modules\@expo\metro-config\build\transform-worker\transform-worker.js:179:19)
    at transformFile (C:\mahaa\node_modules\metro\src\DeltaBundler\Worker.flow.js:67:36)
    at Object.transform (C:\mahaa\node_modules\metro\src\DeltaBundler\Worker.flow.js:42:10)
    at execFunction (C:\mahaa\node_modules\jest-worker\build\workers\threadChild.js:167:17)
    at execHelper (C:\mahaa\node_modules\jest-worker\build\workers\threadChild.js:155:5)
Web  ERROR  [TransformError: SyntaxError: C:\mahaa\src\features\profile\profileStyles.ts: Unexpected token (341:0)

  339 | });
  340 |
> 341 | });
      | ^
  342 |
  343 |]
 ERROR  SyntaxError: C:\mahaa\src\features\profile\profileStyles.ts: Unexpected token (341:0)

  339 | });
  340 |
> 341 | });
      | ^
  342 |
  343 |
    at constructor (C:\mahaa\node_modules\@babel\parser\lib\index.js:369:19)
    at TypeScriptParserMixin.raise (C:\mahaa\node_modules\@babel\parser\lib\index.js:6622:19)
    at TypeScriptParserMixin.unexpected (C:\mahaa\node_modules\@babel\parser\lib\index.js:6642:16)
    at TypeScriptParserMixin.parseExprAtom (C:\mahaa\node_modules\@babel\parser\lib\index.js:11473:22)
    at TypeScriptParserMixin.parseExprSubscripts (C:\mahaa\node_modules\@babel\parser\lib\index.js:11107:23)
    at TypeScriptParserMixin.parseUpdate (C:\mahaa\node_modules\@babel\parser\lib\index.js:11092:21)
    at TypeScriptParserMixin.parseMaybeUnary (C:\mahaa\node_modules\@babel\parser\lib\index.js:11072:23)
    at TypeScriptParserMixin.parseMaybeUnary (C:\mahaa\node_modules\@babel\parser\lib\index.js:9860:18)
    at TypeScriptParserMixin.parseMaybeUnaryOrPrivate (C:\mahaa\node_modules\@babel\parser\lib\index.js:10925:61)
    at TypeScriptParserMixin.parseExprOps (C:\mahaa\node_modules\@babel\parser\lib\index.js:10930:23)
    at TypeScriptParserMixin.parseMaybeConditional (C:\mahaa\node_modules\@babel\parser\lib\index.js:10907:23)
    at TypeScriptParserMixin.parseMaybeAssign (C:\mahaa\node_modules\@babel\parser\lib\index.js:10857:21)
    at TypeScriptParserMixin.parseMaybeAssign (C:\mahaa\node_modules\@babel\parser\lib\index.js:9809:20)
    at TypeScriptParserMixin.parseExpressionBase (C:\mahaa\node_modules\@babel\parser\lib\index.js:10810:23)
    at C:\mahaa\node_modules\@babel\parser\lib\index.js:10806:39
    at TypeScriptParserMixin.allowInAnd (C:\mahaa\node_modules\@babel\parser\lib\index.js:12455:16)
    at TypeScriptParserMixin.parseExpression (C:\mahaa\node_modules\@babel\parser\lib\index.js:10806:17)
    at TypeScriptParserMixin.parseStatementContent (C:\mahaa\node_modules\@babel\parser\lib\index.js:12929:23)
    at TypeScriptParserMixin.parseStatementContent (C:\mahaa\node_modules\@babel\parser\lib\index.js:9531:18)
    at TypeScriptParserMixin.parseStatementLike (C:\mahaa\node_modules\@babel\parser\lib\index.js:12801:17)
    at TypeScriptParserMixin.parseModuleItem (C:\mahaa\node_modules\@babel\parser\lib\index.js:12778:17)
    at TypeScriptParserMixin.parseBlockOrModuleBlockBody (C:\mahaa\node_modules\@babel\parser\lib\index.js:13350:36)
    at TypeScriptParserMixin.parseBlockBody (C:\mahaa\node_modules\@babel\parser\lib\index.js:13343:10)
    at TypeScriptParserMixin.parseProgram (C:\mahaa\node_modules\@babel\parser\lib\index.js:12656:10)
    at TypeScriptParserMixin.parseTopLevel (C:\mahaa\node_modules\@babel\parser\lib\index.js:12646:25)
    at TypeScriptParserMixin.parse (C:\mahaa\node_modules\@babel\parser\lib\index.js:14522:25)
    at TypeScriptParserMixin.parse (C:\mahaa\node_modules\@babel\parser\lib\index.js:10149:18)
    at parse (C:\mahaa\node_modules\@babel\parser\lib\index.js:14535:26)
    at parser (C:\mahaa\node_modules\@babel\core\lib\parser\index.js:41:34)
    at parser.next (<anonymous>)
    at normalizeFile (C:\mahaa\node_modules\@babel\core\lib\transformation\normalize-file.js:51:37)
    at normalizeFile.next (<anonymous>)
    at run (C:\mahaa\node_modules\@babel\core\lib\transformation\index.js:22:50)
    at run.next (<anonymous>)
    at transform (C:\mahaa\node_modules\@babel\core\lib\transform.js:22:33)
    at transform.next (<anonymous>)
    at evaluateSync (C:\mahaa\node_modules\gensync\index.js:251:28)
    at sync (C:\mahaa\node_modules\gensync\index.js:89:14)
    at stopHiding - secret - don't use this - v1 (C:\mahaa\node_modules\@babel\core\lib\errors\rewrite-stack-trace.js:47:12)
    at Object.transformSync (C:\mahaa\node_modules\@babel\core\lib\transform.js:40:76)
    at parseWithBabel (C:\mahaa\node_modules\@expo\metro-config\build\transformSync.js:75:18)
    at transformSync (C:\mahaa\node_modules\@expo\metro-config\build\transformSync.js:54:16)
    at Object.transform (C:\mahaa\node_modules\@expo\metro-config\build\babel-transformer.js:146:58)
    at transformJSWithBabel (C:\mahaa\node_modules\@expo\metro-config\build\transform-worker\metro-transform-worker.js:495:47)
    at Object.transform (C:\mahaa\node_modules\@expo\metro-config\build\transform-worker\metro-transform-worker.js:614:12)
    at Object.transform (C:\mahaa\node_modules\@expo\metro-config\build\transform-worker\transform-worker.js:179:19)
    at transformFile (C:\mahaa\node_modules\metro\src\DeltaBundler\Worker.flow.js:67:36)
    at Object.transform (C:\mahaa\node_modules\metro\src\DeltaBundler\Worker.flow.js:42:10)
    at execFunction (C:\mahaa\node_modules\jest-worker\build\workers\threadChild.js:167:17)
    at execHelper (C:\mahaa\node_modules\jest-worker\build\workers\threadChild.js:155:5)
Web  ERROR  [TransformError: SyntaxError: C:\mahaa\src\features\profile\profileStyles.ts: Unexpected token (341:0)

  339 | });
  340 |
> 341 | });
      | ^
  342 |
  343 |]
 ERROR  SyntaxError: C:\mahaa\src\features\profile\profileStyles.ts: Unexpected token (341:0)

  339 | });
  340 |
> 341 | });
      | ^
  342 |
  343 |
    at constructor (C:\mahaa\node_modules\@babel\parser\lib\index.js:369:19)
    at TypeScriptParserMixin.raise (C:\mahaa\node_modules\@babel\parser\lib\index.js:6622:19)
    at TypeScriptParserMixin.unexpected (C:\mahaa\node_modules\@babel\parser\lib\index.js:6642:16)
    at TypeScriptParserMixin.parseExprAtom (C:\mahaa\node_modules\@babel\parser\lib\index.js:11473:22)
    at TypeScriptParserMixin.parseExprSubscripts (C:\mahaa\node_modules\@babel\parser\lib\index.js:11107:23)
    at TypeScriptParserMixin.parseUpdate (C:\mahaa\node_modules\@babel\parser\lib\index.js:11092:21)
    at TypeScriptParserMixin.parseMaybeUnary (C:\mahaa\node_modules\@babel\parser\lib\index.js:11072:23)
    at TypeScriptParserMixin.parseMaybeUnary (C:\mahaa\node_modules\@babel\parser\lib\index.js:9860:18)
    at TypeScriptParserMixin.parseMaybeUnaryOrPrivate (C:\mahaa\node_modules\@babel\parser\lib\index.js:10925:61)
    at TypeScriptParserMixin.parseExprOps (C:\mahaa\node_modules\@babel\parser\lib\index.js:10930:23)
    at TypeScriptParserMixin.parseMaybeConditional (C:\mahaa\node_modules\@babel\parser\lib\index.js:10907:23)
    at TypeScriptParserMixin.parseMaybeAssign (C:\mahaa\node_modules\@babel\parser\lib\index.js:10857:21)
    at TypeScriptParserMixin.parseMaybeAssign (C:\mahaa\node_modules\@babel\parser\lib\index.js:9809:20)
    at TypeScriptParserMixin.parseExpressionBase (C:\mahaa\node_modules\@babel\parser\lib\index.js:10810:23)
    at C:\mahaa\node_modules\@babel\parser\lib\index.js:10806:39
    at TypeScriptParserMixin.allowInAnd (C:\mahaa\node_modules\@babel\parser\lib\index.js:12455:16)
    at TypeScriptParserMixin.parseExpression (C:\mahaa\node_modules\@babel\parser\lib\index.js:10806:17)
    at TypeScriptParserMixin.parseStatementContent (C:\mahaa\node_modules\@babel\parser\lib\index.js:12929:23)
    at TypeScriptParserMixin.parseStatementContent (C:\mahaa\node_modules\@babel\parser\lib\index.js:9531:18)
    at TypeScriptParserMixin.parseStatementLike (C:\mahaa\node_modules\@babel\parser\lib\index.js:12801:17)
    at TypeScriptParserMixin.parseModuleItem (C:\mahaa\node_modules\@babel\parser\lib\index.js:12778:17)
    at TypeScriptParserMixin.parseBlockOrModuleBlockBody (C:\mahaa\node_modules\@babel\parser\lib\index.js:13350:36)
    at TypeScriptParserMixin.parseBlockBody (C:\mahaa\node_modules\@babel\parser\lib\index.js:13343:10)
    at TypeScriptParserMixin.parseProgram (C:\mahaa\node_modules\@babel\parser\lib\index.js:12656:10)
    at TypeScriptParserMixin.parseTopLevel (C:\mahaa\node_modules\@babel\parser\lib\index.js:12646:25)
    at TypeScriptParserMixin.parse (C:\mahaa\node_modules\@babel\parser\lib\index.js:14522:25)
    at TypeScriptParserMixin.parse (C:\mahaa\node_modules\@babel\parser\lib\index.js:10149:18)
    at parse (C:\mahaa\node_modules\@babel\parser\lib\index.js:14535:26)
    at parser (C:\mahaa\node_modules\@babel\core\lib\parser\index.js:41:34)
    at parser.next (<anonymous>)
    at normalizeFile (C:\mahaa\node_modules\@babel\core\lib\transformation\normalize-file.js:51:37)
    at normalizeFile.next (<anonymous>)
    at run (C:\mahaa\node_modules\@babel\core\lib\transformation\index.js:22:50)
    at run.next (<anonymous>)
    at transform (C:\mahaa\node_modules\@babel\core\lib\transform.js:22:33)
    at transform.next (<anonymous>)
    at evaluateSync (C:\mahaa\node_modules\gensync\index.js:251:28)
    at sync (C:\mahaa\node_modules\gensync\index.js:89:14)
    at stopHiding - secret - don't use this - v1 (C:\mahaa\node_modules\@babel\core\lib\errors\rewrite-stack-trace.js:47:12)
    at Object.transformSync (C:\mahaa\node_modules\@babel\core\lib\transform.js:40:76)
    at parseWithBabel (C:\mahaa\node_modules\@expo\metro-config\build\transformSync.js:75:18)
    at transformSync (C:\mahaa\node_modules\@expo\metro-config\build\transformSync.js:54:16)
    at Object.transform (C:\mahaa\node_modules\@expo\metro-config\build\babel-transformer.js:146:58)
    at transformJSWithBabel (C:\mahaa\node_modules\@expo\metro-config\build\transform-worker\metro-transform-worker.js:495:47)
    at Object.transform (C:\mahaa\node_modules\@expo\metro-config\build\transform-worker\metro-transform-worker.js:614:12)
    at Object.transform (C:\mahaa\node_modules\@expo\metro-config\build\transform-worker\transform-worker.js:179:19)
    at transformFile (C:\mahaa\node_modules\metro\src\DeltaBundler\Worker.flow.js:67:36)
    at Object.transform (C:\mahaa\node_modules\metro\src\DeltaBundler\Worker.flow.js:42:10)
    at execFunction (C:\mahaa\node_modules\jest-worker\build\workers\threadChild.js:167:17)
    at execHelper (C:\mahaa\node_modules\jest-worker\build\workers\threadChild.js:155:5)
Web  ERROR  [TransformError: SyntaxError: C:\mahaa\src\features\profile\profileStyles.ts: Unexpected token (341:0)

  339 | });
  340 |
> 341 | });
      | ^
  342 |
  343 |]
 ERROR  SyntaxError: C:\mahaa\src\features\profile\profileStyles.ts: Unexpected token (341:0)

  339 | });
  340 |
> 341 | });
      | ^
  342 |
  343 |
    at constructor (C:\mahaa\node_modules\@babel\parser\lib\index.js:369:19)
    at TypeScriptParserMixin.raise (C:\mahaa\node_modules\@babel\parser\lib\index.js:6622:19)
    at TypeScriptParserMixin.unexpected (C:\mahaa\node_modules\@babel\parser\lib\index.js:6642:16)
    at TypeScriptParserMixin.parseExprAtom (C:\mahaa\node_modules\@babel\parser\lib\index.js:11473:22)
    at TypeScriptParserMixin.parseExprSubscripts (C:\mahaa\node_modules\@babel\parser\lib\index.js:11107:23)
    at TypeScriptParserMixin.parseUpdate (C:\mahaa\node_modules\@babel\parser\lib\index.js:11092:21)
    at TypeScriptParserMixin.parseMaybeUnary (C:\mahaa\node_modules\@babel\parser\lib\index.js:11072:23)
    at TypeScriptParserMixin.parseMaybeUnary (C:\mahaa\node_modules\@babel\parser\lib\index.js:9860:18)
    at TypeScriptParserMixin.parseMaybeUnaryOrPrivate (C:\mahaa\node_modules\@babel\parser\lib\index.js:10925:61)
    at TypeScriptParserMixin.parseExprOps (C:\mahaa\node_modules\@babel\parser\lib\index.js:10930:23)
    at TypeScriptParserMixin.parseMaybeConditional (C:\mahaa\node_modules\@babel\parser\lib\index.js:10907:23)
    at TypeScriptParserMixin.parseMaybeAssign (C:\mahaa\node_modules\@babel\parser\lib\index.js:10857:21)
    at TypeScriptParserMixin.parseMaybeAssign (C:\mahaa\node_modules\@babel\parser\lib\index.js:9809:20)
    at TypeScriptParserMixin.parseExpressionBase (C:\mahaa\node_modules\@babel\parser\lib\index.js:10810:23)
    at C:\mahaa\node_modules\@babel\parser\lib\index.js:10806:39
    at TypeScriptParserMixin.allowInAnd (C:\mahaa\node_modules\@babel\parser\lib\index.js:12455:16)
    at TypeScriptParserMixin.parseExpression (C:\mahaa\node_modules\@babel\parser\lib\index.js:10806:17)
    at TypeScriptParserMixin.parseStatementContent (C:\mahaa\node_modules\@babel\parser\lib\index.js:12929:23)
    at TypeScriptParserMixin.parseStatementContent (C:\mahaa\node_modules\@babel\parser\lib\index.js:9531:18)
    at TypeScriptParserMixin.parseStatementLike (C:\mahaa\node_modules\@babel\parser\lib\index.js:12801:17)
    at TypeScriptParserMixin.parseModuleItem (C:\mahaa\node_modules\@babel\parser\lib\index.js:12778:17)
    at TypeScriptParserMixin.parseBlockOrModuleBlockBody (C:\mahaa\node_modules\@babel\parser\lib\index.js:13350:36)
    at TypeScriptParserMixin.parseBlockBody (C:\mahaa\node_modules\@babel\parser\lib\index.js:13343:10)
    at TypeScriptParserMixin.parseProgram (C:\mahaa\node_modules\@babel\parser\lib\index.js:12656:10)
    at TypeScriptParserMixin.parseTopLevel (C:\mahaa\node_modules\@babel\parser\lib\index.js:12646:25)
    at TypeScriptParserMixin.parse (C:\mahaa\node_modules\@babel\parser\lib\index.js:14522:25)
    at TypeScriptParserMixin.parse (C:\mahaa\node_modules\@babel\parser\lib\index.js:10149:18)
    at parse (C:\mahaa\node_modules\@babel\parser\lib\index.js:14535:26)
    at parser (C:\mahaa\node_modules\@babel\core\lib\parser\index.js:41:34)
    at parser.next (<anonymous>)
    at normalizeFile (C:\mahaa\node_modules\@babel\core\lib\transformation\normalize-file.js:51:37)
    at normalizeFile.next (<anonymous>)
    at run (C:\mahaa\node_modules\@babel\core\lib\transformation\index.js:22:50)
    at run.next (<anonymous>)
    at transform (C:\mahaa\node_modules\@babel\core\lib\transform.js:22:33)
    at transform.next (<anonymous>)
    at evaluateSync (C:\mahaa\node_modules\gensync\index.js:251:28)
    at sync (C:\mahaa\node_modules\gensync\index.js:89:14)
    at stopHiding - secret - don't use this - v1 (C:\mahaa\node_modules\@babel\core\lib\errors\rewrite-stack-trace.js:47:12)
    at Object.transformSync (C:\mahaa\node_modules\@babel\core\lib\transform.js:40:76)
    at parseWithBabel (C:\mahaa\node_modules\@expo\metro-config\build\transformSync.js:75:18)
    at transformSync (C:\mahaa\node_modules\@expo\metro-config\build\transformSync.js:54:16)
    at Object.transform (C:\mahaa\node_modules\@expo\metro-config\build\babel-transformer.js:146:58)
    at transformJSWithBabel (C:\mahaa\node_modules\@expo\metro-config\build\transform-worker\metro-transform-worker.js:495:47)
    at Object.transform (C:\mahaa\node_modules\@expo\metro-config\build\transform-worker\metro-transform-worker.js:614:12)
    at Object.transform (C:\mahaa\node_modules\@expo\metro-config\build\transform-worker\transform-worker.js:179:19)
    at transformFile (C:\mahaa\node_modules\metro\src\DeltaBundler\Worker.flow.js:67:36)
    at Object.transform (C:\mahaa\node_modules\metro\src\DeltaBundler\Worker.flow.js:42:10)
    at execFunction (C:\mahaa\node_modules\jest-worker\build\workers\threadChild.js:167:17)
    at execHelper (C:\mahaa\node_modules\jest-worker\build\workers\threadChild.js:155:5)
Web  ERROR  [TransformError: SyntaxError: C:\mahaa\src\features\profile\profileStyles.ts: Unexpected token (341:0)

  339 | });
  340 |
> 341 | });
      | ^
  342 |
  343 |]
 ERROR  SyntaxError: C:\mahaa\src\features\profile\profileStyles.ts: Unexpected token (341:0)

  339 | });
  340 |
> 341 | });
      | ^
  342 |
  343 |
    at constructor (C:\mahaa\node_modules\@babel\parser\lib\index.js:369:19)
    at TypeScriptParserMixin.raise (C:\mahaa\node_modules\@babel\parser\lib\index.js:6622:19)
    at TypeScriptParserMixin.unexpected (C:\mahaa\node_modules\@babel\parser\lib\index.js:6642:16)
    at TypeScriptParserMixin.parseExprAtom (C:\mahaa\node_modules\@babel\parser\lib\index.js:11473:22)
    at TypeScriptParserMixin.parseExprSubscripts (C:\mahaa\node_modules\@babel\parser\lib\index.js:11107:23)
    at TypeScriptParserMixin.parseUpdate (C:\mahaa\node_modules\@babel\parser\lib\index.js:11092:21)
    at TypeScriptParserMixin.parseMaybeUnary (C:\mahaa\node_modules\@babel\parser\lib\index.js:11072:23)
    at TypeScriptParserMixin.parseMaybeUnary (C:\mahaa\node_modules\@babel\parser\lib\index.js:9860:18)
    at TypeScriptParserMixin.parseMaybeUnaryOrPrivate (C:\mahaa\node_modules\@babel\parser\lib\index.js:10925:61)
    at TypeScriptParserMixin.parseExprOps (C:\mahaa\node_modules\@babel\parser\lib\index.js:10930:23)
    at TypeScriptParserMixin.parseMaybeConditional (C:\mahaa\node_modules\@babel\parser\lib\index.js:10907:23)
    at TypeScriptParserMixin.parseMaybeAssign (C:\mahaa\node_modules\@babel\parser\lib\index.js:10857:21)
    at TypeScriptParserMixin.parseMaybeAssign (C:\mahaa\node_modules\@babel\parser\lib\index.js:9809:20)
    at TypeScriptParserMixin.parseExpressionBase (C:\mahaa\node_modules\@babel\parser\lib\index.js:10810:23)
    at C:\mahaa\node_modules\@babel\parser\lib\index.js:10806:39
    at TypeScriptParserMixin.allowInAnd (C:\mahaa\node_modules\@babel\parser\lib\index.js:12455:16)
    at TypeScriptParserMixin.parseExpression (C:\mahaa\node_modules\@babel\parser\lib\index.js:10806:17)
    at TypeScriptParserMixin.parseStatementContent (C:\mahaa\node_modules\@babel\parser\lib\index.js:12929:23)
    at TypeScriptParserMixin.parseStatementContent (C:\mahaa\node_modules\@babel\parser\lib\index.js:9531:18)
    at TypeScriptParserMixin.parseStatementLike (C:\mahaa\node_modules\@babel\parser\lib\index.js:12801:17)
    at TypeScriptParserMixin.parseModuleItem (C:\mahaa\node_modules\@babel\parser\lib\index.js:12778:17)
    at TypeScriptParserMixin.parseBlockOrModuleBlockBody (C:\mahaa\node_modules\@babel\parser\lib\index.js:13350:36)
    at TypeScriptParserMixin.parseBlockBody (C:\mahaa\node_modules\@babel\parser\lib\index.js:13343:10)
    at TypeScriptParserMixin.parseProgram (C:\mahaa\node_modules\@babel\parser\lib\index.js:12656:10)
    at TypeScriptParserMixin.parseTopLevel (C:\mahaa\node_modules\@babel\parser\lib\index.js:12646:25)
    at TypeScriptParserMixin.parse (C:\mahaa\node_modules\@babel\parser\lib\index.js:14522:25)
    at TypeScriptParserMixin.parse (C:\mahaa\node_modules\@babel\parser\lib\index.js:10149:18)
    at parse (C:\mahaa\node_modules\@babel\parser\lib\index.js:14535:26)
    at parser (C:\mahaa\node_modules\@babel\core\lib\parser\index.js:41:34)
    at parser.next (<anonymous>)
    at normalizeFile (C:\mahaa\node_modules\@babel\core\lib\transformation\normalize-file.js:51:37)
    at normalizeFile.next (<anonymous>)
    at run (C:\mahaa\node_modules\@babel\core\lib\transformation\index.js:22:50)
    at run.next (<anonymous>)
    at transform (C:\mahaa\node_modules\@babel\core\lib\transform.js:22:33)
    at transform.next (<anonymous>)
    at evaluateSync (C:\mahaa\node_modules\gensync\index.js:251:28)
    at sync (C:\mahaa\node_modules\gensync\index.js:89:14)
    at stopHiding - secret - don't use this - v1 (C:\mahaa\node_modules\@babel\core\lib\errors\rewrite-stack-trace.js:47:12)
    at Object.transformSync (C:\mahaa\node_modules\@babel\core\lib\transform.js:40:76)
    at parseWithBabel (C:\mahaa\node_modules\@expo\metro-config\build\transformSync.js:75:18)
    at transformSync (C:\mahaa\node_modules\@expo\metro-config\build\transformSync.js:54:16)
    at Object.transform (C:\mahaa\node_modules\@expo\metro-config\build\babel-transformer.js:146:58)
    at transformJSWithBabel (C:\mahaa\node_modules\@expo\metro-config\build\transform-worker\metro-transform-worker.js:495:47)
    at Object.transform (C:\mahaa\node_modules\@expo\metro-config\build\transform-worker\metro-transform-worker.js:614:12)
    at Object.transform (C:\mahaa\node_modules\@expo\metro-config\build\transform-worker\transform-worker.js:179:19)
    at transformFile (C:\mahaa\node_modules\metro\src\DeltaBundler\Worker.flow.js:67:36)
    at Object.transform (C:\mahaa\node_modules\metro\src\DeltaBundler\Worker.flow.js:42:10)
    at execFunction (C:\mahaa\node_modules\jest-worker\build\workers\threadChild.js:167:17)
    at execHelper (C:\mahaa\node_modules\jest-worker\build\workers\threadChild.js:155:5)
Web  ERROR  [TransformError: SyntaxError: C:\mahaa\src\features\profile\profileStyles.ts: Unexpected token (341:0)

  339 | });
  340 |
> 341 | });
      | ^
  342 |
  343 |]
 ERROR  SyntaxError: C:\mahaa\src\features\profile\profileStyles.ts: Unexpected token (341:0)

  339 | });
  340 |
> 341 | });
      | ^
  342 |
  343 |
    at constructor (C:\mahaa\node_modules\@babel\parser\lib\index.js:369:19)
    at TypeScriptParserMixin.raise (C:\mahaa\node_modules\@babel\parser\lib\index.js:6622:19)
    at TypeScriptParserMixin.unexpected (C:\mahaa\node_modules\@babel\parser\lib\index.js:6642:16)
    at TypeScriptParserMixin.parseExprAtom (C:\mahaa\node_modules\@babel\parser\lib\index.js:11473:22)
    at TypeScriptParserMixin.parseExprSubscripts (C:\mahaa\node_modules\@babel\parser\lib\index.js:11107:23)
    at TypeScriptParserMixin.parseUpdate (C:\mahaa\node_modules\@babel\parser\lib\index.js:11092:21)
    at TypeScriptParserMixin.parseMaybeUnary (C:\mahaa\node_modules\@babel\parser\lib\index.js:11072:23)
    at TypeScriptParserMixin.parseMaybeUnary (C:\mahaa\node_modules\@babel\parser\lib\index.js:9860:18)
    at TypeScriptParserMixin.parseMaybeUnaryOrPrivate (C:\mahaa\node_modules\@babel\parser\lib\index.js:10925:61)
    at TypeScriptParserMixin.parseExprOps (C:\mahaa\node_modules\@babel\parser\lib\index.js:10930:23)
    at TypeScriptParserMixin.parseMaybeConditional (C:\mahaa\node_modules\@babel\parser\lib\index.js:10907:23)
    at TypeScriptParserMixin.parseMaybeAssign (C:\mahaa\node_modules\@babel\parser\lib\index.js:10857:21)
    at TypeScriptParserMixin.parseMaybeAssign (C:\mahaa\node_modules\@babel\parser\lib\index.js:9809:20)
    at TypeScriptParserMixin.parseExpressionBase (C:\mahaa\node_modules\@babel\parser\lib\index.js:10810:23)
    at C:\mahaa\node_modules\@babel\parser\lib\index.js:10806:39
    at TypeScriptParserMixin.allowInAnd (C:\mahaa\node_modules\@babel\parser\lib\index.js:12455:16)
    at TypeScriptParserMixin.parseExpression (C:\mahaa\node_modules\@babel\parser\lib\index.js:10806:17)
    at TypeScriptParserMixin.parseStatementContent (C:\mahaa\node_modules\@babel\parser\lib\index.js:12929:23)
    at TypeScriptParserMixin.parseStatementContent (C:\mahaa\node_modules\@babel\parser\lib\index.js:9531:18)
    at TypeScriptParserMixin.parseStatementLike (C:\mahaa\node_modules\@babel\parser\lib\index.js:12801:17)
    at TypeScriptParserMixin.parseModuleItem (C:\mahaa\node_modules\@babel\parser\lib\index.js:12778:17)
    at TypeScriptParserMixin.parseBlockOrModuleBlockBody (C:\mahaa\node_modules\@babel\parser\lib\index.js:13350:36)
    at TypeScriptParserMixin.parseBlockBody (C:\mahaa\node_modules\@babel\parser\lib\index.js:13343:10)
    at TypeScriptParserMixin.parseProgram (C:\mahaa\node_modules\@babel\parser\lib\index.js:12656:10)
    at TypeScriptParserMixin.parseTopLevel (C:\mahaa\node_modules\@babel\parser\lib\index.js:12646:25)
    at TypeScriptParserMixin.parse (C:\mahaa\node_modules\@babel\parser\lib\index.js:14522:25)
    at TypeScriptParserMixin.parse (C:\mahaa\node_modules\@babel\parser\lib\index.js:10149:18)
    at parse (C:\mahaa\node_modules\@babel\parser\lib\index.js:14535:26)
    at parser (C:\mahaa\node_modules\@babel\core\lib\parser\index.js:41:34)
    at parser.next (<anonymous>)
    at normalizeFile (C:\mahaa\node_modules\@babel\core\lib\transformation\normalize-file.js:51:37)
    at normalizeFile.next (<anonymous>)
    at run (C:\mahaa\node_modules\@babel\core\lib\transformation\index.js:22:50)
    at run.next (<anonymous>)
    at transform (C:\mahaa\node_modules\@babel\core\lib\transform.js:22:33)
    at transform.next (<anonymous>)
    at evaluateSync (C:\mahaa\node_modules\gensync\index.js:251:28)
    at sync (C:\mahaa\node_modules\gensync\index.js:89:14)
    at stopHiding - secret - don't use this - v1 (C:\mahaa\node_modules\@babel\core\lib\errors\rewrite-stack-trace.js:47:12)
    at Object.transformSync (C:\mahaa\node_modules\@babel\core\lib\transform.js:40:76)
    at parseWithBabel (C:\mahaa\node_modules\@expo\metro-config\build\transformSync.js:75:18)
    at transformSync (C:\mahaa\node_modules\@expo\metro-config\build\transformSync.js:54:16)
    at Object.transform (C:\mahaa\node_modules\@expo\metro-config\build\babel-transformer.js:146:58)
    at transformJSWithBabel (C:\mahaa\node_modules\@expo\metro-config\build\transform-worker\metro-transform-worker.js:495:47)
    at Object.transform (C:\mahaa\node_modules\@expo\metro-config\build\transform-worker\metro-transform-worker.js:614:12)
    at Object.transform (C:\mahaa\node_modules\@expo\metro-config\build\transform-worker\transform-worker.js:179:19)
    at transformFile (C:\mahaa\node_modules\metro\src\DeltaBundler\Worker.flow.js:67:36)
    at Object.transform (C:\mahaa\node_modules\metro\src\DeltaBundler\Worker.flow.js:42:10)
    at execFunction (C:\mahaa\node_modules\jest-worker\build\workers\threadChild.js:167:17)
    at execHelper (C:\mahaa\node_modules\jest-worker\build\workers\threadChild.js:155:5)
Web  ERROR  [TransformError: SyntaxError: C:\mahaa\src\features\profile\profileStyles.ts: Unexpected token (341:0)

  339 | });
  340 |
> 341 | });
      | ^
  342 |
  343 |]
 ERROR  SyntaxError: C:\mahaa\src\features\profile\profileStyles.ts: Unexpected token (341:0)

  339 | });
  340 |
> 341 | });
      | ^
  342 |
  343 |
    at constructor (C:\mahaa\node_modules\@babel\parser\lib\index.js:369:19)
    at TypeScriptParserMixin.raise (C:\mahaa\node_modules\@babel\parser\lib\index.js:6622:19)
    at TypeScriptParserMixin.unexpected (C:\mahaa\node_modules\@babel\parser\lib\index.js:6642:16)
    at TypeScriptParserMixin.parseExprAtom (C:\mahaa\node_modules\@babel\parser\lib\index.js:11473:22)
    at TypeScriptParserMixin.parseExprSubscripts (C:\mahaa\node_modules\@babel\parser\lib\index.js:11107:23)
    at TypeScriptParserMixin.parseUpdate (C:\mahaa\node_modules\@babel\parser\lib\index.js:11092:21)
    at TypeScriptParserMixin.parseMaybeUnary (C:\mahaa\node_modules\@babel\parser\lib\index.js:11072:23)
    at TypeScriptParserMixin.parseMaybeUnary (C:\mahaa\node_modules\@babel\parser\lib\index.js:9860:18)
    at TypeScriptParserMixin.parseMaybeUnaryOrPrivate (C:\mahaa\node_modules\@babel\parser\lib\index.js:10925:61)
    at TypeScriptParserMixin.parseExprOps (C:\mahaa\node_modules\@babel\parser\lib\index.js:10930:23)
    at TypeScriptParserMixin.parseMaybeConditional (C:\mahaa\node_modules\@babel\parser\lib\index.js:10907:23)
    at TypeScriptParserMixin.parseMaybeAssign (C:\mahaa\node_modules\@babel\parser\lib\index.js:10857:21)
    at TypeScriptParserMixin.parseMaybeAssign (C:\mahaa\node_modules\@babel\parser\lib\index.js:9809:20)
    at TypeScriptParserMixin.parseExpressionBase (C:\mahaa\node_modules\@babel\parser\lib\index.js:10810:23)
    at C:\mahaa\node_modules\@babel\parser\lib\index.js:10806:39
    at TypeScriptParserMixin.allowInAnd (C:\mahaa\node_modules\@babel\parser\lib\index.js:12455:16)
    at TypeScriptParserMixin.parseExpression (C:\mahaa\node_modules\@babel\parser\lib\index.js:10806:17)
    at TypeScriptParserMixin.parseStatementContent (C:\mahaa\node_modules\@babel\parser\lib\index.js:12929:23)
    at TypeScriptParserMixin.parseStatementContent (C:\mahaa\node_modules\@babel\parser\lib\index.js:9531:18)
    at TypeScriptParserMixin.parseStatementLike (C:\mahaa\node_modules\@babel\parser\lib\index.js:12801:17)
    at TypeScriptParserMixin.parseModuleItem (C:\mahaa\node_modules\@babel\parser\lib\index.js:12778:17)
    at TypeScriptParserMixin.parseBlockOrModuleBlockBody (C:\mahaa\node_modules\@babel\parser\lib\index.js:13350:36)
    at TypeScriptParserMixin.parseBlockBody (C:\mahaa\node_modules\@babel\parser\lib\index.js:13343:10)
    at TypeScriptParserMixin.parseProgram (C:\mahaa\node_modules\@babel\parser\lib\index.js:12656:10)
    at TypeScriptParserMixin.parseTopLevel (C:\mahaa\node_modules\@babel\parser\lib\index.js:12646:25)
    at TypeScriptParserMixin.parse (C:\mahaa\node_modules\@babel\parser\lib\index.js:14522:25)
    at TypeScriptParserMixin.parse (C:\mahaa\node_modules\@babel\parser\lib\index.js:10149:18)
    at parse (C:\mahaa\node_modules\@babel\parser\lib\index.js:14535:26)
    at parser (C:\mahaa\node_modules\@babel\core\lib\parser\index.js:41:34)
    at parser.next (<anonymous>)
    at normalizeFile (C:\mahaa\node_modules\@babel\core\lib\transformation\normalize-file.js:51:37)
    at normalizeFile.next (<anonymous>)
    at run (C:\mahaa\node_modules\@babel\core\lib\transformation\index.js:22:50)
    at run.next (<anonymous>)
    at transform (C:\mahaa\node_modules\@babel\core\lib\transform.js:22:33)
    at transform.next (<anonymous>)
    at evaluateSync (C:\mahaa\node_modules\gensync\index.js:251:28)
    at sync (C:\mahaa\node_modules\gensync\index.js:89:14)
    at stopHiding - secret - don't use this - v1 (C:\mahaa\node_modules\@babel\core\lib\errors\rewrite-stack-trace.js:47:12)
    at Object.transformSync (C:\mahaa\node_modules\@babel\core\lib\transform.js:40:76)
    at parseWithBabel (C:\mahaa\node_modules\@expo\metro-config\build\transformSync.js:75:18)
    at transformSync (C:\mahaa\node_modules\@expo\metro-config\build\transformSync.js:54:16)
    at Object.transform (C:\mahaa\node_modules\@expo\metro-config\build\babel-transformer.js:146:58)
    at transformJSWithBabel (C:\mahaa\node_modules\@expo\metro-config\build\transform-worker\metro-transform-worker.js:495:47)
    at Object.transform (C:\mahaa\node_modules\@expo\metro-config\build\transform-worker\metro-transform-worker.js:614:12)
    at Object.transform (C:\mahaa\node_modules\@expo\metro-config\build\transform-worker\transform-worker.js:179:19)
    at transformFile (C:\mahaa\node_modules\metro\src\DeltaBundler\Worker.flow.js:67:36)
    at Object.transform (C:\mahaa\node_modules\metro\src\DeltaBundler\Worker.flow.js:42:10)
    at execFunction (C:\mahaa\node_modules\jest-worker\build\workers\threadChild.js:167:17)
    at execHelper (C:\mahaa\node_modules\jest-worker\build\workers\threadChild.js:155:5)
Web  ERROR  [TransformError: SyntaxError: C:\mahaa\src\features\profile\profileStyles.ts: Unexpected token (341:0)

  339 | });
  340 |
> 341 | });
      | ^
  342 |
  343 |]
 ERROR  SyntaxError: C:\mahaa\src\features\profile\profileStyles.ts: Unexpected token (341:0)

  339 | });
  340 |
> 341 | });
      | ^
  342 |
  343 |
    at constructor (C:\mahaa\node_modules\@babel\parser\lib\index.js:369:19)
    at TypeScriptParserMixin.raise (C:\mahaa\node_modules\@babel\parser\lib\index.js:6622:19)
    at TypeScriptParserMixin.unexpected (C:\mahaa\node_modules\@babel\parser\lib\index.js:6642:16)
    at TypeScriptParserMixin.parseExprAtom (C:\mahaa\node_modules\@babel\parser\lib\index.js:11473:22)
    at TypeScriptParserMixin.parseExprSubscripts (C:\mahaa\node_modules\@babel\parser\lib\index.js:11107:23)
    at TypeScriptParserMixin.parseUpdate (C:\mahaa\node_modules\@babel\parser\lib\index.js:11092:21)
    at TypeScriptParserMixin.parseMaybeUnary (C:\mahaa\node_modules\@babel\parser\lib\index.js:11072:23)
    at TypeScriptParserMixin.parseMaybeUnary (C:\mahaa\node_modules\@babel\parser\lib\index.js:9860:18)
    at TypeScriptParserMixin.parseMaybeUnaryOrPrivate (C:\mahaa\node_modules\@babel\parser\lib\index.js:10925:61)
    at TypeScriptParserMixin.parseExprOps (C:\mahaa\node_modules\@babel\parser\lib\index.js:10930:23)
    at TypeScriptParserMixin.parseMaybeConditional (C:\mahaa\node_modules\@babel\parser\lib\index.js:10907:23)
    at TypeScriptParserMixin.parseMaybeAssign (C:\mahaa\node_modules\@babel\parser\lib\index.js:10857:21)
    at TypeScriptParserMixin.parseMaybeAssign (C:\mahaa\node_modules\@babel\parser\lib\index.js:9809:20)
    at TypeScriptParserMixin.parseExpressionBase (C:\mahaa\node_modules\@babel\parser\lib\index.js:10810:23)
    at C:\mahaa\node_modules\@babel\parser\lib\index.js:10806:39
    at TypeScriptParserMixin.allowInAnd (C:\mahaa\node_modules\@babel\parser\lib\index.js:12455:16)
    at TypeScriptParserMixin.parseExpression (C:\mahaa\node_modules\@babel\parser\lib\index.js:10806:17)
    at TypeScriptParserMixin.parseStatementContent (C:\mahaa\node_modules\@babel\parser\lib\index.js:12929:23)
    at TypeScriptParserMixin.parseStatementContent (C:\mahaa\node_modules\@babel\parser\lib\index.js:9531:18)
    at TypeScriptParserMixin.parseStatementLike (C:\mahaa\node_modules\@babel\parser\lib\index.js:12801:17)
    at TypeScriptParserMixin.parseModuleItem (C:\mahaa\node_modules\@babel\parser\lib\index.js:12778:17)
    at TypeScriptParserMixin.parseBlockOrModuleBlockBody (C:\mahaa\node_modules\@babel\parser\lib\index.js:13350:36)
    at TypeScriptParserMixin.parseBlockBody (C:\mahaa\node_modules\@babel\parser\lib\index.js:13343:10)
    at TypeScriptParserMixin.parseProgram (C:\mahaa\node_modules\@babel\parser\lib\index.js:12656:10)
    at TypeScriptParserMixin.parseTopLevel (C:\mahaa\node_modules\@babel\parser\lib\index.js:12646:25)
    at TypeScriptParserMixin.parse (C:\mahaa\node_modules\@babel\parser\lib\index.js:14522:25)
    at TypeScriptParserMixin.parse (C:\mahaa\node_modules\@babel\parser\lib\index.js:10149:18)
    at parse (C:\mahaa\node_modules\@babel\parser\lib\index.js:14535:26)
    at parser (C:\mahaa\node_modules\@babel\core\lib\parser\index.js:41:34)
    at parser.next (<anonymous>)
    at normalizeFile (C:\mahaa\node_modules\@babel\core\lib\transformation\normalize-file.js:51:37)
    at normalizeFile.next (<anonymous>)
    at run (C:\mahaa\node_modules\@babel\core\lib\transformation\index.js:22:50)
    at run.next (<anonymous>)
    at transform (C:\mahaa\node_modules\@babel\core\lib\transform.js:22:33)
    at transform.next (<anonymous>)
    at evaluateSync (C:\mahaa\node_modules\gensync\index.js:251:28)
    at sync (C:\mahaa\node_modules\gensync\index.js:89:14)
    at stopHiding - secret - don't use this - v1 (C:\mahaa\node_modules\@babel\core\lib\errors\rewrite-stack-trace.js:47:12)
    at Object.transformSync (C:\mahaa\node_modules\@babel\core\lib\transform.js:40:76)
    at parseWithBabel (C:\mahaa\node_modules\@expo\metro-config\build\transformSync.js:75:18)
    at transformSync (C:\mahaa\node_modules\@expo\metro-config\build\transformSync.js:54:16)
    at Object.transform (C:\mahaa\node_modules\@expo\metro-config\build\babel-transformer.js:146:58)
    at transformJSWithBabel (C:\mahaa\node_modules\@expo\metro-config\build\transform-worker\metro-transform-worker.js:495:47)
    at Object.transform (C:\mahaa\node_modules\@expo\metro-config\build\transform-worker\metro-transform-worker.js:614:12)
    at Object.transform (C:\mahaa\node_modules\@expo\metro-config\build\transform-worker\transform-worker.js:179:19)
    at transformFile (C:\mahaa\node_modules\metro\src\DeltaBundler\Worker.flow.js:67:36)
    at Object.transform (C:\mahaa\node_modules\metro\src\DeltaBundler\Worker.flow.js:42:10)
    at execFunction (C:\mahaa\node_modules\jest-worker\build\workers\threadChild.js:167:17)
    at execHelper (C:\mahaa\node_modules\jest-worker\build\workers\threadChild.js:155:5)
Web  ERROR  [TransformError: SyntaxError: C:\mahaa\src\features\profile\profileStyles.ts: Unexpected token (341:0)

  339 | });
  340 |
> 341 | });
      | ^
  342 |
  343 |]
 ERROR  SyntaxError: C:\mahaa\src\features\profile\profileStyles.ts: Unexpected token (341:0)

  339 | });
  340 |
> 341 | });
      | ^
  342 |
  343 |
    at constructor (C:\mahaa\node_modules\@babel\parser\lib\index.js:369:19)
    at TypeScriptParserMixin.raise (C:\mahaa\node_modules\@babel\parser\lib\index.js:6622:19)
    at TypeScriptParserMixin.unexpected (C:\mahaa\node_modules\@babel\parser\lib\index.js:6642:16)
    at TypeScriptParserMixin.parseExprAtom (C:\mahaa\node_modules\@babel\parser\lib\index.js:11473:22)
    at TypeScriptParserMixin.parseExprSubscripts (C:\mahaa\node_modules\@babel\parser\lib\index.js:11107:23)
    at TypeScriptParserMixin.parseUpdate (C:\mahaa\node_modules\@babel\parser\lib\index.js:11092:21)
    at TypeScriptParserMixin.parseMaybeUnary (C:\mahaa\node_modules\@babel\parser\lib\index.js:11072:23)
    at TypeScriptParserMixin.parseMaybeUnary (C:\mahaa\node_modules\@babel\parser\lib\index.js:9860:18)
    at TypeScriptParserMixin.parseMaybeUnaryOrPrivate (C:\mahaa\node_modules\@babel\parser\lib\index.js:10925:61)
    at TypeScriptParserMixin.parseExprOps (C:\mahaa\node_modules\@babel\parser\lib\index.js:10930:23)
    at TypeScriptParserMixin.parseMaybeConditional (C:\mahaa\node_modules\@babel\parser\lib\index.js:10907:23)
    at TypeScriptParserMixin.parseMaybeAssign (C:\mahaa\node_modules\@babel\parser\lib\index.js:10857:21)
    at TypeScriptParserMixin.parseMaybeAssign (C:\mahaa\node_modules\@babel\parser\lib\index.js:9809:20)
    at TypeScriptParserMixin.parseExpressionBase (C:\mahaa\node_modules\@babel\parser\lib\index.js:10810:23)
    at C:\mahaa\node_modules\@babel\parser\lib\index.js:10806:39
    at TypeScriptParserMixin.allowInAnd (C:\mahaa\node_modules\@babel\parser\lib\index.js:12455:16)
    at TypeScriptParserMixin.parseExpression (C:\mahaa\node_modules\@babel\parser\lib\index.js:10806:17)
    at TypeScriptParserMixin.parseStatementContent (C:\mahaa\node_modules\@babel\parser\lib\index.js:12929:23)
    at TypeScriptParserMixin.parseStatementContent (C:\mahaa\node_modules\@babel\parser\lib\index.js:9531:18)
    at TypeScriptParserMixin.parseStatementLike (C:\mahaa\node_modules\@babel\parser\lib\index.js:12801:17)
    at TypeScriptParserMixin.parseModuleItem (C:\mahaa\node_modules\@babel\parser\lib\index.js:12778:17)
    at TypeScriptParserMixin.parseBlockOrModuleBlockBody (C:\mahaa\node_modules\@babel\parser\lib\index.js:13350:36)
    at TypeScriptParserMixin.parseBlockBody (C:\mahaa\node_modules\@babel\parser\lib\index.js:13343:10)
    at TypeScriptParserMixin.parseProgram (C:\mahaa\node_modules\@babel\parser\lib\index.js:12656:10)
    at TypeScriptParserMixin.parseTopLevel (C:\mahaa\node_modules\@babel\parser\lib\index.js:12646:25)
    at TypeScriptParserMixin.parse (C:\mahaa\node_modules\@babel\parser\lib\index.js:14522:25)
    at TypeScriptParserMixin.parse (C:\mahaa\node_modules\@babel\parser\lib\index.js:10149:18)
    at parse (C:\mahaa\node_modules\@babel\parser\lib\index.js:14535:26)
    at parser (C:\mahaa\node_modules\@babel\core\lib\parser\index.js:41:34)
    at parser.next (<anonymous>)
    at normalizeFile (C:\mahaa\node_modules\@babel\core\lib\transformation\normalize-file.js:51:37)
    at normalizeFile.next (<anonymous>)
    at run (C:\mahaa\node_modules\@babel\core\lib\transformation\index.js:22:50)
    at run.next (<anonymous>)
    at transform (C:\mahaa\node_modules\@babel\core\lib\transform.js:22:33)
    at transform.next (<anonymous>)
    at evaluateSync (C:\mahaa\node_modules\gensync\index.js:251:28)
    at sync (C:\mahaa\node_modules\gensync\index.js:89:14)
    at stopHiding - secret - don't use this - v1 (C:\mahaa\node_modules\@babel\core\lib\errors\rewrite-stack-trace.js:47:12)
    at Object.transformSync (C:\mahaa\node_modules\@babel\core\lib\transform.js:40:76)
    at parseWithBabel (C:\mahaa\node_modules\@expo\metro-config\build\transformSync.js:75:18)
    at transformSync (C:\mahaa\node_modules\@expo\metro-config\build\transformSync.js:54:16)
    at Object.transform (C:\mahaa\node_modules\@expo\metro-config\build\babel-transformer.js:146:58)
    at transformJSWithBabel (C:\mahaa\node_modules\@expo\metro-config\build\transform-worker\metro-transform-worker.js:495:47)
    at Object.transform (C:\mahaa\node_modules\@expo\metro-config\build\transform-worker\metro-transform-worker.js:614:12)
    at Object.transform (C:\mahaa\node_modules\@expo\metro-config\build\transform-worker\transform-worker.js:179:19)
    at transformFile (C:\mahaa\node_modules\metro\src\DeltaBundler\Worker.flow.js:67:36)
    at Object.transform (C:\mahaa\node_modules\metro\src\DeltaBundler\Worker.flow.js:42:10)
    at execFunction (C:\mahaa\node_modules\jest-worker\build\workers\threadChild.js:167:17)
    at execHelper (C:\mahaa\node_modules\jest-worker\build\workers\threadChild.js:155:5)
Web  ERROR  [TransformError: SyntaxError: C:\mahaa\src\features\profile\profileStyles.ts: Unexpected token (341:0)

  339 | });
  340 |
> 341 | });
      | ^
  342 |
  343 |]
 ERROR  SyntaxError: C:\mahaa\src\features\profile\profileStyles.ts: Unexpected token (341:0)

  339 | });
  340 |
> 341 | });
      | ^
  342 |
  343 |
    at constructor (C:\mahaa\node_modules\@babel\parser\lib\index.js:369:19)
    at TypeScriptParserMixin.raise (C:\mahaa\node_modules\@babel\parser\lib\index.js:6622:19)
    at TypeScriptParserMixin.unexpected (C:\mahaa\node_modules\@babel\parser\lib\index.js:6642:16)
    at TypeScriptParserMixin.parseExprAtom (C:\mahaa\node_modules\@babel\parser\lib\index.js:11473:22)
    at TypeScriptParserMixin.parseExprSubscripts (C:\mahaa\node_modules\@babel\parser\lib\index.js:11107:23)
    at TypeScriptParserMixin.parseUpdate (C:\mahaa\node_modules\@babel\parser\lib\index.js:11092:21)
    at TypeScriptParserMixin.parseMaybeUnary (C:\mahaa\node_modules\@babel\parser\lib\index.js:11072:23)
    at TypeScriptParserMixin.parseMaybeUnary (C:\mahaa\node_modules\@babel\parser\lib\index.js:9860:18)
    at TypeScriptParserMixin.parseMaybeUnaryOrPrivate (C:\mahaa\node_modules\@babel\parser\lib\index.js:10925:61)
    at TypeScriptParserMixin.parseExprOps (C:\mahaa\node_modules\@babel\parser\lib\index.js:10930:23)
    at TypeScriptParserMixin.parseMaybeConditional (C:\mahaa\node_modules\@babel\parser\lib\index.js:10907:23)
    at TypeScriptParserMixin.parseMaybeAssign (C:\mahaa\node_modules\@babel\parser\lib\index.js:10857:21)
    at TypeScriptParserMixin.parseMaybeAssign (C:\mahaa\node_modules\@babel\parser\lib\index.js:9809:20)
    at TypeScriptParserMixin.parseExpressionBase (C:\mahaa\node_modules\@babel\parser\lib\index.js:10810:23)
    at C:\mahaa\node_modules\@babel\parser\lib\index.js:10806:39
    at TypeScriptParserMixin.allowInAnd (C:\mahaa\node_modules\@babel\parser\lib\index.js:12455:16)
    at TypeScriptParserMixin.parseExpression (C:\mahaa\node_modules\@babel\parser\lib\index.js:10806:17)
    at TypeScriptParserMixin.parseStatementContent (C:\mahaa\node_modules\@babel\parser\lib\index.js:12929:23)
    at TypeScriptParserMixin.parseStatementContent (C:\mahaa\node_modules\@babel\parser\lib\index.js:9531:18)
    at TypeScriptParserMixin.parseStatementLike (C:\mahaa\node_modules\@babel\parser\lib\index.js:12801:17)
    at TypeScriptParserMixin.parseModuleItem (C:\mahaa\node_modules\@babel\parser\lib\index.js:12778:17)
    at TypeScriptParserMixin.parseBlockOrModuleBlockBody (C:\mahaa\node_modules\@babel\parser\lib\index.js:13350:36)
    at TypeScriptParserMixin.parseBlockBody (C:\mahaa\node_modules\@babel\parser\lib\index.js:13343:10)
    at TypeScriptParserMixin.parseProgram (C:\mahaa\node_modules\@babel\parser\lib\index.js:12656:10)
    at TypeScriptParserMixin.parseTopLevel (C:\mahaa\node_modules\@babel\parser\lib\index.js:12646:25)
    at TypeScriptParserMixin.parse (C:\mahaa\node_modules\@babel\parser\lib\index.js:14522:25)
    at TypeScriptParserMixin.parse (C:\mahaa\node_modules\@babel\parser\lib\index.js:10149:18)
    at parse (C:\mahaa\node_modules\@babel\parser\lib\index.js:14535:26)
    at parser (C:\mahaa\node_modules\@babel\core\lib\parser\index.js:41:34)
    at parser.next (<anonymous>)
    at normalizeFile (C:\mahaa\node_modules\@babel\core\lib\transformation\normalize-file.js:51:37)
    at normalizeFile.next (<anonymous>)
    at run (C:\mahaa\node_modules\@babel\core\lib\transformation\index.js:22:50)
    at run.next (<anonymous>)
    at transform (C:\mahaa\node_modules\@babel\core\lib\transform.js:22:33)
    at transform.next (<anonymous>)
    at evaluateSync (C:\mahaa\node_modules\gensync\index.js:251:28)
    at sync (C:\mahaa\node_modules\gensync\index.js:89:14)
    at stopHiding - secret - don't use this - v1 (C:\mahaa\node_modules\@babel\core\lib\errors\rewrite-stack-trace.js:47:12)
    at Object.transformSync (C:\mahaa\node_modules\@babel\core\lib\transform.js:40:76)
    at parseWithBabel (C:\mahaa\node_modules\@expo\metro-config\build\transformSync.js:75:18)
    at transformSync (C:\mahaa\node_modules\@expo\metro-config\build\transformSync.js:54:16)
    at Object.transform (C:\mahaa\node_modules\@expo\metro-config\build\babel-transformer.js:146:58)
    at transformJSWithBabel (C:\mahaa\node_modules\@expo\metro-config\build\transform-worker\metro-transform-worker.js:495:47)
    at Object.transform (C:\mahaa\node_modules\@expo\metro-config\build\transform-worker\metro-transform-worker.js:614:12)
    at Object.transform (C:\mahaa\node_modules\@expo\metro-config\build\transform-worker\transform-worker.js:179:19)
    at transformFile (C:\mahaa\node_modules\metro\src\DeltaBundler\Worker.flow.js:67:36)
    at Object.transform (C:\mahaa\node_modules\metro\src\DeltaBundler\Worker.flow.js:42:10)
    at execFunction (C:\mahaa\node_modules\jest-worker\build\workers\threadChild.js:167:17)
    at execHelper (C:\mahaa\node_modules\jest-worker\build\workers\threadChild.js:155:5)
Web  ERROR  [TransformError: SyntaxError: C:\mahaa\src\features\profile\profileStyles.ts: Unexpected token (341:0)

  339 | });
  340 |
> 341 | });
      | ^
  342 |
  343 |]
 ERROR  SyntaxError: C:\mahaa\src\features\profile\profileStyles.ts: Unexpected token (341:0)

  339 | });
  340 |
> 341 | });
      | ^
  342 |
  343 |
    at constructor (C:\mahaa\node_modules\@babel\parser\lib\index.js:369:19)
    at TypeScriptParserMixin.raise (C:\mahaa\node_modules\@babel\parser\lib\index.js:6622:19)
    at TypeScriptParserMixin.unexpected (C:\mahaa\node_modules\@babel\parser\lib\index.js:6642:16)
    at TypeScriptParserMixin.parseExprAtom (C:\mahaa\node_modules\@babel\parser\lib\index.js:11473:22)
    at TypeScriptParserMixin.parseExprSubscripts (C:\mahaa\node_modules\@babel\parser\lib\index.js:11107:23)
    at TypeScriptParserMixin.parseUpdate (C:\mahaa\node_modules\@babel\parser\lib\index.js:11092:21)
    at TypeScriptParserMixin.parseMaybeUnary (C:\mahaa\node_modules\@babel\parser\lib\index.js:11072:23)
    at TypeScriptParserMixin.parseMaybeUnary (C:\mahaa\node_modules\@babel\parser\lib\index.js:9860:18)
    at TypeScriptParserMixin.parseMaybeUnaryOrPrivate (C:\mahaa\node_modules\@babel\parser\lib\index.js:10925:61)
    at TypeScriptParserMixin.parseExprOps (C:\mahaa\node_modules\@babel\parser\lib\index.js:10930:23)
    at TypeScriptParserMixin.parseMaybeConditional (C:\mahaa\node_modules\@babel\parser\lib\index.js:10907:23)
    at TypeScriptParserMixin.parseMaybeAssign (C:\mahaa\node_modules\@babel\parser\lib\index.js:10857:21)
    at TypeScriptParserMixin.parseMaybeAssign (C:\mahaa\node_modules\@babel\parser\lib\index.js:9809:20)
    at TypeScriptParserMixin.parseExpressionBase (C:\mahaa\node_modules\@babel\parser\lib\index.js:10810:23)
    at C:\mahaa\node_modules\@babel\parser\lib\index.js:10806:39
    at TypeScriptParserMixin.allowInAnd (C:\mahaa\node_modules\@babel\parser\lib\index.js:12455:16)
    at TypeScriptParserMixin.parseExpression (C:\mahaa\node_modules\@babel\parser\lib\index.js:10806:17)
    at TypeScriptParserMixin.parseStatementContent (C:\mahaa\node_modules\@babel\parser\lib\index.js:12929:23)
    at TypeScriptParserMixin.parseStatementContent (C:\mahaa\node_modules\@babel\parser\lib\index.js:9531:18)
    at TypeScriptParserMixin.parseStatementLike (C:\mahaa\node_modules\@babel\parser\lib\index.js:12801:17)
    at TypeScriptParserMixin.parseModuleItem (C:\mahaa\node_modules\@babel\parser\lib\index.js:12778:17)
    at TypeScriptParserMixin.parseBlockOrModuleBlockBody (C:\mahaa\node_modules\@babel\parser\lib\index.js:13350:36)
    at TypeScriptParserMixin.parseBlockBody (C:\mahaa\node_modules\@babel\parser\lib\index.js:13343:10)
    at TypeScriptParserMixin.parseProgram (C:\mahaa\node_modules\@babel\parser\lib\index.js:12656:10)
    at TypeScriptParserMixin.parseTopLevel (C:\mahaa\node_modules\@babel\parser\lib\index.js:12646:25)
    at TypeScriptParserMixin.parse (C:\mahaa\node_modules\@babel\parser\lib\index.js:14522:25)
    at TypeScriptParserMixin.parse (C:\mahaa\node_modules\@babel\parser\lib\index.js:10149:18)
    at parse (C:\mahaa\node_modules\@babel\parser\lib\index.js:14535:26)
    at parser (C:\mahaa\node_modules\@babel\core\lib\parser\index.js:41:34)
    at parser.next (<anonymous>)
    at normalizeFile (C:\mahaa\node_modules\@babel\core\lib\transformation\normalize-file.js:51:37)
    at normalizeFile.next (<anonymous>)
    at run (C:\mahaa\node_modules\@babel\core\lib\transformation\index.js:22:50)
    at run.next (<anonymous>)
    at transform (C:\mahaa\node_modules\@babel\core\lib\transform.js:22:33)
    at transform.next (<anonymous>)
    at evaluateSync (C:\mahaa\node_modules\gensync\index.js:251:28)
    at sync (C:\mahaa\node_modules\gensync\index.js:89:14)
    at stopHiding - secret - don't use this - v1 (C:\mahaa\node_modules\@babel\core\lib\errors\rewrite-stack-trace.js:47:12)
    at Object.transformSync (C:\mahaa\node_modules\@babel\core\lib\transform.js:40:76)
    at parseWithBabel (C:\mahaa\node_modules\@expo\metro-config\build\transformSync.js:75:18)
    at transformSync (C:\mahaa\node_modules\@expo\metro-config\build\transformSync.js:54:16)
    at Object.transform (C:\mahaa\node_modules\@expo\metro-config\build\babel-transformer.js:146:58)
    at transformJSWithBabel (C:\mahaa\node_modules\@expo\metro-config\build\transform-worker\metro-transform-worker.js:495:47)
    at Object.transform (C:\mahaa\node_modules\@expo\metro-config\build\transform-worker\metro-transform-worker.js:614:12)
    at Object.transform (C:\mahaa\node_modules\@expo\metro-config\build\transform-worker\transform-worker.js:179:19)
    at transformFile (C:\mahaa\node_modules\metro\src\DeltaBundler\Worker.flow.js:67:36)
    at Object.transform (C:\mahaa\node_modules\metro\src\DeltaBundler\Worker.flow.js:42:10)
    at execFunction (C:\mahaa\node_modules\jest-worker\build\workers\threadChild.js:167:17)
    at execHelper (C:\mahaa\node_modules\jest-worker\build\workers\threadChild.js:155:5)
Web  ERROR  [TransformError: SyntaxError: C:\mahaa\src\features\profile\profileStyles.ts: Unexpected token (341:0)

  339 | });
  340 |
> 341 | });
      | ^
  342 |
  343 |]
 ERROR  SyntaxError: C:\mahaa\src\features\profile\profileStyles.ts: Unexpected token (341:0)

  339 | });
  340 |
> 341 | });
      | ^
  342 |
  343 |
    at constructor (C:\mahaa\node_modules\@babel\parser\lib\index.js:369:19)
    at TypeScriptParserMixin.raise (C:\mahaa\node_modules\@babel\parser\lib\index.js:6622:19)
    at TypeScriptParserMixin.unexpected (C:\mahaa\node_modules\@babel\parser\lib\index.js:6642:16)
    at TypeScriptParserMixin.parseExprAtom (C:\mahaa\node_modules\@babel\parser\lib\index.js:11473:22)
    at TypeScriptParserMixin.parseExprSubscripts (C:\mahaa\node_modules\@babel\parser\lib\index.js:11107:23)
    at TypeScriptParserMixin.parseUpdate (C:\mahaa\node_modules\@babel\parser\lib\index.js:11092:21)
    at TypeScriptParserMixin.parseMaybeUnary (C:\mahaa\node_modules\@babel\parser\lib\index.js:11072:23)
    at TypeScriptParserMixin.parseMaybeUnary (C:\mahaa\node_modules\@babel\parser\lib\index.js:9860:18)
    at TypeScriptParserMixin.parseMaybeUnaryOrPrivate (C:\mahaa\node_modules\@babel\parser\lib\index.js:10925:61)
    at TypeScriptParserMixin.parseExprOps (C:\mahaa\node_modules\@babel\parser\lib\index.js:10930:23)
    at TypeScriptParserMixin.parseMaybeConditional (C:\mahaa\node_modules\@babel\parser\lib\index.js:10907:23)
    at TypeScriptParserMixin.parseMaybeAssign (C:\mahaa\node_modules\@babel\parser\lib\index.js:10857:21)
    at TypeScriptParserMixin.parseMaybeAssign (C:\mahaa\node_modules\@babel\parser\lib\index.js:9809:20)
    at TypeScriptParserMixin.parseExpressionBase (C:\mahaa\node_modules\@babel\parser\lib\index.js:10810:23)
    at C:\mahaa\node_modules\@babel\parser\lib\index.js:10806:39
    at TypeScriptParserMixin.allowInAnd (C:\mahaa\node_modules\@babel\parser\lib\index.js:12455:16)
    at TypeScriptParserMixin.parseExpression (C:\mahaa\node_modules\@babel\parser\lib\index.js:10806:17)
    at TypeScriptParserMixin.parseStatementContent (C:\mahaa\node_modules\@babel\parser\lib\index.js:12929:23)
    at TypeScriptParserMixin.parseStatementContent (C:\mahaa\node_modules\@babel\parser\lib\index.js:9531:18)
    at TypeScriptParserMixin.parseStatementLike (C:\mahaa\node_modules\@babel\parser\lib\index.js:12801:17)
    at TypeScriptParserMixin.parseModuleItem (C:\mahaa\node_modules\@babel\parser\lib\index.js:12778:17)
    at TypeScriptParserMixin.parseBlockOrModuleBlockBody (C:\mahaa\node_modules\@babel\parser\lib\index.js:13350:36)
    at TypeScriptParserMixin.parseBlockBody (C:\mahaa\node_modules\@babel\parser\lib\index.js:13343:10)
    at TypeScriptParserMixin.parseProgram (C:\mahaa\node_modules\@babel\parser\lib\index.js:12656:10)
    at TypeScriptParserMixin.parseTopLevel (C:\mahaa\node_modules\@babel\parser\lib\index.js:12646:25)
    at TypeScriptParserMixin.parse (C:\mahaa\node_modules\@babel\parser\lib\index.js:14522:25)
    at TypeScriptParserMixin.parse (C:\mahaa\node_modules\@babel\parser\lib\index.js:10149:18)
    at parse (C:\mahaa\node_modules\@babel\parser\lib\index.js:14535:26)
    at parser (C:\mahaa\node_modules\@babel\core\lib\parser\index.js:41:34)
    at parser.next (<anonymous>)
    at normalizeFile (C:\mahaa\node_modules\@babel\core\lib\transformation\normalize-file.js:51:37)
    at normalizeFile.next (<anonymous>)
    at run (C:\mahaa\node_modules\@babel\core\lib\transformation\index.js:22:50)
    at run.next (<anonymous>)
    at transform (C:\mahaa\node_modules\@babel\core\lib\transform.js:22:33)
    at transform.next (<anonymous>)
    at evaluateSync (C:\mahaa\node_modules\gensync\index.js:251:28)
    at sync (C:\mahaa\node_modules\gensync\index.js:89:14)
    at stopHiding - secret - don't use this - v1 (C:\mahaa\node_modules\@babel\core\lib\errors\rewrite-stack-trace.js:47:12)
    at Object.transformSync (C:\mahaa\node_modules\@babel\core\lib\transform.js:40:76)
    at parseWithBabel (C:\mahaa\node_modules\@expo\metro-config\build\transformSync.js:75:18)
    at transformSync (C:\mahaa\node_modules\@expo\metro-config\build\transformSync.js:54:16)
    at Object.transform (C:\mahaa\node_modules\@expo\metro-config\build\babel-transformer.js:146:58)
    at transformJSWithBabel (C:\mahaa\node_modules\@expo\metro-config\build\transform-worker\metro-transform-worker.js:495:47)
    at Object.transform (C:\mahaa\node_modules\@expo\metro-config\build\transform-worker\metro-transform-worker.js:614:12)
    at Object.transform (C:\mahaa\node_modules\@expo\metro-config\build\transform-worker\transform-worker.js:179:19)
    at transformFile (C:\mahaa\node_modules\metro\src\DeltaBundler\Worker.flow.js:67:36)
    at Object.transform (C:\mahaa\node_modules\metro\src\DeltaBundler\Worker.flow.js:42:10)
    at execFunction (C:\mahaa\node_modules\jest-worker\build\workers\threadChild.js:167:17)
    at execHelper (C:\mahaa\node_modules\jest-worker\build\workers\threadChild.js:155:5)
Web  ERROR  [TransformError: SyntaxError: C:\mahaa\src\features\profile\profileStyles.ts: Unexpected token (341:0)

  339 | });
  340 |
> 341 | });
      | ^
  342 |
  343 |]
 ERROR  SyntaxError: C:\mahaa\src\features\profile\profileStyles.ts: Unexpected token (346:0)

  344 | });
  345 |
> 346 | });
      | ^
  347 |
  348 |
    at constructor (C:\mahaa\node_modules\@babel\parser\lib\index.js:369:19)
    at TypeScriptParserMixin.raise (C:\mahaa\node_modules\@babel\parser\lib\index.js:6622:19)
    at TypeScriptParserMixin.unexpected (C:\mahaa\node_modules\@babel\parser\lib\index.js:6642:16)
    at TypeScriptParserMixin.parseExprAtom (C:\mahaa\node_modules\@babel\parser\lib\index.js:11473:22)
    at TypeScriptParserMixin.parseExprSubscripts (C:\mahaa\node_modules\@babel\parser\lib\index.js:11107:23)
    at TypeScriptParserMixin.parseUpdate (C:\mahaa\node_modules\@babel\parser\lib\index.js:11092:21)
    at TypeScriptParserMixin.parseMaybeUnary (C:\mahaa\node_modules\@babel\parser\lib\index.js:11072:23)
    at TypeScriptParserMixin.parseMaybeUnary (C:\mahaa\node_modules\@babel\parser\lib\index.js:9860:18)
    at TypeScriptParserMixin.parseMaybeUnaryOrPrivate (C:\mahaa\node_modules\@babel\parser\lib\index.js:10925:61)
    at TypeScriptParserMixin.parseExprOps (C:\mahaa\node_modules\@babel\parser\lib\index.js:10930:23)
    at TypeScriptParserMixin.parseMaybeConditional (C:\mahaa\node_modules\@babel\parser\lib\index.js:10907:23)
    at TypeScriptParserMixin.parseMaybeAssign (C:\mahaa\node_modules\@babel\parser\lib\index.js:10857:21)
    at TypeScriptParserMixin.parseMaybeAssign (C:\mahaa\node_modules\@babel\parser\lib\index.js:9809:20)
    at TypeScriptParserMixin.parseExpressionBase (C:\mahaa\node_modules\@babel\parser\lib\index.js:10810:23)
    at C:\mahaa\node_modules\@babel\parser\lib\index.js:10806:39
    at TypeScriptParserMixin.allowInAnd (C:\mahaa\node_modules\@babel\parser\lib\index.js:12455:16)
    at TypeScriptParserMixin.parseExpression (C:\mahaa\node_modules\@babel\parser\lib\index.js:10806:17)
    at TypeScriptParserMixin.parseStatementContent (C:\mahaa\node_modules\@babel\parser\lib\index.js:12929:23)
    at TypeScriptParserMixin.parseStatementContent (C:\mahaa\node_modules\@babel\parser\lib\index.js:9531:18)
    at TypeScriptParserMixin.parseStatementLike (C:\mahaa\node_modules\@babel\parser\lib\index.js:12801:17)
    at TypeScriptParserMixin.parseModuleItem (C:\mahaa\node_modules\@babel\parser\lib\index.js:12778:17)
    at TypeScriptParserMixin.parseBlockOrModuleBlockBody (C:\mahaa\node_modules\@babel\parser\lib\index.js:13350:36)
    at TypeScriptParserMixin.parseBlockBody (C:\mahaa\node_modules\@babel\parser\lib\index.js:13343:10)
    at TypeScriptParserMixin.parseProgram (C:\mahaa\node_modules\@babel\parser\lib\index.js:12656:10)
    at TypeScriptParserMixin.parseTopLevel (C:\mahaa\node_modules\@babel\parser\lib\index.js:12646:25)
    at TypeScriptParserMixin.parse (C:\mahaa\node_modules\@babel\parser\lib\index.js:14522:25)
    at TypeScriptParserMixin.parse (C:\mahaa\node_modules\@babel\parser\lib\index.js:10149:18)
    at parse (C:\mahaa\node_modules\@babel\parser\lib\index.js:14535:26)
    at parser (C:\mahaa\node_modules\@babel\core\lib\parser\index.js:41:34)
    at parser.next (<anonymous>)
    at normalizeFile (C:\mahaa\node_modules\@babel\core\lib\transformation\normalize-file.js:51:37)
    at normalizeFile.next (<anonymous>)
    at run (C:\mahaa\node_modules\@babel\core\lib\transformation\index.js:22:50)
    at run.next (<anonymous>)
    at transform (C:\mahaa\node_modules\@babel\core\lib\transform.js:22:33)
    at transform.next (<anonymous>)
    at evaluateSync (C:\mahaa\node_modules\gensync\index.js:251:28)
    at sync (C:\mahaa\node_modules\gensync\index.js:89:14)
    at stopHiding - secret - don't use this - v1 (C:\mahaa\node_modules\@babel\core\lib\errors\rewrite-stack-trace.js:47:12)
    at Object.transformSync (C:\mahaa\node_modules\@babel\core\lib\transform.js:40:76)
    at parseWithBabel (C:\mahaa\node_modules\@expo\metro-config\build\transformSync.js:75:18)
    at transformSync (C:\mahaa\node_modules\@expo\metro-config\build\transformSync.js:54:16)
    at Object.transform (C:\mahaa\node_modules\@expo\metro-config\build\babel-transformer.js:146:58)
    at transformJSWithBabel (C:\mahaa\node_modules\@expo\metro-config\build\transform-worker\metro-transform-worker.js:495:47)
    at Object.transform (C:\mahaa\node_modules\@expo\metro-config\build\transform-worker\metro-transform-worker.js:614:12)
    at Object.transform (C:\mahaa\node_modules\@expo\metro-config\build\transform-worker\transform-worker.js:179:19)
    at transformFile (C:\mahaa\node_modules\metro\src\DeltaBundler\Worker.flow.js:67:36)
    at Object.transform (C:\mahaa\node_modules\metro\src\DeltaBundler\Worker.flow.js:42:10)
    at execFunction (C:\mahaa\node_modules\jest-worker\build\workers\threadChild.js:167:17)
    at execHelper (C:\mahaa\node_modules\jest-worker\build\workers\threadChild.js:155:5)
Web  ERROR  [TransformError: SyntaxError: C:\mahaa\src\features\profile\profileStyles.ts: Unexpected token (346:0)

  344 | });
  345 |
> 346 | });
      | ^
  347 |
  348 |]
 ERROR  SyntaxError: C:\mahaa\src\features\profile\profileStyles.ts: Unexpected token (346:0)

  344 | });
  345 |
> 346 | });
      | ^
  347 |
  348 |
    at constructor (C:\mahaa\node_modules\@babel\parser\lib\index.js:369:19)
    at TypeScriptParserMixin.raise (C:\mahaa\node_modules\@babel\parser\lib\index.js:6622:19)
    at TypeScriptParserMixin.unexpected (C:\mahaa\node_modules\@babel\parser\lib\index.js:6642:16)
    at TypeScriptParserMixin.parseExprAtom (C:\mahaa\node_modules\@babel\parser\lib\index.js:11473:22)
    at TypeScriptParserMixin.parseExprSubscripts (C:\mahaa\node_modules\@babel\parser\lib\index.js:11107:23)
    at TypeScriptParserMixin.parseUpdate (C:\mahaa\node_modules\@babel\parser\lib\index.js:11092:21)
    at TypeScriptParserMixin.parseMaybeUnary (C:\mahaa\node_modules\@babel\parser\lib\index.js:11072:23)
    at TypeScriptParserMixin.parseMaybeUnary (C:\mahaa\node_modules\@babel\parser\lib\index.js:9860:18)
    at TypeScriptParserMixin.parseMaybeUnaryOrPrivate (C:\mahaa\node_modules\@babel\parser\lib\index.js:10925:61)
    at TypeScriptParserMixin.parseExprOps (C:\mahaa\node_modules\@babel\parser\lib\index.js:10930:23)
    at TypeScriptParserMixin.parseMaybeConditional (C:\mahaa\node_modules\@babel\parser\lib\index.js:10907:23)
    at TypeScriptParserMixin.parseMaybeAssign (C:\mahaa\node_modules\@babel\parser\lib\index.js:10857:21)
    at TypeScriptParserMixin.parseMaybeAssign (C:\mahaa\node_modules\@babel\parser\lib\index.js:9809:20)
    at TypeScriptParserMixin.parseExpressionBase (C:\mahaa\node_modules\@babel\parser\lib\index.js:10810:23)
    at C:\mahaa\node_modules\@babel\parser\lib\index.js:10806:39
    at TypeScriptParserMixin.allowInAnd (C:\mahaa\node_modules\@babel\parser\lib\index.js:12455:16)
    at TypeScriptParserMixin.parseExpression (C:\mahaa\node_modules\@babel\parser\lib\index.js:10806:17)
    at TypeScriptParserMixin.parseStatementContent (C:\mahaa\node_modules\@babel\parser\lib\index.js:12929:23)
    at TypeScriptParserMixin.parseStatementContent (C:\mahaa\node_modules\@babel\parser\lib\index.js:9531:18)
    at TypeScriptParserMixin.parseStatementLike (C:\mahaa\node_modules\@babel\parser\lib\index.js:12801:17)
    at TypeScriptParserMixin.parseModuleItem (C:\mahaa\node_modules\@babel\parser\lib\index.js:12778:17)
    at TypeScriptParserMixin.parseBlockOrModuleBlockBody (C:\mahaa\node_modules\@babel\parser\lib\index.js:13350:36)
    at TypeScriptParserMixin.parseBlockBody (C:\mahaa\node_modules\@babel\parser\lib\index.js:13343:10)
    at TypeScriptParserMixin.parseProgram (C:\mahaa\node_modules\@babel\parser\lib\index.js:12656:10)
    at TypeScriptParserMixin.parseTopLevel (C:\mahaa\node_modules\@babel\parser\lib\index.js:12646:25)
    at TypeScriptParserMixin.parse (C:\mahaa\node_modules\@babel\parser\lib\index.js:14522:25)
    at TypeScriptParserMixin.parse (C:\mahaa\node_modules\@babel\parser\lib\index.js:10149:18)
    at parse (C:\mahaa\node_modules\@babel\parser\lib\index.js:14535:26)
    at parser (C:\mahaa\node_modules\@babel\core\lib\parser\index.js:41:34)
    at parser.next (<anonymous>)
    at normalizeFile (C:\mahaa\node_modules\@babel\core\lib\transformation\normalize-file.js:51:37)
    at normalizeFile.next (<anonymous>)
    at run (C:\mahaa\node_modules\@babel\core\lib\transformation\index.js:22:50)
    at run.next (<anonymous>)
    at transform (C:\mahaa\node_modules\@babel\core\lib\transform.js:22:33)
    at transform.next (<anonymous>)
    at evaluateSync (C:\mahaa\node_modules\gensync\index.js:251:28)
    at sync (C:\mahaa\node_modules\gensync\index.js:89:14)
    at stopHiding - secret - don't use this - v1 (C:\mahaa\node_modules\@babel\core\lib\errors\rewrite-stack-trace.js:47:12)
    at Object.transformSync (C:\mahaa\node_modules\@babel\core\lib\transform.js:40:76)
    at parseWithBabel (C:\mahaa\node_modules\@expo\metro-config\build\transformSync.js:75:18)
    at transformSync (C:\mahaa\node_modules\@expo\metro-config\build\transformSync.js:54:16)
    at Object.transform (C:\mahaa\node_modules\@expo\metro-config\build\babel-transformer.js:146:58)
    at transformJSWithBabel (C:\mahaa\node_modules\@expo\metro-config\build\transform-worker\metro-transform-worker.js:495:47)
    at Object.transform (C:\mahaa\node_modules\@expo\metro-config\build\transform-worker\metro-transform-worker.js:614:12)
    at Object.transform (C:\mahaa\node_modules\@expo\metro-config\build\transform-worker\transform-worker.js:179:19)
    at transformFile (C:\mahaa\node_modules\metro\src\DeltaBundler\Worker.flow.js:67:36)
    at Object.transform (C:\mahaa\node_modules\metro\src\DeltaBundler\Worker.flow.js:42:10)
    at execFunction (C:\mahaa\node_modules\jest-worker\build\workers\threadChild.js:167:17)
    at execHelper (C:\mahaa\node_modules\jest-worker\build\workers\threadChild.js:155:5)
Web  ERROR  [TransformError: SyntaxError: C:\mahaa\src\features\profile\profileStyles.ts: Unexpected token (346:0)

  344 | });
  345 |
> 346 | });
      | ^
  347 |
  348 |]
 ERROR  SyntaxError: C:\mahaa\src\features\profile\profileStyles.ts: Unexpected token (346:0)

  344 | });
  345 |
> 346 | });
      | ^
  347 |
  348 |
    at constructor (C:\mahaa\node_modules\@babel\parser\lib\index.js:369:19)
    at TypeScriptParserMixin.raise (C:\mahaa\node_modules\@babel\parser\lib\index.js:6622:19)
    at TypeScriptParserMixin.unexpected (C:\mahaa\node_modules\@babel\parser\lib\index.js:6642:16)
    at TypeScriptParserMixin.parseExprAtom (C:\mahaa\node_modules\@babel\parser\lib\index.js:11473:22)
    at TypeScriptParserMixin.parseExprSubscripts (C:\mahaa\node_modules\@babel\parser\lib\index.js:11107:23)
    at TypeScriptParserMixin.parseUpdate (C:\mahaa\node_modules\@babel\parser\lib\index.js:11092:21)
    at TypeScriptParserMixin.parseMaybeUnary (C:\mahaa\node_modules\@babel\parser\lib\index.js:11072:23)
    at TypeScriptParserMixin.parseMaybeUnary (C:\mahaa\node_modules\@babel\parser\lib\index.js:9860:18)
    at TypeScriptParserMixin.parseMaybeUnaryOrPrivate (C:\mahaa\node_modules\@babel\parser\lib\index.js:10925:61)
    at TypeScriptParserMixin.parseExprOps (C:\mahaa\node_modules\@babel\parser\lib\index.js:10930:23)
    at TypeScriptParserMixin.parseMaybeConditional (C:\mahaa\node_modules\@babel\parser\lib\index.js:10907:23)
    at TypeScriptParserMixin.parseMaybeAssign (C:\mahaa\node_modules\@babel\parser\lib\index.js:10857:21)
    at TypeScriptParserMixin.parseMaybeAssign (C:\mahaa\node_modules\@babel\parser\lib\index.js:9809:20)
    at TypeScriptParserMixin.parseExpressionBase (C:\mahaa\node_modules\@babel\parser\lib\index.js:10810:23)
    at C:\mahaa\node_modules\@babel\parser\lib\index.js:10806:39
    at TypeScriptParserMixin.allowInAnd (C:\mahaa\node_modules\@babel\parser\lib\index.js:12455:16)
    at TypeScriptParserMixin.parseExpression (C:\mahaa\node_modules\@babel\parser\lib\index.js:10806:17)
    at TypeScriptParserMixin.parseStatementContent (C:\mahaa\node_modules\@babel\parser\lib\index.js:12929:23)
    at TypeScriptParserMixin.parseStatementContent (C:\mahaa\node_modules\@babel\parser\lib\index.js:9531:18)
    at TypeScriptParserMixin.parseStatementLike (C:\mahaa\node_modules\@babel\parser\lib\index.js:12801:17)
    at TypeScriptParserMixin.parseModuleItem (C:\mahaa\node_modules\@babel\parser\lib\index.js:12778:17)
    at TypeScriptParserMixin.parseBlockOrModuleBlockBody (C:\mahaa\node_modules\@babel\parser\lib\index.js:13350:36)
    at TypeScriptParserMixin.parseBlockBody (C:\mahaa\node_modules\@babel\parser\lib\index.js:13343:10)
    at TypeScriptParserMixin.parseProgram (C:\mahaa\node_modules\@babel\parser\lib\index.js:12656:10)
    at TypeScriptParserMixin.parseTopLevel (C:\mahaa\node_modules\@babel\parser\lib\index.js:12646:25)
    at TypeScriptParserMixin.parse (C:\mahaa\node_modules\@babel\parser\lib\index.js:14522:25)
    at TypeScriptParserMixin.parse (C:\mahaa\node_modules\@babel\parser\lib\index.js:10149:18)
    at parse (C:\mahaa\node_modules\@babel\parser\lib\index.js:14535:26)
    at parser (C:\mahaa\node_modules\@babel\core\lib\parser\index.js:41:34)
    at parser.next (<anonymous>)
    at normalizeFile (C:\mahaa\node_modules\@babel\core\lib\transformation\normalize-file.js:51:37)
    at normalizeFile.next (<anonymous>)
    at run (C:\mahaa\node_modules\@babel\core\lib\transformation\index.js:22:50)
    at run.next (<anonymous>)
    at transform (C:\mahaa\node_modules\@babel\core\lib\transform.js:22:33)
    at transform.next (<anonymous>)
    at evaluateSync (C:\mahaa\node_modules\gensync\index.js:251:28)
    at sync (C:\mahaa\node_modules\gensync\index.js:89:14)
    at stopHiding - secret - don't use this - v1 (C:\mahaa\node_modules\@babel\core\lib\errors\rewrite-stack-trace.js:47:12)
    at Object.transformSync (C:\mahaa\node_modules\@babel\core\lib\transform.js:40:76)
    at parseWithBabel (C:\mahaa\node_modules\@expo\metro-config\build\transformSync.js:75:18)
    at transformSync (C:\mahaa\node_modules\@expo\metro-config\build\transformSync.js:54:16)
    at Object.transform (C:\mahaa\node_modules\@expo\metro-config\build\babel-transformer.js:146:58)
    at transformJSWithBabel (C:\mahaa\node_modules\@expo\metro-config\build\transform-worker\metro-transform-worker.js:495:47)
    at Object.transform (C:\mahaa\node_modules\@expo\metro-config\build\transform-worker\metro-transform-worker.js:614:12)
    at Object.transform (C:\mahaa\node_modules\@expo\metro-config\build\transform-worker\transform-worker.js:179:19)
    at transformFile (C:\mahaa\node_modules\metro\src\DeltaBundler\Worker.flow.js:67:36)
    at Object.transform (C:\mahaa\node_modules\metro\src\DeltaBundler\Worker.flow.js:42:10)
    at execFunction (C:\mahaa\node_modules\jest-worker\build\workers\threadChild.js:167:17)
    at execHelper (C:\mahaa\node_modules\jest-worker\build\workers\threadChild.js:155:5)
Web  ERROR  [TransformError: SyntaxError: C:\mahaa\src\features\profile\profileStyles.ts: Unexpected token (346:0)

  344 | });
  345 |
> 346 | });
      | ^
  347 |
  348 |]
 ERROR  SyntaxError: C:\mahaa\src\features\profile\profileStyles.ts: Unexpected token (346:0)

  344 | });
  345 |
> 346 | });
      | ^
  347 |
  348 |
    at constructor (C:\mahaa\node_modules\@babel\parser\lib\index.js:369:19)
    at TypeScriptParserMixin.raise (C:\mahaa\node_modules\@babel\parser\lib\index.js:6622:19)
    at TypeScriptParserMixin.unexpected (C:\mahaa\node_modules\@babel\parser\lib\index.js:6642:16)
    at TypeScriptParserMixin.parseExprAtom (C:\mahaa\node_modules\@babel\parser\lib\index.js:11473:22)
    at TypeScriptParserMixin.parseExprSubscripts (C:\mahaa\node_modules\@babel\parser\lib\index.js:11107:23)
    at TypeScriptParserMixin.parseUpdate (C:\mahaa\node_modules\@babel\parser\lib\index.js:11092:21)
    at TypeScriptParserMixin.parseMaybeUnary (C:\mahaa\node_modules\@babel\parser\lib\index.js:11072:23)
    at TypeScriptParserMixin.parseMaybeUnary (C:\mahaa\node_modules\@babel\parser\lib\index.js:9860:18)
    at TypeScriptParserMixin.parseMaybeUnaryOrPrivate (C:\mahaa\node_modules\@babel\parser\lib\index.js:10925:61)
    at TypeScriptParserMixin.parseExprOps (C:\mahaa\node_modules\@babel\parser\lib\index.js:10930:23)
    at TypeScriptParserMixin.parseMaybeConditional (C:\mahaa\node_modules\@babel\parser\lib\index.js:10907:23)
    at TypeScriptParserMixin.parseMaybeAssign (C:\mahaa\node_modules\@babel\parser\lib\index.js:10857:21)
    at TypeScriptParserMixin.parseMaybeAssign (C:\mahaa\node_modules\@babel\parser\lib\index.js:9809:20)
    at TypeScriptParserMixin.parseExpressionBase (C:\mahaa\node_modules\@babel\parser\lib\index.js:10810:23)
    at C:\mahaa\node_modules\@babel\parser\lib\index.js:10806:39
    at TypeScriptParserMixin.allowInAnd (C:\mahaa\node_modules\@babel\parser\lib\index.js:12455:16)
    at TypeScriptParserMixin.parseExpression (C:\mahaa\node_modules\@babel\parser\lib\index.js:10806:17)
    at TypeScriptParserMixin.parseStatementContent (C:\mahaa\node_modules\@babel\parser\lib\index.js:12929:23)
    at TypeScriptParserMixin.parseStatementContent (C:\mahaa\node_modules\@babel\parser\lib\index.js:9531:18)
    at TypeScriptParserMixin.parseStatementLike (C:\mahaa\node_modules\@babel\parser\lib\index.js:12801:17)
    at TypeScriptParserMixin.parseModuleItem (C:\mahaa\node_modules\@babel\parser\lib\index.js:12778:17)
    at TypeScriptParserMixin.parseBlockOrModuleBlockBody (C:\mahaa\node_modules\@babel\parser\lib\index.js:13350:36)
    at TypeScriptParserMixin.parseBlockBody (C:\mahaa\node_modules\@babel\parser\lib\index.js:13343:10)
    at TypeScriptParserMixin.parseProgram (C:\mahaa\node_modules\@babel\parser\lib\index.js:12656:10)
    at TypeScriptParserMixin.parseTopLevel (C:\mahaa\node_modules\@babel\parser\lib\index.js:12646:25)
    at TypeScriptParserMixin.parse (C:\mahaa\node_modules\@babel\parser\lib\index.js:14522:25)
    at TypeScriptParserMixin.parse (C:\mahaa\node_modules\@babel\parser\lib\index.js:10149:18)
    at parse (C:\mahaa\node_modules\@babel\parser\lib\index.js:14535:26)
    at parser (C:\mahaa\node_modules\@babel\core\lib\parser\index.js:41:34)
    at parser.next (<anonymous>)
    at normalizeFile (C:\mahaa\node_modules\@babel\core\lib\transformation\normalize-file.js:51:37)
    at normalizeFile.next (<anonymous>)
    at run (C:\mahaa\node_modules\@babel\core\lib\transformation\index.js:22:50)
    at run.next (<anonymous>)
    at transform (C:\mahaa\node_modules\@babel\core\lib\transform.js:22:33)
    at transform.next (<anonymous>)
    at evaluateSync (C:\mahaa\node_modules\gensync\index.js:251:28)
    at sync (C:\mahaa\node_modules\gensync\index.js:89:14)
    at stopHiding - secret - don't use this - v1 (C:\mahaa\node_modules\@babel\core\lib\errors\rewrite-stack-trace.js:47:12)
    at Object.transformSync (C:\mahaa\node_modules\@babel\core\lib\transform.js:40:76)
    at parseWithBabel (C:\mahaa\node_modules\@expo\metro-config\build\transformSync.js:75:18)
    at transformSync (C:\mahaa\node_modules\@expo\metro-config\build\transformSync.js:54:16)
    at Object.transform (C:\mahaa\node_modules\@expo\metro-config\build\babel-transformer.js:146:58)
    at transformJSWithBabel (C:\mahaa\node_modules\@expo\metro-config\build\transform-worker\metro-transform-worker.js:495:47)
    at Object.transform (C:\mahaa\node_modules\@expo\metro-config\build\transform-worker\metro-transform-worker.js:614:12)
    at Object.transform (C:\mahaa\node_modules\@expo\metro-config\build\transform-worker\transform-worker.js:179:19)
    at transformFile (C:\mahaa\node_modules\metro\src\DeltaBundler\Worker.flow.js:67:36)
    at Object.transform (C:\mahaa\node_modules\metro\src\DeltaBundler\Worker.flow.js:42:10)
    at execFunction (C:\mahaa\node_modules\jest-worker\build\workers\threadChild.js:167:17)
    at execHelper (C:\mahaa\node_modules\jest-worker\build\workers\threadChild.js:155:5)
Web  ERROR  [TransformError: SyntaxError: C:\mahaa\src\features\profile\profileStyles.ts: Unexpected token (346:0)

  344 | });
  345 |
> 346 | });
      | ^
  347 |
  348 |]
 ERROR  SyntaxError: C:\mahaa\src\features\profile\profileStyles.ts: Unexpected token (346:0)

  344 | });
  345 |
> 346 | });
      | ^
  347 |
  348 |
    at constructor (C:\mahaa\node_modules\@babel\parser\lib\index.js:369:19)
    at TypeScriptParserMixin.raise (C:\mahaa\node_modules\@babel\parser\lib\index.js:6622:19)
    at TypeScriptParserMixin.unexpected (C:\mahaa\node_modules\@babel\parser\lib\index.js:6642:16)
    at TypeScriptParserMixin.parseExprAtom (C:\mahaa\node_modules\@babel\parser\lib\index.js:11473:22)
    at TypeScriptParserMixin.parseExprSubscripts (C:\mahaa\node_modules\@babel\parser\lib\index.js:11107:23)
    at TypeScriptParserMixin.parseUpdate (C:\mahaa\node_modules\@babel\parser\lib\index.js:11092:21)
    at TypeScriptParserMixin.parseMaybeUnary (C:\mahaa\node_modules\@babel\parser\lib\index.js:11072:23)
    at TypeScriptParserMixin.parseMaybeUnary (C:\mahaa\node_modules\@babel\parser\lib\index.js:9860:18)
    at TypeScriptParserMixin.parseMaybeUnaryOrPrivate (C:\mahaa\node_modules\@babel\parser\lib\index.js:10925:61)
    at TypeScriptParserMixin.parseExprOps (C:\mahaa\node_modules\@babel\parser\lib\index.js:10930:23)
    at TypeScriptParserMixin.parseMaybeConditional (C:\mahaa\node_modules\@babel\parser\lib\index.js:10907:23)
    at TypeScriptParserMixin.parseMaybeAssign (C:\mahaa\node_modules\@babel\parser\lib\index.js:10857:21)
    at TypeScriptParserMixin.parseMaybeAssign (C:\mahaa\node_modules\@babel\parser\lib\index.js:9809:20)
    at TypeScriptParserMixin.parseExpressionBase (C:\mahaa\node_modules\@babel\parser\lib\index.js:10810:23)
    at C:\mahaa\node_modules\@babel\parser\lib\index.js:10806:39
    at TypeScriptParserMixin.allowInAnd (C:\mahaa\node_modules\@babel\parser\lib\index.js:12455:16)
    at TypeScriptParserMixin.parseExpression (C:\mahaa\node_modules\@babel\parser\lib\index.js:10806:17)
    at TypeScriptParserMixin.parseStatementContent (C:\mahaa\node_modules\@babel\parser\lib\index.js:12929:23)
    at TypeScriptParserMixin.parseStatementContent (C:\mahaa\node_modules\@babel\parser\lib\index.js:9531:18)
    at TypeScriptParserMixin.parseStatementLike (C:\mahaa\node_modules\@babel\parser\lib\index.js:12801:17)
    at TypeScriptParserMixin.parseModuleItem (C:\mahaa\node_modules\@babel\parser\lib\index.js:12778:17)
    at TypeScriptParserMixin.parseBlockOrModuleBlockBody (C:\mahaa\node_modules\@babel\parser\lib\index.js:13350:36)
    at TypeScriptParserMixin.parseBlockBody (C:\mahaa\node_modules\@babel\parser\lib\index.js:13343:10)
    at TypeScriptParserMixin.parseProgram (C:\mahaa\node_modules\@babel\parser\lib\index.js:12656:10)
    at TypeScriptParserMixin.parseTopLevel (C:\mahaa\node_modules\@babel\parser\lib\index.js:12646:25)
    at TypeScriptParserMixin.parse (C:\mahaa\node_modules\@babel\parser\lib\index.js:14522:25)
    at TypeScriptParserMixin.parse (C:\mahaa\node_modules\@babel\parser\lib\index.js:10149:18)
    at parse (C:\mahaa\node_modules\@babel\parser\lib\index.js:14535:26)
    at parser (C:\mahaa\node_modules\@babel\core\lib\parser\index.js:41:34)
    at parser.next (<anonymous>)
    at normalizeFile (C:\mahaa\node_modules\@babel\core\lib\transformation\normalize-file.js:51:37)
    at normalizeFile.next (<anonymous>)
    at run (C:\mahaa\node_modules\@babel\core\lib\transformation\index.js:22:50)
    at run.next (<anonymous>)
    at transform (C:\mahaa\node_modules\@babel\core\lib\transform.js:22:33)
    at transform.next (<anonymous>)
    at evaluateSync (C:\mahaa\node_modules\gensync\index.js:251:28)
    at sync (C:\mahaa\node_modules\gensync\index.js:89:14)
    at stopHiding - secret - don't use this - v1 (C:\mahaa\node_modules\@babel\core\lib\errors\rewrite-stack-trace.js:47:12)
    at Object.transformSync (C:\mahaa\node_modules\@babel\core\lib\transform.js:40:76)
    at parseWithBabel (C:\mahaa\node_modules\@expo\metro-config\build\transformSync.js:75:18)
    at transformSync (C:\mahaa\node_modules\@expo\metro-config\build\transformSync.js:54:16)
    at Object.transform (C:\mahaa\node_modules\@expo\metro-config\build\babel-transformer.js:146:58)
    at transformJSWithBabel (C:\mahaa\node_modules\@expo\metro-config\build\transform-worker\metro-transform-worker.js:495:47)
    at Object.transform (C:\mahaa\node_modules\@expo\metro-config\build\transform-worker\metro-transform-worker.js:614:12)
    at Object.transform (C:\mahaa\node_modules\@expo\metro-config\build\transform-worker\transform-worker.js:179:19)
    at transformFile (C:\mahaa\node_modules\metro\src\DeltaBundler\Worker.flow.js:67:36)
    at Object.transform (C:\mahaa\node_modules\metro\src\DeltaBundler\Worker.flow.js:42:10)
    at execFunction (C:\mahaa\node_modules\jest-worker\build\workers\threadChild.js:167:17)
    at execHelper (C:\mahaa\node_modules\jest-worker\build\workers\threadChild.js:155:5)
Web  ERROR  [TransformError: SyntaxError: C:\mahaa\src\features\profile\profileStyles.ts: Unexpected token (346:0)

  344 | });
  345 |
> 346 | });
      | ^
  347 |
  348 |]
 ERROR  SyntaxError: C:\mahaa\src\features\profile\profileStyles.ts: Unexpected token (346:0)

  344 | });
  345 |
> 346 | });
      | ^
  347 |
  348 |
    at constructor (C:\mahaa\node_modules\@babel\parser\lib\index.js:369:19)
    at TypeScriptParserMixin.raise (C:\mahaa\node_modules\@babel\parser\lib\index.js:6622:19)
    at TypeScriptParserMixin.unexpected (C:\mahaa\node_modules\@babel\parser\lib\index.js:6642:16)
    at TypeScriptParserMixin.parseExprAtom (C:\mahaa\node_modules\@babel\parser\lib\index.js:11473:22)
    at TypeScriptParserMixin.parseExprSubscripts (C:\mahaa\node_modules\@babel\parser\lib\index.js:11107:23)
    at TypeScriptParserMixin.parseUpdate (C:\mahaa\node_modules\@babel\parser\lib\index.js:11092:21)
    at TypeScriptParserMixin.parseMaybeUnary (C:\mahaa\node_modules\@babel\parser\lib\index.js:11072:23)
    at TypeScriptParserMixin.parseMaybeUnary (C:\mahaa\node_modules\@babel\parser\lib\index.js:9860:18)
    at TypeScriptParserMixin.parseMaybeUnaryOrPrivate (C:\mahaa\node_modules\@babel\parser\lib\index.js:10925:61)
    at TypeScriptParserMixin.parseExprOps (C:\mahaa\node_modules\@babel\parser\lib\index.js:10930:23)
    at TypeScriptParserMixin.parseMaybeConditional (C:\mahaa\node_modules\@babel\parser\lib\index.js:10907:23)
    at TypeScriptParserMixin.parseMaybeAssign (C:\mahaa\node_modules\@babel\parser\lib\index.js:10857:21)
    at TypeScriptParserMixin.parseMaybeAssign (C:\mahaa\node_modules\@babel\parser\lib\index.js:9809:20)
    at TypeScriptParserMixin.parseExpressionBase (C:\mahaa\node_modules\@babel\parser\lib\index.js:10810:23)
    at C:\mahaa\node_modules\@babel\parser\lib\index.js:10806:39
    at TypeScriptParserMixin.allowInAnd (C:\mahaa\node_modules\@babel\parser\lib\index.js:12455:16)
    at TypeScriptParserMixin.parseExpression (C:\mahaa\node_modules\@babel\parser\lib\index.js:10806:17)
    at TypeScriptParserMixin.parseStatementContent (C:\mahaa\node_modules\@babel\parser\lib\index.js:12929:23)
    at TypeScriptParserMixin.parseStatementContent (C:\mahaa\node_modules\@babel\parser\lib\index.js:9531:18)
    at TypeScriptParserMixin.parseStatementLike (C:\mahaa\node_modules\@babel\parser\lib\index.js:12801:17)
    at TypeScriptParserMixin.parseModuleItem (C:\mahaa\node_modules\@babel\parser\lib\index.js:12778:17)
    at TypeScriptParserMixin.parseBlockOrModuleBlockBody (C:\mahaa\node_modules\@babel\parser\lib\index.js:13350:36)
    at TypeScriptParserMixin.parseBlockBody (C:\mahaa\node_modules\@babel\parser\lib\index.js:13343:10)
    at TypeScriptParserMixin.parseProgram (C:\mahaa\node_modules\@babel\parser\lib\index.js:12656:10)
    at TypeScriptParserMixin.parseTopLevel (C:\mahaa\node_modules\@babel\parser\lib\index.js:12646:25)
    at TypeScriptParserMixin.parse (C:\mahaa\node_modules\@babel\parser\lib\index.js:14522:25)
    at TypeScriptParserMixin.parse (C:\mahaa\node_modules\@babel\parser\lib\index.js:10149:18)
    at parse (C:\mahaa\node_modules\@babel\parser\lib\index.js:14535:26)
    at parser (C:\mahaa\node_modules\@babel\core\lib\parser\index.js:41:34)
    at parser.next (<anonymous>)
    at normalizeFile (C:\mahaa\node_modules\@babel\core\lib\transformation\normalize-file.js:51:37)
    at normalizeFile.next (<anonymous>)
    at run (C:\mahaa\node_modules\@babel\core\lib\transformation\index.js:22:50)
    at run.next (<anonymous>)
    at transform (C:\mahaa\node_modules\@babel\core\lib\transform.js:22:33)
    at transform.next (<anonymous>)
    at evaluateSync (C:\mahaa\node_modules\gensync\index.js:251:28)
    at sync (C:\mahaa\node_modules\gensync\index.js:89:14)
    at stopHiding - secret - don't use this - v1 (C:\mahaa\node_modules\@babel\core\lib\errors\rewrite-stack-trace.js:47:12)
    at Object.transformSync (C:\mahaa\node_modules\@babel\core\lib\transform.js:40:76)
    at parseWithBabel (C:\mahaa\node_modules\@expo\metro-config\build\transformSync.js:75:18)
    at transformSync (C:\mahaa\node_modules\@expo\metro-config\build\transformSync.js:54:16)
    at Object.transform (C:\mahaa\node_modules\@expo\metro-config\build\babel-transformer.js:146:58)
    at transformJSWithBabel (C:\mahaa\node_modules\@expo\metro-config\build\transform-worker\metro-transform-worker.js:495:47)
    at Object.transform (C:\mahaa\node_modules\@expo\metro-config\build\transform-worker\metro-transform-worker.js:614:12)
    at Object.transform (C:\mahaa\node_modules\@expo\metro-config\build\transform-worker\transform-worker.js:179:19)
    at transformFile (C:\mahaa\node_modules\metro\src\DeltaBundler\Worker.flow.js:67:36)
    at Object.transform (C:\mahaa\node_modules\metro\src\DeltaBundler\Worker.flow.js:42:10)
    at execFunction (C:\mahaa\node_modules\jest-worker\build\workers\threadChild.js:167:17)
    at execHelper (C:\mahaa\node_modules\jest-worker\build\workers\threadChild.js:155:5)
Web  ERROR  [TransformError: SyntaxError: C:\mahaa\src\features\profile\profileStyles.ts: Unexpected token (346:0)

  344 | });
  345 |
> 346 | });
      | ^
  347 |
  348 |]
 ERROR  SyntaxError: C:\mahaa\src\features\profile\profileStyles.ts: Unexpected token (346:0)

  344 | });
  345 |
> 346 | });
      | ^
  347 |
  348 |
    at constructor (C:\mahaa\node_modules\@babel\parser\lib\index.js:369:19)
    at TypeScriptParserMixin.raise (C:\mahaa\node_modules\@babel\parser\lib\index.js:6622:19)
    at TypeScriptParserMixin.unexpected (C:\mahaa\node_modules\@babel\parser\lib\index.js:6642:16)
    at TypeScriptParserMixin.parseExprAtom (C:\mahaa\node_modules\@babel\parser\lib\index.js:11473:22)
    at TypeScriptParserMixin.parseExprSubscripts (C:\mahaa\node_modules\@babel\parser\lib\index.js:11107:23)
    at TypeScriptParserMixin.parseUpdate (C:\mahaa\node_modules\@babel\parser\lib\index.js:11092:21)
    at TypeScriptParserMixin.parseMaybeUnary (C:\mahaa\node_modules\@babel\parser\lib\index.js:11072:23)
    at TypeScriptParserMixin.parseMaybeUnary (C:\mahaa\node_modules\@babel\parser\lib\index.js:9860:18)
    at TypeScriptParserMixin.parseMaybeUnaryOrPrivate (C:\mahaa\node_modules\@babel\parser\lib\index.js:10925:61)
    at TypeScriptParserMixin.parseExprOps (C:\mahaa\node_modules\@babel\parser\lib\index.js:10930:23)
    at TypeScriptParserMixin.parseMaybeConditional (C:\mahaa\node_modules\@babel\parser\lib\index.js:10907:23)
    at TypeScriptParserMixin.parseMaybeAssign (C:\mahaa\node_modules\@babel\parser\lib\index.js:10857:21)
    at TypeScriptParserMixin.parseMaybeAssign (C:\mahaa\node_modules\@babel\parser\lib\index.js:9809:20)
    at TypeScriptParserMixin.parseExpressionBase (C:\mahaa\node_modules\@babel\parser\lib\index.js:10810:23)
    at C:\mahaa\node_modules\@babel\parser\lib\index.js:10806:39
    at TypeScriptParserMixin.allowInAnd (C:\mahaa\node_modules\@babel\parser\lib\index.js:12455:16)
    at TypeScriptParserMixin.parseExpression (C:\mahaa\node_modules\@babel\parser\lib\index.js:10806:17)
    at TypeScriptParserMixin.parseStatementContent (C:\mahaa\node_modules\@babel\parser\lib\index.js:12929:23)
    at TypeScriptParserMixin.parseStatementContent (C:\mahaa\node_modules\@babel\parser\lib\index.js:9531:18)
    at TypeScriptParserMixin.parseStatementLike (C:\mahaa\node_modules\@babel\parser\lib\index.js:12801:17)
    at TypeScriptParserMixin.parseModuleItem (C:\mahaa\node_modules\@babel\parser\lib\index.js:12778:17)
    at TypeScriptParserMixin.parseBlockOrModuleBlockBody (C:\mahaa\node_modules\@babel\parser\lib\index.js:13350:36)
    at TypeScriptParserMixin.parseBlockBody (C:\mahaa\node_modules\@babel\parser\lib\index.js:13343:10)
    at TypeScriptParserMixin.parseProgram (C:\mahaa\node_modules\@babel\parser\lib\index.js:12656:10)
    at TypeScriptParserMixin.parseTopLevel (C:\mahaa\node_modules\@babel\parser\lib\index.js:12646:25)
    at TypeScriptParserMixin.parse (C:\mahaa\node_modules\@babel\parser\lib\index.js:14522:25)
    at TypeScriptParserMixin.parse (C:\mahaa\node_modules\@babel\parser\lib\index.js:10149:18)
    at parse (C:\mahaa\node_modules\@babel\parser\lib\index.js:14535:26)
    at parser (C:\mahaa\node_modules\@babel\core\lib\parser\index.js:41:34)
    at parser.next (<anonymous>)
    at normalizeFile (C:\mahaa\node_modules\@babel\core\lib\transformation\normalize-file.js:51:37)
    at normalizeFile.next (<anonymous>)
    at run (C:\mahaa\node_modules\@babel\core\lib\transformation\index.js:22:50)
    at run.next (<anonymous>)
    at transform (C:\mahaa\node_modules\@babel\core\lib\transform.js:22:33)
    at transform.next (<anonymous>)
    at evaluateSync (C:\mahaa\node_modules\gensync\index.js:251:28)
    at sync (C:\mahaa\node_modules\gensync\index.js:89:14)
    at stopHiding - secret - don't use this - v1 (C:\mahaa\node_modules\@babel\core\lib\errors\rewrite-stack-trace.js:47:12)
    at Object.transformSync (C:\mahaa\node_modules\@babel\core\lib\transform.js:40:76)
    at parseWithBabel (C:\mahaa\node_modules\@expo\metro-config\build\transformSync.js:75:18)
    at transformSync (C:\mahaa\node_modules\@expo\metro-config\build\transformSync.js:54:16)
    at Object.transform (C:\mahaa\node_modules\@expo\metro-config\build\babel-transformer.js:146:58)
    at transformJSWithBabel (C:\mahaa\node_modules\@expo\metro-config\build\transform-worker\metro-transform-worker.js:495:47)
    at Object.transform (C:\mahaa\node_modules\@expo\metro-config\build\transform-worker\metro-transform-worker.js:614:12)
    at Object.transform (C:\mahaa\node_modules\@expo\metro-config\build\transform-worker\transform-worker.js:179:19)
    at transformFile (C:\mahaa\node_modules\metro\src\DeltaBundler\Worker.flow.js:67:36)
    at Object.transform (C:\mahaa\node_modules\metro\src\DeltaBundler\Worker.flow.js:42:10)
    at execFunction (C:\mahaa\node_modules\jest-worker\build\workers\threadChild.js:167:17)
    at execHelper (C:\mahaa\node_modules\jest-worker\build\workers\threadChild.js:155:5)
Web  ERROR  [TransformError: SyntaxError: C:\mahaa\src\features\profile\profileStyles.ts: Unexpected token (346:0)

  344 | });
  345 |
> 346 | });
      | ^
  347 |
  348 |]
 ERROR  SyntaxError: C:\mahaa\src\features\profile\profileStyles.ts: Unexpected token (365:0)

  363 | });
  364 |
> 365 | });
      | ^
  366 |
  367 |
    at constructor (C:\mahaa\node_modules\@babel\parser\lib\index.js:369:19)
    at TypeScriptParserMixin.raise (C:\mahaa\node_modules\@babel\parser\lib\index.js:6622:19)
    at TypeScriptParserMixin.unexpected (C:\mahaa\node_modules\@babel\parser\lib\index.js:6642:16)
    at TypeScriptParserMixin.parseExprAtom (C:\mahaa\node_modules\@babel\parser\lib\index.js:11473:22)
    at TypeScriptParserMixin.parseExprSubscripts (C:\mahaa\node_modules\@babel\parser\lib\index.js:11107:23)
    at TypeScriptParserMixin.parseUpdate (C:\mahaa\node_modules\@babel\parser\lib\index.js:11092:21)
    at TypeScriptParserMixin.parseMaybeUnary (C:\mahaa\node_modules\@babel\parser\lib\index.js:11072:23)
    at TypeScriptParserMixin.parseMaybeUnary (C:\mahaa\node_modules\@babel\parser\lib\index.js:9860:18)
    at TypeScriptParserMixin.parseMaybeUnaryOrPrivate (C:\mahaa\node_modules\@babel\parser\lib\index.js:10925:61)
    at TypeScriptParserMixin.parseExprOps (C:\mahaa\node_modules\@babel\parser\lib\index.js:10930:23)
    at TypeScriptParserMixin.parseMaybeConditional (C:\mahaa\node_modules\@babel\parser\lib\index.js:10907:23)
    at TypeScriptParserMixin.parseMaybeAssign (C:\mahaa\node_modules\@babel\parser\lib\index.js:10857:21)
    at TypeScriptParserMixin.parseMaybeAssign (C:\mahaa\node_modules\@babel\parser\lib\index.js:9809:20)
    at TypeScriptParserMixin.parseExpressionBase (C:\mahaa\node_modules\@babel\parser\lib\index.js:10810:23)
    at C:\mahaa\node_modules\@babel\parser\lib\index.js:10806:39
    at TypeScriptParserMixin.allowInAnd (C:\mahaa\node_modules\@babel\parser\lib\index.js:12455:16)
    at TypeScriptParserMixin.parseExpression (C:\mahaa\node_modules\@babel\parser\lib\index.js:10806:17)
    at TypeScriptParserMixin.parseStatementContent (C:\mahaa\node_modules\@babel\parser\lib\index.js:12929:23)
    at TypeScriptParserMixin.parseStatementContent (C:\mahaa\node_modules\@babel\parser\lib\index.js:9531:18)
    at TypeScriptParserMixin.parseStatementLike (C:\mahaa\node_modules\@babel\parser\lib\index.js:12801:17)
    at TypeScriptParserMixin.parseModuleItem (C:\mahaa\node_modules\@babel\parser\lib\index.js:12778:17)
    at TypeScriptParserMixin.parseBlockOrModuleBlockBody (C:\mahaa\node_modules\@babel\parser\lib\index.js:13350:36)
    at TypeScriptParserMixin.parseBlockBody (C:\mahaa\node_modules\@babel\parser\lib\index.js:13343:10)
    at TypeScriptParserMixin.parseProgram (C:\mahaa\node_modules\@babel\parser\lib\index.js:12656:10)
    at TypeScriptParserMixin.parseTopLevel (C:\mahaa\node_modules\@babel\parser\lib\index.js:12646:25)
    at TypeScriptParserMixin.parse (C:\mahaa\node_modules\@babel\parser\lib\index.js:14522:25)
    at TypeScriptParserMixin.parse (C:\mahaa\node_modules\@babel\parser\lib\index.js:10149:18)
    at parse (C:\mahaa\node_modules\@babel\parser\lib\index.js:14535:26)
    at parser (C:\mahaa\node_modules\@babel\core\lib\parser\index.js:41:34)
    at parser.next (<anonymous>)
    at normalizeFile (C:\mahaa\node_modules\@babel\core\lib\transformation\normalize-file.js:51:37)
    at normalizeFile.next (<anonymous>)
    at run (C:\mahaa\node_modules\@babel\core\lib\transformation\index.js:22:50)
    at run.next (<anonymous>)
    at transform (C:\mahaa\node_modules\@babel\core\lib\transform.js:22:33)
    at transform.next (<anonymous>)
    at evaluateSync (C:\mahaa\node_modules\gensync\index.js:251:28)
    at sync (C:\mahaa\node_modules\gensync\index.js:89:14)
    at stopHiding - secret - don't use this - v1 (C:\mahaa\node_modules\@babel\core\lib\errors\rewrite-stack-trace.js:47:12)
    at Object.transformSync (C:\mahaa\node_modules\@babel\core\lib\transform.js:40:76)
    at parseWithBabel (C:\mahaa\node_modules\@expo\metro-config\build\transformSync.js:75:18)
    at transformSync (C:\mahaa\node_modules\@expo\metro-config\build\transformSync.js:54:16)
    at Object.transform (C:\mahaa\node_modules\@expo\metro-config\build\babel-transformer.js:146:58)
    at transformJSWithBabel (C:\mahaa\node_modules\@expo\metro-config\build\transform-worker\metro-transform-worker.js:495:47)
    at Object.transform (C:\mahaa\node_modules\@expo\metro-config\build\transform-worker\metro-transform-worker.js:614:12)
    at Object.transform (C:\mahaa\node_modules\@expo\metro-config\build\transform-worker\transform-worker.js:179:19)
    at transformFile (C:\mahaa\node_modules\metro\src\DeltaBundler\Worker.flow.js:67:36)
    at Object.transform (C:\mahaa\node_modules\metro\src\DeltaBundler\Worker.flow.js:42:10)
    at execFunction (C:\mahaa\node_modules\jest-worker\build\workers\threadChild.js:167:17)
    at execHelper (C:\mahaa\node_modules\jest-worker\build\workers\threadChild.js:155:5)
Web  ERROR  [TransformError: SyntaxError: C:\mahaa\src\features\profile\profileStyles.ts: Unexpected token (365:0)

  363 | });
  364 |
> 365 | });
      | ^
  366 |
  367 |]
 ERROR  SyntaxError: C:\mahaa\src\features\profile\profileStyles.ts: Unexpected token (365:0)

  363 | });
  364 |
> 365 | });
      | ^
  366 |
  367 |
    at constructor (C:\mahaa\node_modules\@babel\parser\lib\index.js:369:19)
    at TypeScriptParserMixin.raise (C:\mahaa\node_modules\@babel\parser\lib\index.js:6622:19)
    at TypeScriptParserMixin.unexpected (C:\mahaa\node_modules\@babel\parser\lib\index.js:6642:16)
    at TypeScriptParserMixin.parseExprAtom (C:\mahaa\node_modules\@babel\parser\lib\index.js:11473:22)
    at TypeScriptParserMixin.parseExprSubscripts (C:\mahaa\node_modules\@babel\parser\lib\index.js:11107:23)
    at TypeScriptParserMixin.parseUpdate (C:\mahaa\node_modules\@babel\parser\lib\index.js:11092:21)
    at TypeScriptParserMixin.parseMaybeUnary (C:\mahaa\node_modules\@babel\parser\lib\index.js:11072:23)
    at TypeScriptParserMixin.parseMaybeUnary (C:\mahaa\node_modules\@babel\parser\lib\index.js:9860:18)
    at TypeScriptParserMixin.parseMaybeUnaryOrPrivate (C:\mahaa\node_modules\@babel\parser\lib\index.js:10925:61)
    at TypeScriptParserMixin.parseExprOps (C:\mahaa\node_modules\@babel\parser\lib\index.js:10930:23)
    at TypeScriptParserMixin.parseMaybeConditional (C:\mahaa\node_modules\@babel\parser\lib\index.js:10907:23)
    at TypeScriptParserMixin.parseMaybeAssign (C:\mahaa\node_modules\@babel\parser\lib\index.js:10857:21)
    at TypeScriptParserMixin.parseMaybeAssign (C:\mahaa\node_modules\@babel\parser\lib\index.js:9809:20)
    at TypeScriptParserMixin.parseExpressionBase (C:\mahaa\node_modules\@babel\parser\lib\index.js:10810:23)
    at C:\mahaa\node_modules\@babel\parser\lib\index.js:10806:39
    at TypeScriptParserMixin.allowInAnd (C:\mahaa\node_modules\@babel\parser\lib\index.js:12455:16)
    at TypeScriptParserMixin.parseExpression (C:\mahaa\node_modules\@babel\parser\lib\index.js:10806:17)
    at TypeScriptParserMixin.parseStatementContent (C:\mahaa\node_modules\@babel\parser\lib\index.js:12929:23)
    at TypeScriptParserMixin.parseStatementContent (C:\mahaa\node_modules\@babel\parser\lib\index.js:9531:18)
    at TypeScriptParserMixin.parseStatementLike (C:\mahaa\node_modules\@babel\parser\lib\index.js:12801:17)
    at TypeScriptParserMixin.parseModuleItem (C:\mahaa\node_modules\@babel\parser\lib\index.js:12778:17)
    at TypeScriptParserMixin.parseBlockOrModuleBlockBody (C:\mahaa\node_modules\@babel\parser\lib\index.js:13350:36)
    at TypeScriptParserMixin.parseBlockBody (C:\mahaa\node_modules\@babel\parser\lib\index.js:13343:10)
    at TypeScriptParserMixin.parseProgram (C:\mahaa\node_modules\@babel\parser\lib\index.js:12656:10)
    at TypeScriptParserMixin.parseTopLevel (C:\mahaa\node_modules\@babel\parser\lib\index.js:12646:25)
    at TypeScriptParserMixin.parse (C:\mahaa\node_modules\@babel\parser\lib\index.js:14522:25)
    at TypeScriptParserMixin.parse (C:\mahaa\node_modules\@babel\parser\lib\index.js:10149:18)
    at parse (C:\mahaa\node_modules\@babel\parser\lib\index.js:14535:26)
    at parser (C:\mahaa\node_modules\@babel\core\lib\parser\index.js:41:34)
    at parser.next (<anonymous>)
    at normalizeFile (C:\mahaa\node_modules\@babel\core\lib\transformation\normalize-file.js:51:37)
    at normalizeFile.next (<anonymous>)
    at run (C:\mahaa\node_modules\@babel\core\lib\transformation\index.js:22:50)
    at run.next (<anonymous>)
    at transform (C:\mahaa\node_modules\@babel\core\lib\transform.js:22:33)
    at transform.next (<anonymous>)
    at evaluateSync (C:\mahaa\node_modules\gensync\index.js:251:28)
    at sync (C:\mahaa\node_modules\gensync\index.js:89:14)
    at stopHiding - secret - don't use this - v1 (C:\mahaa\node_modules\@babel\core\lib\errors\rewrite-stack-trace.js:47:12)
    at Object.transformSync (C:\mahaa\node_modules\@babel\core\lib\transform.js:40:76)
    at parseWithBabel (C:\mahaa\node_modules\@expo\metro-config\build\transformSync.js:75:18)
    at transformSync (C:\mahaa\node_modules\@expo\metro-config\build\transformSync.js:54:16)
    at Object.transform (C:\mahaa\node_modules\@expo\metro-config\build\babel-transformer.js:146:58)
    at transformJSWithBabel (C:\mahaa\node_modules\@expo\metro-config\build\transform-worker\metro-transform-worker.js:495:47)
    at Object.transform (C:\mahaa\node_modules\@expo\metro-config\build\transform-worker\metro-transform-worker.js:614:12)
    at Object.transform (C:\mahaa\node_modules\@expo\metro-config\build\transform-worker\transform-worker.js:179:19)
    at transformFile (C:\mahaa\node_modules\metro\src\DeltaBundler\Worker.flow.js:67:36)
    at Object.transform (C:\mahaa\node_modules\metro\src\DeltaBundler\Worker.flow.js:42:10)
    at execFunction (C:\mahaa\node_modules\jest-worker\build\workers\threadChild.js:167:17)
    at execHelper (C:\mahaa\node_modules\jest-worker\build\workers\threadChild.js:155:5)
Web  ERROR  [TransformError: SyntaxError: C:\mahaa\src\features\profile\profileStyles.ts: Unexpected token (365:0)

  363 | });
  364 |
> 365 | });
      | ^
  366 |
  367 |]
 ERROR  SyntaxError: C:\mahaa\src\features\profile\profileStyles.ts: Unexpected token (365:0)

  363 | });
  364 |
> 365 | });
      | ^
  366 |
  367 |
    at constructor (C:\mahaa\node_modules\@babel\parser\lib\index.js:369:19)
    at TypeScriptParserMixin.raise (C:\mahaa\node_modules\@babel\parser\lib\index.js:6622:19)
    at TypeScriptParserMixin.unexpected (C:\mahaa\node_modules\@babel\parser\lib\index.js:6642:16)
    at TypeScriptParserMixin.parseExprAtom (C:\mahaa\node_modules\@babel\parser\lib\index.js:11473:22)
    at TypeScriptParserMixin.parseExprSubscripts (C:\mahaa\node_modules\@babel\parser\lib\index.js:11107:23)
    at TypeScriptParserMixin.parseUpdate (C:\mahaa\node_modules\@babel\parser\lib\index.js:11092:21)
    at TypeScriptParserMixin.parseMaybeUnary (C:\mahaa\node_modules\@babel\parser\lib\index.js:11072:23)
    at TypeScriptParserMixin.parseMaybeUnary (C:\mahaa\node_modules\@babel\parser\lib\index.js:9860:18)
    at TypeScriptParserMixin.parseMaybeUnaryOrPrivate (C:\mahaa\node_modules\@babel\parser\lib\index.js:10925:61)
    at TypeScriptParserMixin.parseExprOps (C:\mahaa\node_modules\@babel\parser\lib\index.js:10930:23)
    at TypeScriptParserMixin.parseMaybeConditional (C:\mahaa\node_modules\@babel\parser\lib\index.js:10907:23)
    at TypeScriptParserMixin.parseMaybeAssign (C:\mahaa\node_modules\@babel\parser\lib\index.js:10857:21)
    at TypeScriptParserMixin.parseMaybeAssign (C:\mahaa\node_modules\@babel\parser\lib\index.js:9809:20)
    at TypeScriptParserMixin.parseExpressionBase (C:\mahaa\node_modules\@babel\parser\lib\index.js:10810:23)
    at C:\mahaa\node_modules\@babel\parser\lib\index.js:10806:39
    at TypeScriptParserMixin.allowInAnd (C:\mahaa\node_modules\@babel\parser\lib\index.js:12455:16)
    at TypeScriptParserMixin.parseExpression (C:\mahaa\node_modules\@babel\parser\lib\index.js:10806:17)
    at TypeScriptParserMixin.parseStatementContent (C:\mahaa\node_modules\@babel\parser\lib\index.js:12929:23)
    at TypeScriptParserMixin.parseStatementContent (C:\mahaa\node_modules\@babel\parser\lib\index.js:9531:18)
    at TypeScriptParserMixin.parseStatementLike (C:\mahaa\node_modules\@babel\parser\lib\index.js:12801:17)
    at TypeScriptParserMixin.parseModuleItem (C:\mahaa\node_modules\@babel\parser\lib\index.js:12778:17)
    at TypeScriptParserMixin.parseBlockOrModuleBlockBody (C:\mahaa\node_modules\@babel\parser\lib\index.js:13350:36)
    at TypeScriptParserMixin.parseBlockBody (C:\mahaa\node_modules\@babel\parser\lib\index.js:13343:10)
    at TypeScriptParserMixin.parseProgram (C:\mahaa\node_modules\@babel\parser\lib\index.js:12656:10)
    at TypeScriptParserMixin.parseTopLevel (C:\mahaa\node_modules\@babel\parser\lib\index.js:12646:25)
    at TypeScriptParserMixin.parse (C:\mahaa\node_modules\@babel\parser\lib\index.js:14522:25)
    at TypeScriptParserMixin.parse (C:\mahaa\node_modules\@babel\parser\lib\index.js:10149:18)
    at parse (C:\mahaa\node_modules\@babel\parser\lib\index.js:14535:26)
    at parser (C:\mahaa\node_modules\@babel\core\lib\parser\index.js:41:34)
    at parser.next (<anonymous>)
    at normalizeFile (C:\mahaa\node_modules\@babel\core\lib\transformation\normalize-file.js:51:37)
    at normalizeFile.next (<anonymous>)
    at run (C:\mahaa\node_modules\@babel\core\lib\transformation\index.js:22:50)
    at run.next (<anonymous>)
    at transform (C:\mahaa\node_modules\@babel\core\lib\transform.js:22:33)
    at transform.next (<anonymous>)
    at evaluateSync (C:\mahaa\node_modules\gensync\index.js:251:28)
    at sync (C:\mahaa\node_modules\gensync\index.js:89:14)
    at stopHiding - secret - don't use this - v1 (C:\mahaa\node_modules\@babel\core\lib\errors\rewrite-stack-trace.js:47:12)
    at Object.transformSync (C:\mahaa\node_modules\@babel\core\lib\transform.js:40:76)
    at parseWithBabel (C:\mahaa\node_modules\@expo\metro-config\build\transformSync.js:75:18)
    at transformSync (C:\mahaa\node_modules\@expo\metro-config\build\transformSync.js:54:16)
    at Object.transform (C:\mahaa\node_modules\@expo\metro-config\build\babel-transformer.js:146:58)
    at transformJSWithBabel (C:\mahaa\node_modules\@expo\metro-config\build\transform-worker\metro-transform-worker.js:495:47)
    at Object.transform (C:\mahaa\node_modules\@expo\metro-config\build\transform-worker\metro-transform-worker.js:614:12)
    at Object.transform (C:\mahaa\node_modules\@expo\metro-config\build\transform-worker\transform-worker.js:179:19)
    at transformFile (C:\mahaa\node_modules\metro\src\DeltaBundler\Worker.flow.js:67:36)
    at Object.transform (C:\mahaa\node_modules\metro\src\DeltaBundler\Worker.flow.js:42:10)
    at execFunction (C:\mahaa\node_modules\jest-worker\build\workers\threadChild.js:167:17)
    at execHelper (C:\mahaa\node_modules\jest-worker\build\workers\threadChild.js:155:5)
Web  ERROR  [TransformError: SyntaxError: C:\mahaa\src\features\profile\profileStyles.ts: Unexpected token (365:0)

  363 | });
  364 |
> 365 | });
      | ^
  366 |
  367 |]
 ERROR  SyntaxError: C:\mahaa\src\features\profile\profileStyles.ts: Unexpected token (365:0)

  363 | });
  364 |
> 365 | });
      | ^
  366 |
  367 |
    at constructor (C:\mahaa\node_modules\@babel\parser\lib\index.js:369:19)
    at TypeScriptParserMixin.raise (C:\mahaa\node_modules\@babel\parser\lib\index.js:6622:19)
    at TypeScriptParserMixin.unexpected (C:\mahaa\node_modules\@babel\parser\lib\index.js:6642:16)
    at TypeScriptParserMixin.parseExprAtom (C:\mahaa\node_modules\@babel\parser\lib\index.js:11473:22)
    at TypeScriptParserMixin.parseExprSubscripts (C:\mahaa\node_modules\@babel\parser\lib\index.js:11107:23)
    at TypeScriptParserMixin.parseUpdate (C:\mahaa\node_modules\@babel\parser\lib\index.js:11092:21)
    at TypeScriptParserMixin.parseMaybeUnary (C:\mahaa\node_modules\@babel\parser\lib\index.js:11072:23)
    at TypeScriptParserMixin.parseMaybeUnary (C:\mahaa\node_modules\@babel\parser\lib\index.js:9860:18)
    at TypeScriptParserMixin.parseMaybeUnaryOrPrivate (C:\mahaa\node_modules\@babel\parser\lib\index.js:10925:61)
    at TypeScriptParserMixin.parseExprOps (C:\mahaa\node_modules\@babel\parser\lib\index.js:10930:23)
    at TypeScriptParserMixin.parseMaybeConditional (C:\mahaa\node_modules\@babel\parser\lib\index.js:10907:23)
    at TypeScriptParserMixin.parseMaybeAssign (C:\mahaa\node_modules\@babel\parser\lib\index.js:10857:21)
    at TypeScriptParserMixin.parseMaybeAssign (C:\mahaa\node_modules\@babel\parser\lib\index.js:9809:20)
    at TypeScriptParserMixin.parseExpressionBase (C:\mahaa\node_modules\@babel\parser\lib\index.js:10810:23)
    at C:\mahaa\node_modules\@babel\parser\lib\index.js:10806:39
    at TypeScriptParserMixin.allowInAnd (C:\mahaa\node_modules\@babel\parser\lib\index.js:12455:16)
    at TypeScriptParserMixin.parseExpression (C:\mahaa\node_modules\@babel\parser\lib\index.js:10806:17)
    at TypeScriptParserMixin.parseStatementContent (C:\mahaa\node_modules\@babel\parser\lib\index.js:12929:23)
    at TypeScriptParserMixin.parseStatementContent (C:\mahaa\node_modules\@babel\parser\lib\index.js:9531:18)
    at TypeScriptParserMixin.parseStatementLike (C:\mahaa\node_modules\@babel\parser\lib\index.js:12801:17)
    at TypeScriptParserMixin.parseModuleItem (C:\mahaa\node_modules\@babel\parser\lib\index.js:12778:17)
    at TypeScriptParserMixin.parseBlockOrModuleBlockBody (C:\mahaa\node_modules\@babel\parser\lib\index.js:13350:36)
    at TypeScriptParserMixin.parseBlockBody (C:\mahaa\node_modules\@babel\parser\lib\index.js:13343:10)
    at TypeScriptParserMixin.parseProgram (C:\mahaa\node_modules\@babel\parser\lib\index.js:12656:10)
    at TypeScriptParserMixin.parseTopLevel (C:\mahaa\node_modules\@babel\parser\lib\index.js:12646:25)
    at TypeScriptParserMixin.parse (C:\mahaa\node_modules\@babel\parser\lib\index.js:14522:25)
    at TypeScriptParserMixin.parse (C:\mahaa\node_modules\@babel\parser\lib\index.js:10149:18)
    at parse (C:\mahaa\node_modules\@babel\parser\lib\index.js:14535:26)
    at parser (C:\mahaa\node_modules\@babel\core\lib\parser\index.js:41:34)
    at parser.next (<anonymous>)
    at normalizeFile (C:\mahaa\node_modules\@babel\core\lib\transformation\normalize-file.js:51:37)
    at normalizeFile.next (<anonymous>)
    at run (C:\mahaa\node_modules\@babel\core\lib\transformation\index.js:22:50)
    at run.next (<anonymous>)
    at transform (C:\mahaa\node_modules\@babel\core\lib\transform.js:22:33)
    at transform.next (<anonymous>)
    at evaluateSync (C:\mahaa\node_modules\gensync\index.js:251:28)
    at sync (C:\mahaa\node_modules\gensync\index.js:89:14)
    at stopHiding - secret - don't use this - v1 (C:\mahaa\node_modules\@babel\core\lib\errors\rewrite-stack-trace.js:47:12)
    at Object.transformSync (C:\mahaa\node_modules\@babel\core\lib\transform.js:40:76)
    at parseWithBabel (C:\mahaa\node_modules\@expo\metro-config\build\transformSync.js:75:18)
    at transformSync (C:\mahaa\node_modules\@expo\metro-config\build\transformSync.js:54:16)
    at Object.transform (C:\mahaa\node_modules\@expo\metro-config\build\babel-transformer.js:146:58)
    at transformJSWithBabel (C:\mahaa\node_modules\@expo\metro-config\build\transform-worker\metro-transform-worker.js:495:47)
    at Object.transform (C:\mahaa\node_modules\@expo\metro-config\build\transform-worker\metro-transform-worker.js:614:12)
    at Object.transform (C:\mahaa\node_modules\@expo\metro-config\build\transform-worker\transform-worker.js:179:19)
    at transformFile (C:\mahaa\node_modules\metro\src\DeltaBundler\Worker.flow.js:67:36)
    at Object.transform (C:\mahaa\node_modules\metro\src\DeltaBundler\Worker.flow.js:42:10)
    at execFunction (C:\mahaa\node_modules\jest-worker\build\workers\threadChild.js:167:17)
    at execHelper (C:\mahaa\node_modules\jest-worker\build\workers\threadChild.js:155:5)
Web  ERROR  [TransformError: SyntaxError: C:\mahaa\src\features\profile\profileStyles.ts: Unexpected token (365:0)

  363 | });
  364 |
> 365 | });
      | ^
  366 |
  367 |]
 ERROR  SyntaxError: C:\mahaa\src\features\profile\profileStyles.ts: Unexpected token (365:0)

  363 | });
  364 |
> 365 | });
      | ^
  366 |
  367 |
    at constructor (C:\mahaa\node_modules\@babel\parser\lib\index.js:369:19)
    at TypeScriptParserMixin.raise (C:\mahaa\node_modules\@babel\parser\lib\index.js:6622:19)
    at TypeScriptParserMixin.unexpected (C:\mahaa\node_modules\@babel\parser\lib\index.js:6642:16)
    at TypeScriptParserMixin.parseExprAtom (C:\mahaa\node_modules\@babel\parser\lib\index.js:11473:22)
    at TypeScriptParserMixin.parseExprSubscripts (C:\mahaa\node_modules\@babel\parser\lib\index.js:11107:23)
    at TypeScriptParserMixin.parseUpdate (C:\mahaa\node_modules\@babel\parser\lib\index.js:11092:21)
    at TypeScriptParserMixin.parseMaybeUnary (C:\mahaa\node_modules\@babel\parser\lib\index.js:11072:23)
    at TypeScriptParserMixin.parseMaybeUnary (C:\mahaa\node_modules\@babel\parser\lib\index.js:9860:18)
    at TypeScriptParserMixin.parseMaybeUnaryOrPrivate (C:\mahaa\node_modules\@babel\parser\lib\index.js:10925:61)
    at TypeScriptParserMixin.parseExprOps (C:\mahaa\node_modules\@babel\parser\lib\index.js:10930:23)
    at TypeScriptParserMixin.parseMaybeConditional (C:\mahaa\node_modules\@babel\parser\lib\index.js:10907:23)
    at TypeScriptParserMixin.parseMaybeAssign (C:\mahaa\node_modules\@babel\parser\lib\index.js:10857:21)
    at TypeScriptParserMixin.parseMaybeAssign (C:\mahaa\node_modules\@babel\parser\lib\index.js:9809:20)
    at TypeScriptParserMixin.parseExpressionBase (C:\mahaa\node_modules\@babel\parser\lib\index.js:10810:23)
    at C:\mahaa\node_modules\@babel\parser\lib\index.js:10806:39
    at TypeScriptParserMixin.allowInAnd (C:\mahaa\node_modules\@babel\parser\lib\index.js:12455:16)
    at TypeScriptParserMixin.parseExpression (C:\mahaa\node_modules\@babel\parser\lib\index.js:10806:17)
    at TypeScriptParserMixin.parseStatementContent (C:\mahaa\node_modules\@babel\parser\lib\index.js:12929:23)
    at TypeScriptParserMixin.parseStatementContent (C:\mahaa\node_modules\@babel\parser\lib\index.js:9531:18)
    at TypeScriptParserMixin.parseStatementLike (C:\mahaa\node_modules\@babel\parser\lib\index.js:12801:17)
    at TypeScriptParserMixin.parseModuleItem (C:\mahaa\node_modules\@babel\parser\lib\index.js:12778:17)
    at TypeScriptParserMixin.parseBlockOrModuleBlockBody (C:\mahaa\node_modules\@babel\parser\lib\index.js:13350:36)
    at TypeScriptParserMixin.parseBlockBody (C:\mahaa\node_modules\@babel\parser\lib\index.js:13343:10)
    at TypeScriptParserMixin.parseProgram (C:\mahaa\node_modules\@babel\parser\lib\index.js:12656:10)
    at TypeScriptParserMixin.parseTopLevel (C:\mahaa\node_modules\@babel\parser\lib\index.js:12646:25)
    at TypeScriptParserMixin.parse (C:\mahaa\node_modules\@babel\parser\lib\index.js:14522:25)
    at TypeScriptParserMixin.parse (C:\mahaa\node_modules\@babel\parser\lib\index.js:10149:18)
    at parse (C:\mahaa\node_modules\@babel\parser\lib\index.js:14535:26)
    at parser (C:\mahaa\node_modules\@babel\core\lib\parser\index.js:41:34)
    at parser.next (<anonymous>)
    at normalizeFile (C:\mahaa\node_modules\@babel\core\lib\transformation\normalize-file.js:51:37)
    at normalizeFile.next (<anonymous>)
    at run (C:\mahaa\node_modules\@babel\core\lib\transformation\index.js:22:50)
    at run.next (<anonymous>)
    at transform (C:\mahaa\node_modules\@babel\core\lib\transform.js:22:33)
    at transform.next (<anonymous>)
    at evaluateSync (C:\mahaa\node_modules\gensync\index.js:251:28)
    at sync (C:\mahaa\node_modules\gensync\index.js:89:14)
    at stopHiding - secret - don't use this - v1 (C:\mahaa\node_modules\@babel\core\lib\errors\rewrite-stack-trace.js:47:12)
    at Object.transformSync (C:\mahaa\node_modules\@babel\core\lib\transform.js:40:76)
    at parseWithBabel (C:\mahaa\node_modules\@expo\metro-config\build\transformSync.js:75:18)
    at transformSync (C:\mahaa\node_modules\@expo\metro-config\build\transformSync.js:54:16)
    at Object.transform (C:\mahaa\node_modules\@expo\metro-config\build\babel-transformer.js:146:58)
    at transformJSWithBabel (C:\mahaa\node_modules\@expo\metro-config\build\transform-worker\metro-transform-worker.js:495:47)
    at Object.transform (C:\mahaa\node_modules\@expo\metro-config\build\transform-worker\metro-transform-worker.js:614:12)
    at Object.transform (C:\mahaa\node_modules\@expo\metro-config\build\transform-worker\transform-worker.js:179:19)
    at transformFile (C:\mahaa\node_modules\metro\src\DeltaBundler\Worker.flow.js:67:36)
    at Object.transform (C:\mahaa\node_modules\metro\src\DeltaBundler\Worker.flow.js:42:10)
    at execFunction (C:\mahaa\node_modules\jest-worker\build\workers\threadChild.js:167:17)
    at execHelper (C:\mahaa\node_modules\jest-worker\build\workers\threadChild.js:155:5)
Web  ERROR  [TransformError: SyntaxError: C:\mahaa\src\features\profile\profileStyles.ts: Unexpected token (365:0)

  363 | });
  364 |
> 365 | });
      | ^
  366 |
  367 |]
 ERROR  SyntaxError: C:\mahaa\src\features\profile\profileStyles.ts: Unexpected token (365:0)

  363 | });
  364 |
> 365 | });
      | ^
  366 |
  367 |
    at constructor (C:\mahaa\node_modules\@babel\parser\lib\index.js:369:19)
    at TypeScriptParserMixin.raise (C:\mahaa\node_modules\@babel\parser\lib\index.js:6622:19)
    at TypeScriptParserMixin.unexpected (C:\mahaa\node_modules\@babel\parser\lib\index.js:6642:16)
    at TypeScriptParserMixin.parseExprAtom (C:\mahaa\node_modules\@babel\parser\lib\index.js:11473:22)
    at TypeScriptParserMixin.parseExprSubscripts (C:\mahaa\node_modules\@babel\parser\lib\index.js:11107:23)
    at TypeScriptParserMixin.parseUpdate (C:\mahaa\node_modules\@babel\parser\lib\index.js:11092:21)
    at TypeScriptParserMixin.parseMaybeUnary (C:\mahaa\node_modules\@babel\parser\lib\index.js:11072:23)
    at TypeScriptParserMixin.parseMaybeUnary (C:\mahaa\node_modules\@babel\parser\lib\index.js:9860:18)
    at TypeScriptParserMixin.parseMaybeUnaryOrPrivate (C:\mahaa\node_modules\@babel\parser\lib\index.js:10925:61)
    at TypeScriptParserMixin.parseExprOps (C:\mahaa\node_modules\@babel\parser\lib\index.js:10930:23)
    at TypeScriptParserMixin.parseMaybeConditional (C:\mahaa\node_modules\@babel\parser\lib\index.js:10907:23)
    at TypeScriptParserMixin.parseMaybeAssign (C:\mahaa\node_modules\@babel\parser\lib\index.js:10857:21)
    at TypeScriptParserMixin.parseMaybeAssign (C:\mahaa\node_modules\@babel\parser\lib\index.js:9809:20)
    at TypeScriptParserMixin.parseExpressionBase (C:\mahaa\node_modules\@babel\parser\lib\index.js:10810:23)
    at C:\mahaa\node_modules\@babel\parser\lib\index.js:10806:39
    at TypeScriptParserMixin.allowInAnd (C:\mahaa\node_modules\@babel\parser\lib\index.js:12455:16)
    at TypeScriptParserMixin.parseExpression (C:\mahaa\node_modules\@babel\parser\lib\index.js:10806:17)
    at TypeScriptParserMixin.parseStatementContent (C:\mahaa\node_modules\@babel\parser\lib\index.js:12929:23)
    at TypeScriptParserMixin.parseStatementContent (C:\mahaa\node_modules\@babel\parser\lib\index.js:9531:18)
    at TypeScriptParserMixin.parseStatementLike (C:\mahaa\node_modules\@babel\parser\lib\index.js:12801:17)
    at TypeScriptParserMixin.parseModuleItem (C:\mahaa\node_modules\@babel\parser\lib\index.js:12778:17)
    at TypeScriptParserMixin.parseBlockOrModuleBlockBody (C:\mahaa\node_modules\@babel\parser\lib\index.js:13350:36)
    at TypeScriptParserMixin.parseBlockBody (C:\mahaa\node_modules\@babel\parser\lib\index.js:13343:10)
    at TypeScriptParserMixin.parseProgram (C:\mahaa\node_modules\@babel\parser\lib\index.js:12656:10)
    at TypeScriptParserMixin.parseTopLevel (C:\mahaa\node_modules\@babel\parser\lib\index.js:12646:25)
    at TypeScriptParserMixin.parse (C:\mahaa\node_modules\@babel\parser\lib\index.js:14522:25)
    at TypeScriptParserMixin.parse (C:\mahaa\node_modules\@babel\parser\lib\index.js:10149:18)
    at parse (C:\mahaa\node_modules\@babel\parser\lib\index.js:14535:26)
    at parser (C:\mahaa\node_modules\@babel\core\lib\parser\index.js:41:34)
    at parser.next (<anonymous>)
    at normalizeFile (C:\mahaa\node_modules\@babel\core\lib\transformation\normalize-file.js:51:37)
    at normalizeFile.next (<anonymous>)
    at run (C:\mahaa\node_modules\@babel\core\lib\transformation\index.js:22:50)
    at run.next (<anonymous>)
    at transform (C:\mahaa\node_modules\@babel\core\lib\transform.js:22:33)
    at transform.next (<anonymous>)
    at evaluateSync (C:\mahaa\node_modules\gensync\index.js:251:28)
    at sync (C:\mahaa\node_modules\gensync\index.js:89:14)
    at stopHiding - secret - don't use this - v1 (C:\mahaa\node_modules\@babel\core\lib\errors\rewrite-stack-trace.js:47:12)
    at Object.transformSync (C:\mahaa\node_modules\@babel\core\lib\transform.js:40:76)
    at parseWithBabel (C:\mahaa\node_modules\@expo\metro-config\build\transformSync.js:75:18)
    at transformSync (C:\mahaa\node_modules\@expo\metro-config\build\transformSync.js:54:16)
    at Object.transform (C:\mahaa\node_modules\@expo\metro-config\build\babel-transformer.js:146:58)
    at transformJSWithBabel (C:\mahaa\node_modules\@expo\metro-config\build\transform-worker\metro-transform-worker.js:495:47)
    at Object.transform (C:\mahaa\node_modules\@expo\metro-config\build\transform-worker\metro-transform-worker.js:614:12)
    at Object.transform (C:\mahaa\node_modules\@expo\metro-config\build\transform-worker\transform-worker.js:179:19)
    at transformFile (C:\mahaa\node_modules\metro\src\DeltaBundler\Worker.flow.js:67:36)
    at Object.transform (C:\mahaa\node_modules\metro\src\DeltaBundler\Worker.flow.js:42:10)
    at execFunction (C:\mahaa\node_modules\jest-worker\build\workers\threadChild.js:167:17)
    at execHelper (C:\mahaa\node_modules\jest-worker\build\workers\threadChild.js:155:5)
Web  ERROR  [TransformError: SyntaxError: C:\mahaa\src\features\profile\profileStyles.ts: Unexpected token (365:0)

  363 | });
  364 |
> 365 | });
      | ^
  366 |
  367 |]
 ERROR  SyntaxError: C:\mahaa\src\features\profile\profileStyles.ts: Unexpected token (365:0)

  363 | });
  364 |
> 365 | });
      | ^
  366 |
  367 |
    at constructor (C:\mahaa\node_modules\@babel\parser\lib\index.js:369:19)
    at TypeScriptParserMixin.raise (C:\mahaa\node_modules\@babel\parser\lib\index.js:6622:19)
    at TypeScriptParserMixin.unexpected (C:\mahaa\node_modules\@babel\parser\lib\index.js:6642:16)
    at TypeScriptParserMixin.parseExprAtom (C:\mahaa\node_modules\@babel\parser\lib\index.js:11473:22)
    at TypeScriptParserMixin.parseExprSubscripts (C:\mahaa\node_modules\@babel\parser\lib\index.js:11107:23)
    at TypeScriptParserMixin.parseUpdate (C:\mahaa\node_modules\@babel\parser\lib\index.js:11092:21)
    at TypeScriptParserMixin.parseMaybeUnary (C:\mahaa\node_modules\@babel\parser\lib\index.js:11072:23)
    at TypeScriptParserMixin.parseMaybeUnary (C:\mahaa\node_modules\@babel\parser\lib\index.js:9860:18)
    at TypeScriptParserMixin.parseMaybeUnaryOrPrivate (C:\mahaa\node_modules\@babel\parser\lib\index.js:10925:61)
    at TypeScriptParserMixin.parseExprOps (C:\mahaa\node_modules\@babel\parser\lib\index.js:10930:23)
    at TypeScriptParserMixin.parseMaybeConditional (C:\mahaa\node_modules\@babel\parser\lib\index.js:10907:23)
    at TypeScriptParserMixin.parseMaybeAssign (C:\mahaa\node_modules\@babel\parser\lib\index.js:10857:21)
    at TypeScriptParserMixin.parseMaybeAssign (C:\mahaa\node_modules\@babel\parser\lib\index.js:9809:20)
    at TypeScriptParserMixin.parseExpressionBase (C:\mahaa\node_modules\@babel\parser\lib\index.js:10810:23)
    at C:\mahaa\node_modules\@babel\parser\lib\index.js:10806:39
    at TypeScriptParserMixin.allowInAnd (C:\mahaa\node_modules\@babel\parser\lib\index.js:12455:16)
    at TypeScriptParserMixin.parseExpression (C:\mahaa\node_modules\@babel\parser\lib\index.js:10806:17)
    at TypeScriptParserMixin.parseStatementContent (C:\mahaa\node_modules\@babel\parser\lib\index.js:12929:23)
    at TypeScriptParserMixin.parseStatementContent (C:\mahaa\node_modules\@babel\parser\lib\index.js:9531:18)
    at TypeScriptParserMixin.parseStatementLike (C:\mahaa\node_modules\@babel\parser\lib\index.js:12801:17)
    at TypeScriptParserMixin.parseModuleItem (C:\mahaa\node_modules\@babel\parser\lib\index.js:12778:17)
    at TypeScriptParserMixin.parseBlockOrModuleBlockBody (C:\mahaa\node_modules\@babel\parser\lib\index.js:13350:36)
    at TypeScriptParserMixin.parseBlockBody (C:\mahaa\node_modules\@babel\parser\lib\index.js:13343:10)
    at TypeScriptParserMixin.parseProgram (C:\mahaa\node_modules\@babel\parser\lib\index.js:12656:10)
    at TypeScriptParserMixin.parseTopLevel (C:\mahaa\node_modules\@babel\parser\lib\index.js:12646:25)
    at TypeScriptParserMixin.parse (C:\mahaa\node_modules\@babel\parser\lib\index.js:14522:25)
    at TypeScriptParserMixin.parse (C:\mahaa\node_modules\@babel\parser\lib\index.js:10149:18)
    at parse (C:\mahaa\node_modules\@babel\parser\lib\index.js:14535:26)
    at parser (C:\mahaa\node_modules\@babel\core\lib\parser\index.js:41:34)
    at parser.next (<anonymous>)
    at normalizeFile (C:\mahaa\node_modules\@babel\core\lib\transformation\normalize-file.js:51:37)
    at normalizeFile.next (<anonymous>)
    at run (C:\mahaa\node_modules\@babel\core\lib\transformation\index.js:22:50)
    at run.next (<anonymous>)
    at transform (C:\mahaa\node_modules\@babel\core\lib\transform.js:22:33)
    at transform.next (<anonymous>)
    at evaluateSync (C:\mahaa\node_modules\gensync\index.js:251:28)
    at sync (C:\mahaa\node_modules\gensync\index.js:89:14)
    at stopHiding - secret - don't use this - v1 (C:\mahaa\node_modules\@babel\core\lib\errors\rewrite-stack-trace.js:47:12)
    at Object.transformSync (C:\mahaa\node_modules\@babel\core\lib\transform.js:40:76)
    at parseWithBabel (C:\mahaa\node_modules\@expo\metro-config\build\transformSync.js:75:18)
    at transformSync (C:\mahaa\node_modules\@expo\metro-config\build\transformSync.js:54:16)
    at Object.transform (C:\mahaa\node_modules\@expo\metro-config\build\babel-transformer.js:146:58)
    at transformJSWithBabel (C:\mahaa\node_modules\@expo\metro-config\build\transform-worker\metro-transform-worker.js:495:47)
    at Object.transform (C:\mahaa\node_modules\@expo\metro-config\build\transform-worker\metro-transform-worker.js:614:12)
    at Object.transform (C:\mahaa\node_modules\@expo\metro-config\build\transform-worker\transform-worker.js:179:19)
    at transformFile (C:\mahaa\node_modules\metro\src\DeltaBundler\Worker.flow.js:67:36)
    at Object.transform (C:\mahaa\node_modules\metro\src\DeltaBundler\Worker.flow.js:42:10)
    at execFunction (C:\mahaa\node_modules\jest-worker\build\workers\threadChild.js:167:17)
    at execHelper (C:\mahaa\node_modules\jest-worker\build\workers\threadChild.js:155:5)
Web  ERROR  [TransformError: SyntaxError: C:\mahaa\src\features\profile\profileStyles.ts: Unexpected token (365:0)

  363 | });
  364 |
> 365 | });
      | ^
  366 |
  367 |]
 ERROR  SyntaxError: C:\mahaa\src\features\profile\profileStyles.ts: Unexpected token (365:0)

  363 | });
  364 |
> 365 | });
      | ^
  366 |
  367 |
    at constructor (C:\mahaa\node_modules\@babel\parser\lib\index.js:369:19)
    at TypeScriptParserMixin.raise (C:\mahaa\node_modules\@babel\parser\lib\index.js:6622:19)
    at TypeScriptParserMixin.unexpected (C:\mahaa\node_modules\@babel\parser\lib\index.js:6642:16)
    at TypeScriptParserMixin.parseExprAtom (C:\mahaa\node_modules\@babel\parser\lib\index.js:11473:22)
    at TypeScriptParserMixin.parseExprSubscripts (C:\mahaa\node_modules\@babel\parser\lib\index.js:11107:23)
    at TypeScriptParserMixin.parseUpdate (C:\mahaa\node_modules\@babel\parser\lib\index.js:11092:21)
    at TypeScriptParserMixin.parseMaybeUnary (C:\mahaa\node_modules\@babel\parser\lib\index.js:11072:23)
    at TypeScriptParserMixin.parseMaybeUnary (C:\mahaa\node_modules\@babel\parser\lib\index.js:9860:18)
    at TypeScriptParserMixin.parseMaybeUnaryOrPrivate (C:\mahaa\node_modules\@babel\parser\lib\index.js:10925:61)
    at TypeScriptParserMixin.parseExprOps (C:\mahaa\node_modules\@babel\parser\lib\index.js:10930:23)
    at TypeScriptParserMixin.parseMaybeConditional (C:\mahaa\node_modules\@babel\parser\lib\index.js:10907:23)
    at TypeScriptParserMixin.parseMaybeAssign (C:\mahaa\node_modules\@babel\parser\lib\index.js:10857:21)
    at TypeScriptParserMixin.parseMaybeAssign (C:\mahaa\node_modules\@babel\parser\lib\index.js:9809:20)
    at TypeScriptParserMixin.parseExpressionBase (C:\mahaa\node_modules\@babel\parser\lib\index.js:10810:23)
    at C:\mahaa\node_modules\@babel\parser\lib\index.js:10806:39
    at TypeScriptParserMixin.allowInAnd (C:\mahaa\node_modules\@babel\parser\lib\index.js:12455:16)
    at TypeScriptParserMixin.parseExpression (C:\mahaa\node_modules\@babel\parser\lib\index.js:10806:17)
    at TypeScriptParserMixin.parseStatementContent (C:\mahaa\node_modules\@babel\parser\lib\index.js:12929:23)
    at TypeScriptParserMixin.parseStatementContent (C:\mahaa\node_modules\@babel\parser\lib\index.js:9531:18)
    at TypeScriptParserMixin.parseStatementLike (C:\mahaa\node_modules\@babel\parser\lib\index.js:12801:17)
    at TypeScriptParserMixin.parseModuleItem (C:\mahaa\node_modules\@babel\parser\lib\index.js:12778:17)
    at TypeScriptParserMixin.parseBlockOrModuleBlockBody (C:\mahaa\node_modules\@babel\parser\lib\index.js:13350:36)
    at TypeScriptParserMixin.parseBlockBody (C:\mahaa\node_modules\@babel\parser\lib\index.js:13343:10)
    at TypeScriptParserMixin.parseProgram (C:\mahaa\node_modules\@babel\parser\lib\index.js:12656:10)
    at TypeScriptParserMixin.parseTopLevel (C:\mahaa\node_modules\@babel\parser\lib\index.js:12646:25)
    at TypeScriptParserMixin.parse (C:\mahaa\node_modules\@babel\parser\lib\index.js:14522:25)
    at TypeScriptParserMixin.parse (C:\mahaa\node_modules\@babel\parser\lib\index.js:10149:18)
    at parse (C:\mahaa\node_modules\@babel\parser\lib\index.js:14535:26)
    at parser (C:\mahaa\node_modules\@babel\core\lib\parser\index.js:41:34)
    at parser.next (<anonymous>)
    at normalizeFile (C:\mahaa\node_modules\@babel\core\lib\transformation\normalize-file.js:51:37)
    at normalizeFile.next (<anonymous>)
    at run (C:\mahaa\node_modules\@babel\core\lib\transformation\index.js:22:50)
    at run.next (<anonymous>)
    at transform (C:\mahaa\node_modules\@babel\core\lib\transform.js:22:33)
    at transform.next (<anonymous>)
    at evaluateSync (C:\mahaa\node_modules\gensync\index.js:251:28)
    at sync (C:\mahaa\node_modules\gensync\index.js:89:14)
    at stopHiding - secret - don't use this - v1 (C:\mahaa\node_modules\@babel\core\lib\errors\rewrite-stack-trace.js:47:12)
    at Object.transformSync (C:\mahaa\node_modules\@babel\core\lib\transform.js:40:76)
    at parseWithBabel (C:\mahaa\node_modules\@expo\metro-config\build\transformSync.js:75:18)
    at transformSync (C:\mahaa\node_modules\@expo\metro-config\build\transformSync.js:54:16)
    at Object.transform (C:\mahaa\node_modules\@expo\metro-config\build\babel-transformer.js:146:58)
    at transformJSWithBabel (C:\mahaa\node_modules\@expo\metro-config\build\transform-worker\metro-transform-worker.js:495:47)
    at Object.transform (C:\mahaa\node_modules\@expo\metro-config\build\transform-worker\metro-transform-worker.js:614:12)
    at Object.transform (C:\mahaa\node_modules\@expo\metro-config\build\transform-worker\transform-worker.js:179:19)
    at transformFile (C:\mahaa\node_modules\metro\src\DeltaBundler\Worker.flow.js:67:36)
    at Object.transform (C:\mahaa\node_modules\metro\src\DeltaBundler\Worker.flow.js:42:10)
    at execFunction (C:\mahaa\node_modules\jest-worker\build\workers\threadChild.js:167:17)
    at execHelper (C:\mahaa\node_modules\jest-worker\build\workers\threadChild.js:155:5)
Web  ERROR  [TransformError: SyntaxError: C:\mahaa\src\features\profile\profileStyles.ts: Unexpected token (365:0)

  363 | });
  364 |
> 365 | });
      | ^
  366 |
  367 |]
 ERROR  SyntaxError: C:\mahaa\src\features\profile\profileStyles.ts: Unexpected token (365:0)

  363 | });
  364 |
> 365 | });
      | ^
  366 |
  367 |
    at constructor (C:\mahaa\node_modules\@babel\parser\lib\index.js:369:19)
    at TypeScriptParserMixin.raise (C:\mahaa\node_modules\@babel\parser\lib\index.js:6622:19)
    at TypeScriptParserMixin.unexpected (C:\mahaa\node_modules\@babel\parser\lib\index.js:6642:16)
    at TypeScriptParserMixin.parseExprAtom (C:\mahaa\node_modules\@babel\parser\lib\index.js:11473:22)
    at TypeScriptParserMixin.parseExprSubscripts (C:\mahaa\node_modules\@babel\parser\lib\index.js:11107:23)
    at TypeScriptParserMixin.parseUpdate (C:\mahaa\node_modules\@babel\parser\lib\index.js:11092:21)
    at TypeScriptParserMixin.parseMaybeUnary (C:\mahaa\node_modules\@babel\parser\lib\index.js:11072:23)
    at TypeScriptParserMixin.parseMaybeUnary (C:\mahaa\node_modules\@babel\parser\lib\index.js:9860:18)
    at TypeScriptParserMixin.parseMaybeUnaryOrPrivate (C:\mahaa\node_modules\@babel\parser\lib\index.js:10925:61)
    at TypeScriptParserMixin.parseExprOps (C:\mahaa\node_modules\@babel\parser\lib\index.js:10930:23)
    at TypeScriptParserMixin.parseMaybeConditional (C:\mahaa\node_modules\@babel\parser\lib\index.js:10907:23)
    at TypeScriptParserMixin.parseMaybeAssign (C:\mahaa\node_modules\@babel\parser\lib\index.js:10857:21)
    at TypeScriptParserMixin.parseMaybeAssign (C:\mahaa\node_modules\@babel\parser\lib\index.js:9809:20)
    at TypeScriptParserMixin.parseExpressionBase (C:\mahaa\node_modules\@babel\parser\lib\index.js:10810:23)
    at C:\mahaa\node_modules\@babel\parser\lib\index.js:10806:39
    at TypeScriptParserMixin.allowInAnd (C:\mahaa\node_modules\@babel\parser\lib\index.js:12455:16)
    at TypeScriptParserMixin.parseExpression (C:\mahaa\node_modules\@babel\parser\lib\index.js:10806:17)
    at TypeScriptParserMixin.parseStatementContent (C:\mahaa\node_modules\@babel\parser\lib\index.js:12929:23)
    at TypeScriptParserMixin.parseStatementContent (C:\mahaa\node_modules\@babel\parser\lib\index.js:9531:18)
    at TypeScriptParserMixin.parseStatementLike (C:\mahaa\node_modules\@babel\parser\lib\index.js:12801:17)
    at TypeScriptParserMixin.parseModuleItem (C:\mahaa\node_modules\@babel\parser\lib\index.js:12778:17)
    at TypeScriptParserMixin.parseBlockOrModuleBlockBody (C:\mahaa\node_modules\@babel\parser\lib\index.js:13350:36)
    at TypeScriptParserMixin.parseBlockBody (C:\mahaa\node_modules\@babel\parser\lib\index.js:13343:10)
    at TypeScriptParserMixin.parseProgram (C:\mahaa\node_modules\@babel\parser\lib\index.js:12656:10)
    at TypeScriptParserMixin.parseTopLevel (C:\mahaa\node_modules\@babel\parser\lib\index.js:12646:25)
    at TypeScriptParserMixin.parse (C:\mahaa\node_modules\@babel\parser\lib\index.js:14522:25)
    at TypeScriptParserMixin.parse (C:\mahaa\node_modules\@babel\parser\lib\index.js:10149:18)
    at parse (C:\mahaa\node_modules\@babel\parser\lib\index.js:14535:26)
    at parser (C:\mahaa\node_modules\@babel\core\lib\parser\index.js:41:34)
    at parser.next (<anonymous>)
    at normalizeFile (C:\mahaa\node_modules\@babel\core\lib\transformation\normalize-file.js:51:37)
    at normalizeFile.next (<anonymous>)
    at run (C:\mahaa\node_modules\@babel\core\lib\transformation\index.js:22:50)
    at run.next (<anonymous>)
    at transform (C:\mahaa\node_modules\@babel\core\lib\transform.js:22:33)
    at transform.next (<anonymous>)
    at evaluateSync (C:\mahaa\node_modules\gensync\index.js:251:28)
    at sync (C:\mahaa\node_modules\gensync\index.js:89:14)
    at stopHiding - secret - don't use this - v1 (C:\mahaa\node_modules\@babel\core\lib\errors\rewrite-stack-trace.js:47:12)
    at Object.transformSync (C:\mahaa\node_modules\@babel\core\lib\transform.js:40:76)
    at parseWithBabel (C:\mahaa\node_modules\@expo\metro-config\build\transformSync.js:75:18)
    at transformSync (C:\mahaa\node_modules\@expo\metro-config\build\transformSync.js:54:16)
    at Object.transform (C:\mahaa\node_modules\@expo\metro-config\build\babel-transformer.js:146:58)
    at transformJSWithBabel (C:\mahaa\node_modules\@expo\metro-config\build\transform-worker\metro-transform-worker.js:495:47)
    at Object.transform (C:\mahaa\node_modules\@expo\metro-config\build\transform-worker\metro-transform-worker.js:614:12)
    at Object.transform (C:\mahaa\node_modules\@expo\metro-config\build\transform-worker\transform-worker.js:179:19)
    at transformFile (C:\mahaa\node_modules\metro\src\DeltaBundler\Worker.flow.js:67:36)
    at Object.transform (C:\mahaa\node_modules\metro\src\DeltaBundler\Worker.flow.js:42:10)
    at execFunction (C:\mahaa\node_modules\jest-worker\build\workers\threadChild.js:167:17)
    at execHelper (C:\mahaa\node_modules\jest-worker\build\workers\threadChild.js:155:5)
Web  ERROR  [TransformError: SyntaxError: C:\mahaa\src\features\profile\profileStyles.ts: Unexpected token (365:0)

  363 | });
  364 |
> 365 | });
      | ^
  366 |
  367 |]
 ERROR  SyntaxError: C:\mahaa\src\features\profile\profileStyles.ts: Unexpected token (365:0)

  363 | });
  364 |
> 365 | });
      | ^
  366 |
  367 |
    at constructor (C:\mahaa\node_modules\@babel\parser\lib\index.js:369:19)
    at TypeScriptParserMixin.raise (C:\mahaa\node_modules\@babel\parser\lib\index.js:6622:19)
    at TypeScriptParserMixin.unexpected (C:\mahaa\node_modules\@babel\parser\lib\index.js:6642:16)
    at TypeScriptParserMixin.parseExprAtom (C:\mahaa\node_modules\@babel\parser\lib\index.js:11473:22)
    at TypeScriptParserMixin.parseExprSubscripts (C:\mahaa\node_modules\@babel\parser\lib\index.js:11107:23)
    at TypeScriptParserMixin.parseUpdate (C:\mahaa\node_modules\@babel\parser\lib\index.js:11092:21)
    at TypeScriptParserMixin.parseMaybeUnary (C:\mahaa\node_modules\@babel\parser\lib\index.js:11072:23)
    at TypeScriptParserMixin.parseMaybeUnary (C:\mahaa\node_modules\@babel\parser\lib\index.js:9860:18)
    at TypeScriptParserMixin.parseMaybeUnaryOrPrivate (C:\mahaa\node_modules\@babel\parser\lib\index.js:10925:61)
    at TypeScriptParserMixin.parseExprOps (C:\mahaa\node_modules\@babel\parser\lib\index.js:10930:23)
    at TypeScriptParserMixin.parseMaybeConditional (C:\mahaa\node_modules\@babel\parser\lib\index.js:10907:23)
    at TypeScriptParserMixin.parseMaybeAssign (C:\mahaa\node_modules\@babel\parser\lib\index.js:10857:21)
    at TypeScriptParserMixin.parseMaybeAssign (C:\mahaa\node_modules\@babel\parser\lib\index.js:9809:20)
    at TypeScriptParserMixin.parseExpressionBase (C:\mahaa\node_modules\@babel\parser\lib\index.js:10810:23)
    at C:\mahaa\node_modules\@babel\parser\lib\index.js:10806:39
    at TypeScriptParserMixin.allowInAnd (C:\mahaa\node_modules\@babel\parser\lib\index.js:12455:16)
    at TypeScriptParserMixin.parseExpression (C:\mahaa\node_modules\@babel\parser\lib\index.js:10806:17)
    at TypeScriptParserMixin.parseStatementContent (C:\mahaa\node_modules\@babel\parser\lib\index.js:12929:23)
    at TypeScriptParserMixin.parseStatementContent (C:\mahaa\node_modules\@babel\parser\lib\index.js:9531:18)
    at TypeScriptParserMixin.parseStatementLike (C:\mahaa\node_modules\@babel\parser\lib\index.js:12801:17)
    at TypeScriptParserMixin.parseModuleItem (C:\mahaa\node_modules\@babel\parser\lib\index.js:12778:17)
    at TypeScriptParserMixin.parseBlockOrModuleBlockBody (C:\mahaa\node_modules\@babel\parser\lib\index.js:13350:36)
    at TypeScriptParserMixin.parseBlockBody (C:\mahaa\node_modules\@babel\parser\lib\index.js:13343:10)
    at TypeScriptParserMixin.parseProgram (C:\mahaa\node_modules\@babel\parser\lib\index.js:12656:10)
    at TypeScriptParserMixin.parseTopLevel (C:\mahaa\node_modules\@babel\parser\lib\index.js:12646:25)
    at TypeScriptParserMixin.parse (C:\mahaa\node_modules\@babel\parser\lib\index.js:14522:25)
    at TypeScriptParserMixin.parse (C:\mahaa\node_modules\@babel\parser\lib\index.js:10149:18)
    at parse (C:\mahaa\node_modules\@babel\parser\lib\index.js:14535:26)
    at parser (C:\mahaa\node_modules\@babel\core\lib\parser\index.js:41:34)
    at parser.next (<anonymous>)
    at normalizeFile (C:\mahaa\node_modules\@babel\core\lib\transformation\normalize-file.js:51:37)
    at normalizeFile.next (<anonymous>)
    at run (C:\mahaa\node_modules\@babel\core\lib\transformation\index.js:22:50)
    at run.next (<anonymous>)
    at transform (C:\mahaa\node_modules\@babel\core\lib\transform.js:22:33)
    at transform.next (<anonymous>)
    at evaluateSync (C:\mahaa\node_modules\gensync\index.js:251:28)
    at sync (C:\mahaa\node_modules\gensync\index.js:89:14)
    at stopHiding - secret - don't use this - v1 (C:\mahaa\node_modules\@babel\core\lib\errors\rewrite-stack-trace.js:47:12)
    at Object.transformSync (C:\mahaa\node_modules\@babel\core\lib\transform.js:40:76)
    at parseWithBabel (C:\mahaa\node_modules\@expo\metro-config\build\transformSync.js:75:18)
    at transformSync (C:\mahaa\node_modules\@expo\metro-config\build\transformSync.js:54:16)
    at Object.transform (C:\mahaa\node_modules\@expo\metro-config\build\babel-transformer.js:146:58)
    at transformJSWithBabel (C:\mahaa\node_modules\@expo\metro-config\build\transform-worker\metro-transform-worker.js:495:47)
    at Object.transform (C:\mahaa\node_modules\@expo\metro-config\build\transform-worker\metro-transform-worker.js:614:12)
    at Object.transform (C:\mahaa\node_modules\@expo\metro-config\build\transform-worker\transform-worker.js:179:19)
    at transformFile (C:\mahaa\node_modules\metro\src\DeltaBundler\Worker.flow.js:67:36)
    at Object.transform (C:\mahaa\node_modules\metro\src\DeltaBundler\Worker.flow.js:42:10)
    at execFunction (C:\mahaa\node_modules\jest-worker\build\workers\threadChild.js:167:17)
    at execHelper (C:\mahaa\node_modules\jest-worker\build\workers\threadChild.js:155:5)
Web  ERROR  [TransformError: SyntaxError: C:\mahaa\src\features\profile\profileStyles.ts: Unexpected token (365:0)

  363 | });
  364 |
> 365 | });
      | ^
  366 |
  367 |]
 ERROR  SyntaxError: C:\mahaa\src\features\profile\profileStyles.ts: Unexpected token (365:0)

  363 | });
  364 |
> 365 | });
      | ^
  366 |
  367 |
    at constructor (C:\mahaa\node_modules\@babel\parser\lib\index.js:369:19)
    at TypeScriptParserMixin.raise (C:\mahaa\node_modules\@babel\parser\lib\index.js:6622:19)
    at TypeScriptParserMixin.unexpected (C:\mahaa\node_modules\@babel\parser\lib\index.js:6642:16)
    at TypeScriptParserMixin.parseExprAtom (C:\mahaa\node_modules\@babel\parser\lib\index.js:11473:22)
    at TypeScriptParserMixin.parseExprSubscripts (C:\mahaa\node_modules\@babel\parser\lib\index.js:11107:23)
    at TypeScriptParserMixin.parseUpdate (C:\mahaa\node_modules\@babel\parser\lib\index.js:11092:21)
    at TypeScriptParserMixin.parseMaybeUnary (C:\mahaa\node_modules\@babel\parser\lib\index.js:11072:23)
    at TypeScriptParserMixin.parseMaybeUnary (C:\mahaa\node_modules\@babel\parser\lib\index.js:9860:18)
    at TypeScriptParserMixin.parseMaybeUnaryOrPrivate (C:\mahaa\node_modules\@babel\parser\lib\index.js:10925:61)
    at TypeScriptParserMixin.parseExprOps (C:\mahaa\node_modules\@babel\parser\lib\index.js:10930:23)
    at TypeScriptParserMixin.parseMaybeConditional (C:\mahaa\node_modules\@babel\parser\lib\index.js:10907:23)
    at TypeScriptParserMixin.parseMaybeAssign (C:\mahaa\node_modules\@babel\parser\lib\index.js:10857:21)
    at TypeScriptParserMixin.parseMaybeAssign (C:\mahaa\node_modules\@babel\parser\lib\index.js:9809:20)
    at TypeScriptParserMixin.parseExpressionBase (C:\mahaa\node_modules\@babel\parser\lib\index.js:10810:23)
    at C:\mahaa\node_modules\@babel\parser\lib\index.js:10806:39
    at TypeScriptParserMixin.allowInAnd (C:\mahaa\node_modules\@babel\parser\lib\index.js:12455:16)
    at TypeScriptParserMixin.parseExpression (C:\mahaa\node_modules\@babel\parser\lib\index.js:10806:17)
    at TypeScriptParserMixin.parseStatementContent (C:\mahaa\node_modules\@babel\parser\lib\index.js:12929:23)
    at TypeScriptParserMixin.parseStatementContent (C:\mahaa\node_modules\@babel\parser\lib\index.js:9531:18)
    at TypeScriptParserMixin.parseStatementLike (C:\mahaa\node_modules\@babel\parser\lib\index.js:12801:17)
    at TypeScriptParserMixin.parseModuleItem (C:\mahaa\node_modules\@babel\parser\lib\index.js:12778:17)
    at TypeScriptParserMixin.parseBlockOrModuleBlockBody (C:\mahaa\node_modules\@babel\parser\lib\index.js:13350:36)
    at TypeScriptParserMixin.parseBlockBody (C:\mahaa\node_modules\@babel\parser\lib\index.js:13343:10)
    at TypeScriptParserMixin.parseProgram (C:\mahaa\node_modules\@babel\parser\lib\index.js:12656:10)
    at TypeScriptParserMixin.parseTopLevel (C:\mahaa\node_modules\@babel\parser\lib\index.js:12646:25)
    at TypeScriptParserMixin.parse (C:\mahaa\node_modules\@babel\parser\lib\index.js:14522:25)
    at TypeScriptParserMixin.parse (C:\mahaa\node_modules\@babel\parser\lib\index.js:10149:18)
    at parse (C:\mahaa\node_modules\@babel\parser\lib\index.js:14535:26)
    at parser (C:\mahaa\node_modules\@babel\core\lib\parser\index.js:41:34)
    at parser.next (<anonymous>)
    at normalizeFile (C:\mahaa\node_modules\@babel\core\lib\transformation\normalize-file.js:51:37)
    at normalizeFile.next (<anonymous>)
    at run (C:\mahaa\node_modules\@babel\core\lib\transformation\index.js:22:50)
    at run.next (<anonymous>)
    at transform (C:\mahaa\node_modules\@babel\core\lib\transform.js:22:33)
    at transform.next (<anonymous>)
    at evaluateSync (C:\mahaa\node_modules\gensync\index.js:251:28)
    at sync (C:\mahaa\node_modules\gensync\index.js:89:14)
    at stopHiding - secret - don't use this - v1 (C:\mahaa\node_modules\@babel\core\lib\errors\rewrite-stack-trace.js:47:12)
    at Object.transformSync (C:\mahaa\node_modules\@babel\core\lib\transform.js:40:76)
    at parseWithBabel (C:\mahaa\node_modules\@expo\metro-config\build\transformSync.js:75:18)
    at transformSync (C:\mahaa\node_modules\@expo\metro-config\build\transformSync.js:54:16)
    at Object.transform (C:\mahaa\node_modules\@expo\metro-config\build\babel-transformer.js:146:58)
    at transformJSWithBabel (C:\mahaa\node_modules\@expo\metro-config\build\transform-worker\metro-transform-worker.js:495:47)
    at Object.transform (C:\mahaa\node_modules\@expo\metro-config\build\transform-worker\metro-transform-worker.js:614:12)
    at Object.transform (C:\mahaa\node_modules\@expo\metro-config\build\transform-worker\transform-worker.js:179:19)
    at transformFile (C:\mahaa\node_modules\metro\src\DeltaBundler\Worker.flow.js:67:36)
    at Object.transform (C:\mahaa\node_modules\metro\src\DeltaBundler\Worker.flow.js:42:10)
    at execFunction (C:\mahaa\node_modules\jest-worker\build\workers\threadChild.js:167:17)
    at execHelper (C:\mahaa\node_modules\jest-worker\build\workers\threadChild.js:155:5)
Web  ERROR  [TransformError: SyntaxError: C:\mahaa\src\features\profile\profileStyles.ts: Unexpected token (365:0)

  363 | });
  364 |
> 365 | });
      | ^
  366 |
  367 |]
 ERROR  SyntaxError: C:\mahaa\src\features\profile\profileStyles.ts: Unexpected token (365:0)

  363 | });
  364 |
> 365 | });
      | ^
  366 |
  367 |
    at constructor (C:\mahaa\node_modules\@babel\parser\lib\index.js:369:19)
    at TypeScriptParserMixin.raise (C:\mahaa\node_modules\@babel\parser\lib\index.js:6622:19)
    at TypeScriptParserMixin.unexpected (C:\mahaa\node_modules\@babel\parser\lib\index.js:6642:16)
    at TypeScriptParserMixin.parseExprAtom (C:\mahaa\node_modules\@babel\parser\lib\index.js:11473:22)
    at TypeScriptParserMixin.parseExprSubscripts (C:\mahaa\node_modules\@babel\parser\lib\index.js:11107:23)
    at TypeScriptParserMixin.parseUpdate (C:\mahaa\node_modules\@babel\parser\lib\index.js:11092:21)
    at TypeScriptParserMixin.parseMaybeUnary (C:\mahaa\node_modules\@babel\parser\lib\index.js:11072:23)
    at TypeScriptParserMixin.parseMaybeUnary (C:\mahaa\node_modules\@babel\parser\lib\index.js:9860:18)
    at TypeScriptParserMixin.parseMaybeUnaryOrPrivate (C:\mahaa\node_modules\@babel\parser\lib\index.js:10925:61)
    at TypeScriptParserMixin.parseExprOps (C:\mahaa\node_modules\@babel\parser\lib\index.js:10930:23)
    at TypeScriptParserMixin.parseMaybeConditional (C:\mahaa\node_modules\@babel\parser\lib\index.js:10907:23)
    at TypeScriptParserMixin.parseMaybeAssign (C:\mahaa\node_modules\@babel\parser\lib\index.js:10857:21)
    at TypeScriptParserMixin.parseMaybeAssign (C:\mahaa\node_modules\@babel\parser\lib\index.js:9809:20)
    at TypeScriptParserMixin.parseExpressionBase (C:\mahaa\node_modules\@babel\parser\lib\index.js:10810:23)
    at C:\mahaa\node_modules\@babel\parser\lib\index.js:10806:39
    at TypeScriptParserMixin.allowInAnd (C:\mahaa\node_modules\@babel\parser\lib\index.js:12455:16)
    at TypeScriptParserMixin.parseExpression (C:\mahaa\node_modules\@babel\parser\lib\index.js:10806:17)
    at TypeScriptParserMixin.parseStatementContent (C:\mahaa\node_modules\@babel\parser\lib\index.js:12929:23)
    at TypeScriptParserMixin.parseStatementContent (C:\mahaa\node_modules\@babel\parser\lib\index.js:9531:18)
    at TypeScriptParserMixin.parseStatementLike (C:\mahaa\node_modules\@babel\parser\lib\index.js:12801:17)
    at TypeScriptParserMixin.parseModuleItem (C:\mahaa\node_modules\@babel\parser\lib\index.js:12778:17)
    at TypeScriptParserMixin.parseBlockOrModuleBlockBody (C:\mahaa\node_modules\@babel\parser\lib\index.js:13350:36)
    at TypeScriptParserMixin.parseBlockBody (C:\mahaa\node_modules\@babel\parser\lib\index.js:13343:10)
    at TypeScriptParserMixin.parseProgram (C:\mahaa\node_modules\@babel\parser\lib\index.js:12656:10)
    at TypeScriptParserMixin.parseTopLevel (C:\mahaa\node_modules\@babel\parser\lib\index.js:12646:25)
    at TypeScriptParserMixin.parse (C:\mahaa\node_modules\@babel\parser\lib\index.js:14522:25)
    at TypeScriptParserMixin.parse (C:\mahaa\node_modules\@babel\parser\lib\index.js:10149:18)
    at parse (C:\mahaa\node_modules\@babel\parser\lib\index.js:14535:26)
    at parser (C:\mahaa\node_modules\@babel\core\lib\parser\index.js:41:34)
    at parser.next (<anonymous>)
    at normalizeFile (C:\mahaa\node_modules\@babel\core\lib\transformation\normalize-file.js:51:37)
    at normalizeFile.next (<anonymous>)
    at run (C:\mahaa\node_modules\@babel\core\lib\transformation\index.js:22:50)
    at run.next (<anonymous>)
    at transform (C:\mahaa\node_modules\@babel\core\lib\transform.js:22:33)
    at transform.next (<anonymous>)
    at evaluateSync (C:\mahaa\node_modules\gensync\index.js:251:28)
    at sync (C:\mahaa\node_modules\gensync\index.js:89:14)
    at stopHiding - secret - don't use this - v1 (C:\mahaa\node_modules\@babel\core\lib\errors\rewrite-stack-trace.js:47:12)
    at Object.transformSync (C:\mahaa\node_modules\@babel\core\lib\transform.js:40:76)
    at parseWithBabel (C:\mahaa\node_modules\@expo\metro-config\build\transformSync.js:75:18)
    at transformSync (C:\mahaa\node_modules\@expo\metro-config\build\transformSync.js:54:16)
    at Object.transform (C:\mahaa\node_modules\@expo\metro-config\build\babel-transformer.js:146:58)
    at transformJSWithBabel (C:\mahaa\node_modules\@expo\metro-config\build\transform-worker\metro-transform-worker.js:495:47)
    at Object.transform (C:\mahaa\node_modules\@expo\metro-config\build\transform-worker\metro-transform-worker.js:614:12)
    at Object.transform (C:\mahaa\node_modules\@expo\metro-config\build\transform-worker\transform-worker.js:179:19)
    at transformFile (C:\mahaa\node_modules\metro\src\DeltaBundler\Worker.flow.js:67:36)
    at Object.transform (C:\mahaa\node_modules\metro\src\DeltaBundler\Worker.flow.js:42:10)
    at execFunction (C:\mahaa\node_modules\jest-worker\build\workers\threadChild.js:167:17)
    at execHelper (C:\mahaa\node_modules\jest-worker\build\workers\threadChild.js:155:5)
Web  ERROR  [TransformError: SyntaxError: C:\mahaa\src\features\profile\profileStyles.ts: Unexpected token (365:0)

  363 | });
  364 |
> 365 | });
      | ^
  366 |
  367 |]
 ERROR  SyntaxError: C:\mahaa\src\features\profile\profileStyles.ts: Unexpected token (365:0)

  363 | });
  364 |
> 365 | });
      | ^
  366 |
  367 |
    at constructor (C:\mahaa\node_modules\@babel\parser\lib\index.js:369:19)
    at TypeScriptParserMixin.raise (C:\mahaa\node_modules\@babel\parser\lib\index.js:6622:19)
    at TypeScriptParserMixin.unexpected (C:\mahaa\node_modules\@babel\parser\lib\index.js:6642:16)
    at TypeScriptParserMixin.parseExprAtom (C:\mahaa\node_modules\@babel\parser\lib\index.js:11473:22)
    at TypeScriptParserMixin.parseExprSubscripts (C:\mahaa\node_modules\@babel\parser\lib\index.js:11107:23)
    at TypeScriptParserMixin.parseUpdate (C:\mahaa\node_modules\@babel\parser\lib\index.js:11092:21)
    at TypeScriptParserMixin.parseMaybeUnary (C:\mahaa\node_modules\@babel\parser\lib\index.js:11072:23)
    at TypeScriptParserMixin.parseMaybeUnary (C:\mahaa\node_modules\@babel\parser\lib\index.js:9860:18)
    at TypeScriptParserMixin.parseMaybeUnaryOrPrivate (C:\mahaa\node_modules\@babel\parser\lib\index.js:10925:61)
    at TypeScriptParserMixin.parseExprOps (C:\mahaa\node_modules\@babel\parser\lib\index.js:10930:23)
    at TypeScriptParserMixin.parseMaybeConditional (C:\mahaa\node_modules\@babel\parser\lib\index.js:10907:23)
    at TypeScriptParserMixin.parseMaybeAssign (C:\mahaa\node_modules\@babel\parser\lib\index.js:10857:21)
    at TypeScriptParserMixin.parseMaybeAssign (C:\mahaa\node_modules\@babel\parser\lib\index.js:9809:20)
    at TypeScriptParserMixin.parseExpressionBase (C:\mahaa\node_modules\@babel\parser\lib\index.js:10810:23)
    at C:\mahaa\node_modules\@babel\parser\lib\index.js:10806:39
    at TypeScriptParserMixin.allowInAnd (C:\mahaa\node_modules\@babel\parser\lib\index.js:12455:16)
    at TypeScriptParserMixin.parseExpression (C:\mahaa\node_modules\@babel\parser\lib\index.js:10806:17)
    at TypeScriptParserMixin.parseStatementContent (C:\mahaa\node_modules\@babel\parser\lib\index.js:12929:23)
    at TypeScriptParserMixin.parseStatementContent (C:\mahaa\node_modules\@babel\parser\lib\index.js:9531:18)
    at TypeScriptParserMixin.parseStatementLike (C:\mahaa\node_modules\@babel\parser\lib\index.js:12801:17)
    at TypeScriptParserMixin.parseModuleItem (C:\mahaa\node_modules\@babel\parser\lib\index.js:12778:17)
    at TypeScriptParserMixin.parseBlockOrModuleBlockBody (C:\mahaa\node_modules\@babel\parser\lib\index.js:13350:36)
    at TypeScriptParserMixin.parseBlockBody (C:\mahaa\node_modules\@babel\parser\lib\index.js:13343:10)
    at TypeScriptParserMixin.parseProgram (C:\mahaa\node_modules\@babel\parser\lib\index.js:12656:10)
    at TypeScriptParserMixin.parseTopLevel (C:\mahaa\node_modules\@babel\parser\lib\index.js:12646:25)
    at TypeScriptParserMixin.parse (C:\mahaa\node_modules\@babel\parser\lib\index.js:14522:25)
    at TypeScriptParserMixin.parse (C:\mahaa\node_modules\@babel\parser\lib\index.js:10149:18)
    at parse (C:\mahaa\node_modules\@babel\parser\lib\index.js:14535:26)
    at parser (C:\mahaa\node_modules\@babel\core\lib\parser\index.js:41:34)
    at parser.next (<anonymous>)
    at normalizeFile (C:\mahaa\node_modules\@babel\core\lib\transformation\normalize-file.js:51:37)
    at normalizeFile.next (<anonymous>)
    at run (C:\mahaa\node_modules\@babel\core\lib\transformation\index.js:22:50)
    at run.next (<anonymous>)
    at transform (C:\mahaa\node_modules\@babel\core\lib\transform.js:22:33)
    at transform.next (<anonymous>)
    at evaluateSync (C:\mahaa\node_modules\gensync\index.js:251:28)
    at sync (C:\mahaa\node_modules\gensync\index.js:89:14)
    at stopHiding - secret - don't use this - v1 (C:\mahaa\node_modules\@babel\core\lib\errors\rewrite-stack-trace.js:47:12)
    at Object.transformSync (C:\mahaa\node_modules\@babel\core\lib\transform.js:40:76)
    at parseWithBabel (C:\mahaa\node_modules\@expo\metro-config\build\transformSync.js:75:18)
    at transformSync (C:\mahaa\node_modules\@expo\metro-config\build\transformSync.js:54:16)
    at Object.transform (C:\mahaa\node_modules\@expo\metro-config\build\babel-transformer.js:146:58)
    at transformJSWithBabel (C:\mahaa\node_modules\@expo\metro-config\build\transform-worker\metro-transform-worker.js:495:47)
    at Object.transform (C:\mahaa\node_modules\@expo\metro-config\build\transform-worker\metro-transform-worker.js:614:12)
    at Object.transform (C:\mahaa\node_modules\@expo\metro-config\build\transform-worker\transform-worker.js:179:19)
    at transformFile (C:\mahaa\node_modules\metro\src\DeltaBundler\Worker.flow.js:67:36)
    at Object.transform (C:\mahaa\node_modules\metro\src\DeltaBundler\Worker.flow.js:42:10)
    at execFunction (C:\mahaa\node_modules\jest-worker\build\workers\threadChild.js:167:17)
    at execHelper (C:\mahaa\node_modules\jest-worker\build\workers\threadChild.js:155:5)
Web  ERROR  [TransformError: SyntaxError: C:\mahaa\src\features\profile\profileStyles.ts: Unexpected token (365:0)

  363 | });
  364 |
> 365 | });
      | ^
  366 |
  367 |]
 ERROR  SyntaxError: C:\mahaa\src\features\profile\profileStyles.ts: Unexpected token (365:0)

  363 | });
  364 |
> 365 | });
      | ^
  366 |
  367 |
    at constructor (C:\mahaa\node_modules\@babel\parser\lib\index.js:369:19)
    at TypeScriptParserMixin.raise (C:\mahaa\node_modules\@babel\parser\lib\index.js:6622:19)
    at TypeScriptParserMixin.unexpected (C:\mahaa\node_modules\@babel\parser\lib\index.js:6642:16)
    at TypeScriptParserMixin.parseExprAtom (C:\mahaa\node_modules\@babel\parser\lib\index.js:11473:22)
    at TypeScriptParserMixin.parseExprSubscripts (C:\mahaa\node_modules\@babel\parser\lib\index.js:11107:23)
    at TypeScriptParserMixin.parseUpdate (C:\mahaa\node_modules\@babel\parser\lib\index.js:11092:21)
    at TypeScriptParserMixin.parseMaybeUnary (C:\mahaa\node_modules\@babel\parser\lib\index.js:11072:23)
    at TypeScriptParserMixin.parseMaybeUnary (C:\mahaa\node_modules\@babel\parser\lib\index.js:9860:18)
    at TypeScriptParserMixin.parseMaybeUnaryOrPrivate (C:\mahaa\node_modules\@babel\parser\lib\index.js:10925:61)
    at TypeScriptParserMixin.parseExprOps (C:\mahaa\node_modules\@babel\parser\lib\index.js:10930:23)
    at TypeScriptParserMixin.parseMaybeConditional (C:\mahaa\node_modules\@babel\parser\lib\index.js:10907:23)
    at TypeScriptParserMixin.parseMaybeAssign (C:\mahaa\node_modules\@babel\parser\lib\index.js:10857:21)
    at TypeScriptParserMixin.parseMaybeAssign (C:\mahaa\node_modules\@babel\parser\lib\index.js:9809:20)
    at TypeScriptParserMixin.parseExpressionBase (C:\mahaa\node_modules\@babel\parser\lib\index.js:10810:23)
    at C:\mahaa\node_modules\@babel\parser\lib\index.js:10806:39
    at TypeScriptParserMixin.allowInAnd (C:\mahaa\node_modules\@babel\parser\lib\index.js:12455:16)
    at TypeScriptParserMixin.parseExpression (C:\mahaa\node_modules\@babel\parser\lib\index.js:10806:17)
    at TypeScriptParserMixin.parseStatementContent (C:\mahaa\node_modules\@babel\parser\lib\index.js:12929:23)
    at TypeScriptParserMixin.parseStatementContent (C:\mahaa\node_modules\@babel\parser\lib\index.js:9531:18)
    at TypeScriptParserMixin.parseStatementLike (C:\mahaa\node_modules\@babel\parser\lib\index.js:12801:17)
    at TypeScriptParserMixin.parseModuleItem (C:\mahaa\node_modules\@babel\parser\lib\index.js:12778:17)
    at TypeScriptParserMixin.parseBlockOrModuleBlockBody (C:\mahaa\node_modules\@babel\parser\lib\index.js:13350:36)
    at TypeScriptParserMixin.parseBlockBody (C:\mahaa\node_modules\@babel\parser\lib\index.js:13343:10)
    at TypeScriptParserMixin.parseProgram (C:\mahaa\node_modules\@babel\parser\lib\index.js:12656:10)
    at TypeScriptParserMixin.parseTopLevel (C:\mahaa\node_modules\@babel\parser\lib\index.js:12646:25)
    at TypeScriptParserMixin.parse (C:\mahaa\node_modules\@babel\parser\lib\index.js:14522:25)
    at TypeScriptParserMixin.parse (C:\mahaa\node_modules\@babel\parser\lib\index.js:10149:18)
    at parse (C:\mahaa\node_modules\@babel\parser\lib\index.js:14535:26)
    at parser (C:\mahaa\node_modules\@babel\core\lib\parser\index.js:41:34)
    at parser.next (<anonymous>)
    at normalizeFile (C:\mahaa\node_modules\@babel\core\lib\transformation\normalize-file.js:51:37)
    at normalizeFile.next (<anonymous>)
    at run (C:\mahaa\node_modules\@babel\core\lib\transformation\index.js:22:50)
    at run.next (<anonymous>)
    at transform (C:\mahaa\node_modules\@babel\core\lib\transform.js:22:33)
    at transform.next (<anonymous>)
    at evaluateSync (C:\mahaa\node_modules\gensync\index.js:251:28)
    at sync (C:\mahaa\node_modules\gensync\index.js:89:14)
    at stopHiding - secret - don't use this - v1 (C:\mahaa\node_modules\@babel\core\lib\errors\rewrite-stack-trace.js:47:12)
    at Object.transformSync (C:\mahaa\node_modules\@babel\core\lib\transform.js:40:76)
    at parseWithBabel (C:\mahaa\node_modules\@expo\metro-config\build\transformSync.js:75:18)
    at transformSync (C:\mahaa\node_modules\@expo\metro-config\build\transformSync.js:54:16)
    at Object.transform (C:\mahaa\node_modules\@expo\metro-config\build\babel-transformer.js:146:58)
    at transformJSWithBabel (C:\mahaa\node_modules\@expo\metro-config\build\transform-worker\metro-transform-worker.js:495:47)
    at Object.transform (C:\mahaa\node_modules\@expo\metro-config\build\transform-worker\metro-transform-worker.js:614:12)
    at Object.transform (C:\mahaa\node_modules\@expo\metro-config\build\transform-worker\transform-worker.js:179:19)
    at transformFile (C:\mahaa\node_modules\metro\src\DeltaBundler\Worker.flow.js:67:36)
    at Object.transform (C:\mahaa\node_modules\metro\src\DeltaBundler\Worker.flow.js:42:10)
    at execFunction (C:\mahaa\node_modules\jest-worker\build\workers\threadChild.js:167:17)
    at execHelper (C:\mahaa\node_modules\jest-worker\build\workers\threadChild.js:155:5)
Web  ERROR  [TransformError: SyntaxError: C:\mahaa\src\features\profile\profileStyles.ts: Unexpected token (365:0)

  363 | });
  364 |
> 365 | });
      | ^
  366 |
  367 |]
 ERROR  SyntaxError: C:\mahaa\src\features\profile\profileStyles.ts: Unexpected token (365:0)

  363 | });
  364 |
> 365 | });
      | ^
  366 |
  367 |
    at constructor (C:\mahaa\node_modules\@babel\parser\lib\index.js:369:19)
    at TypeScriptParserMixin.raise (C:\mahaa\node_modules\@babel\parser\lib\index.js:6622:19)
    at TypeScriptParserMixin.unexpected (C:\mahaa\node_modules\@babel\parser\lib\index.js:6642:16)
    at TypeScriptParserMixin.parseExprAtom (C:\mahaa\node_modules\@babel\parser\lib\index.js:11473:22)
    at TypeScriptParserMixin.parseExprSubscripts (C:\mahaa\node_modules\@babel\parser\lib\index.js:11107:23)
    at TypeScriptParserMixin.parseUpdate (C:\mahaa\node_modules\@babel\parser\lib\index.js:11092:21)
    at TypeScriptParserMixin.parseMaybeUnary (C:\mahaa\node_modules\@babel\parser\lib\index.js:11072:23)
    at TypeScriptParserMixin.parseMaybeUnary (C:\mahaa\node_modules\@babel\parser\lib\index.js:9860:18)
    at TypeScriptParserMixin.parseMaybeUnaryOrPrivate (C:\mahaa\node_modules\@babel\parser\lib\index.js:10925:61)
    at TypeScriptParserMixin.parseExprOps (C:\mahaa\node_modules\@babel\parser\lib\index.js:10930:23)
    at TypeScriptParserMixin.parseMaybeConditional (C:\mahaa\node_modules\@babel\parser\lib\index.js:10907:23)
    at TypeScriptParserMixin.parseMaybeAssign (C:\mahaa\node_modules\@babel\parser\lib\index.js:10857:21)
    at TypeScriptParserMixin.parseMaybeAssign (C:\mahaa\node_modules\@babel\parser\lib\index.js:9809:20)
    at TypeScriptParserMixin.parseExpressionBase (C:\mahaa\node_modules\@babel\parser\lib\index.js:10810:23)
    at C:\mahaa\node_modules\@babel\parser\lib\index.js:10806:39
    at TypeScriptParserMixin.allowInAnd (C:\mahaa\node_modules\@babel\parser\lib\index.js:12455:16)
    at TypeScriptParserMixin.parseExpression (C:\mahaa\node_modules\@babel\parser\lib\index.js:10806:17)
    at TypeScriptParserMixin.parseStatementContent (C:\mahaa\node_modules\@babel\parser\lib\index.js:12929:23)
    at TypeScriptParserMixin.parseStatementContent (C:\mahaa\node_modules\@babel\parser\lib\index.js:9531:18)
    at TypeScriptParserMixin.parseStatementLike (C:\mahaa\node_modules\@babel\parser\lib\index.js:12801:17)
    at TypeScriptParserMixin.parseModuleItem (C:\mahaa\node_modules\@babel\parser\lib\index.js:12778:17)
    at TypeScriptParserMixin.parseBlockOrModuleBlockBody (C:\mahaa\node_modules\@babel\parser\lib\index.js:13350:36)
    at TypeScriptParserMixin.parseBlockBody (C:\mahaa\node_modules\@babel\parser\lib\index.js:13343:10)
    at TypeScriptParserMixin.parseProgram (C:\mahaa\node_modules\@babel\parser\lib\index.js:12656:10)
    at TypeScriptParserMixin.parseTopLevel (C:\mahaa\node_modules\@babel\parser\lib\index.js:12646:25)
    at TypeScriptParserMixin.parse (C:\mahaa\node_modules\@babel\parser\lib\index.js:14522:25)
    at TypeScriptParserMixin.parse (C:\mahaa\node_modules\@babel\parser\lib\index.js:10149:18)
    at parse (C:\mahaa\node_modules\@babel\parser\lib\index.js:14535:26)
    at parser (C:\mahaa\node_modules\@babel\core\lib\parser\index.js:41:34)
    at parser.next (<anonymous>)
    at normalizeFile (C:\mahaa\node_modules\@babel\core\lib\transformation\normalize-file.js:51:37)
    at normalizeFile.next (<anonymous>)
    at run (C:\mahaa\node_modules\@babel\core\lib\transformation\index.js:22:50)
    at run.next (<anonymous>)
    at transform (C:\mahaa\node_modules\@babel\core\lib\transform.js:22:33)
    at transform.next (<anonymous>)
    at evaluateSync (C:\mahaa\node_modules\gensync\index.js:251:28)
    at sync (C:\mahaa\node_modules\gensync\index.js:89:14)
    at stopHiding - secret - don't use this - v1 (C:\mahaa\node_modules\@babel\core\lib\errors\rewrite-stack-trace.js:47:12)
    at Object.transformSync (C:\mahaa\node_modules\@babel\core\lib\transform.js:40:76)
    at parseWithBabel (C:\mahaa\node_modules\@expo\metro-config\build\transformSync.js:75:18)
    at transformSync (C:\mahaa\node_modules\@expo\metro-config\build\transformSync.js:54:16)
    at Object.transform (C:\mahaa\node_modules\@expo\metro-config\build\babel-transformer.js:146:58)
    at transformJSWithBabel (C:\mahaa\node_modules\@expo\metro-config\build\transform-worker\metro-transform-worker.js:495:47)
    at Object.transform (C:\mahaa\node_modules\@expo\metro-config\build\transform-worker\metro-transform-worker.js:614:12)
    at Object.transform (C:\mahaa\node_modules\@expo\metro-config\build\transform-worker\transform-worker.js:179:19)
    at transformFile (C:\mahaa\node_modules\metro\src\DeltaBundler\Worker.flow.js:67:36)
    at Object.transform (C:\mahaa\node_modules\metro\src\DeltaBundler\Worker.flow.js:42:10)
    at execFunction (C:\mahaa\node_modules\jest-worker\build\workers\threadChild.js:167:17)
    at execHelper (C:\mahaa\node_modules\jest-worker\build\workers\threadChild.js:155:5)
Web  ERROR  [TransformError: SyntaxError: C:\mahaa\src\features\profile\profileStyles.ts: Unexpected token (365:0)

  363 | });
  364 |
> 365 | });
      | ^
  366 |
  367 |]
 ERROR  SyntaxError: C:\mahaa\src\features\profile\profileStyles.ts: Unexpected token (365:0)

  363 | });
  364 |
> 365 | });
      | ^
  366 |
  367 |
    at constructor (C:\mahaa\node_modules\@babel\parser\lib\index.js:369:19)
    at TypeScriptParserMixin.raise (C:\mahaa\node_modules\@babel\parser\lib\index.js:6622:19)
    at TypeScriptParserMixin.unexpected (C:\mahaa\node_modules\@babel\parser\lib\index.js:6642:16)
    at TypeScriptParserMixin.parseExprAtom (C:\mahaa\node_modules\@babel\parser\lib\index.js:11473:22)
    at TypeScriptParserMixin.parseExprSubscripts (C:\mahaa\node_modules\@babel\parser\lib\index.js:11107:23)
    at TypeScriptParserMixin.parseUpdate (C:\mahaa\node_modules\@babel\parser\lib\index.js:11092:21)
    at TypeScriptParserMixin.parseMaybeUnary (C:\mahaa\node_modules\@babel\parser\lib\index.js:11072:23)
    at TypeScriptParserMixin.parseMaybeUnary (C:\mahaa\node_modules\@babel\parser\lib\index.js:9860:18)
    at TypeScriptParserMixin.parseMaybeUnaryOrPrivate (C:\mahaa\node_modules\@babel\parser\lib\index.js:10925:61)
    at TypeScriptParserMixin.parseExprOps (C:\mahaa\node_modules\@babel\parser\lib\index.js:10930:23)
    at TypeScriptParserMixin.parseMaybeConditional (C:\mahaa\node_modules\@babel\parser\lib\index.js:10907:23)
    at TypeScriptParserMixin.parseMaybeAssign (C:\mahaa\node_modules\@babel\parser\lib\index.js:10857:21)
    at TypeScriptParserMixin.parseMaybeAssign (C:\mahaa\node_modules\@babel\parser\lib\index.js:9809:20)
    at TypeScriptParserMixin.parseExpressionBase (C:\mahaa\node_modules\@babel\parser\lib\index.js:10810:23)
    at C:\mahaa\node_modules\@babel\parser\lib\index.js:10806:39
    at TypeScriptParserMixin.allowInAnd (C:\mahaa\node_modules\@babel\parser\lib\index.js:12455:16)
    at TypeScriptParserMixin.parseExpression (C:\mahaa\node_modules\@babel\parser\lib\index.js:10806:17)
    at TypeScriptParserMixin.parseStatementContent (C:\mahaa\node_modules\@babel\parser\lib\index.js:12929:23)
    at TypeScriptParserMixin.parseStatementContent (C:\mahaa\node_modules\@babel\parser\lib\index.js:9531:18)
    at TypeScriptParserMixin.parseStatementLike (C:\mahaa\node_modules\@babel\parser\lib\index.js:12801:17)
    at TypeScriptParserMixin.parseModuleItem (C:\mahaa\node_modules\@babel\parser\lib\index.js:12778:17)
    at TypeScriptParserMixin.parseBlockOrModuleBlockBody (C:\mahaa\node_modules\@babel\parser\lib\index.js:13350:36)
    at TypeScriptParserMixin.parseBlockBody (C:\mahaa\node_modules\@babel\parser\lib\index.js:13343:10)
    at TypeScriptParserMixin.parseProgram (C:\mahaa\node_modules\@babel\parser\lib\index.js:12656:10)
    at TypeScriptParserMixin.parseTopLevel (C:\mahaa\node_modules\@babel\parser\lib\index.js:12646:25)
    at TypeScriptParserMixin.parse (C:\mahaa\node_modules\@babel\parser\lib\index.js:14522:25)
    at TypeScriptParserMixin.parse (C:\mahaa\node_modules\@babel\parser\lib\index.js:10149:18)
    at parse (C:\mahaa\node_modules\@babel\parser\lib\index.js:14535:26)
    at parser (C:\mahaa\node_modules\@babel\core\lib\parser\index.js:41:34)
    at parser.next (<anonymous>)
    at normalizeFile (C:\mahaa\node_modules\@babel\core\lib\transformation\normalize-file.js:51:37)
    at normalizeFile.next (<anonymous>)
    at run (C:\mahaa\node_modules\@babel\core\lib\transformation\index.js:22:50)
    at run.next (<anonymous>)
    at transform (C:\mahaa\node_modules\@babel\core\lib\transform.js:22:33)
    at transform.next (<anonymous>)
    at evaluateSync (C:\mahaa\node_modules\gensync\index.js:251:28)
    at sync (C:\mahaa\node_modules\gensync\index.js:89:14)
    at stopHiding - secret - don't use this - v1 (C:\mahaa\node_modules\@babel\core\lib\errors\rewrite-stack-trace.js:47:12)
    at Object.transformSync (C:\mahaa\node_modules\@babel\core\lib\transform.js:40:76)
    at parseWithBabel (C:\mahaa\node_modules\@expo\metro-config\build\transformSync.js:75:18)
    at transformSync (C:\mahaa\node_modules\@expo\metro-config\build\transformSync.js:54:16)
    at Object.transform (C:\mahaa\node_modules\@expo\metro-config\build\babel-transformer.js:146:58)
    at transformJSWithBabel (C:\mahaa\node_modules\@expo\metro-config\build\transform-worker\metro-transform-worker.js:495:47)
    at Object.transform (C:\mahaa\node_modules\@expo\metro-config\build\transform-worker\metro-transform-worker.js:614:12)
    at Object.transform (C:\mahaa\node_modules\@expo\metro-config\build\transform-worker\transform-worker.js:179:19)
    at transformFile (C:\mahaa\node_modules\metro\src\DeltaBundler\Worker.flow.js:67:36)
    at Object.transform (C:\mahaa\node_modules\metro\src\DeltaBundler\Worker.flow.js:42:10)
    at execFunction (C:\mahaa\node_modules\jest-worker\build\workers\threadChild.js:167:17)
    at execHelper (C:\mahaa\node_modules\jest-worker\build\workers\threadChild.js:155:5)
Web  ERROR  [TransformError: SyntaxError: C:\mahaa\src\features\profile\profileStyles.ts: Unexpected token (365:0)

  363 | });
  364 |
> 365 | });
      | ^
  366 |
  367 |]
 ERROR  SyntaxError: C:\mahaa\src\features\profile\profileStyles.ts: Unexpected token (365:0)

  363 | });
  364 |
> 365 | });
      | ^
  366 |
  367 |
    at constructor (C:\mahaa\node_modules\@babel\parser\lib\index.js:369:19)
    at TypeScriptParserMixin.raise (C:\mahaa\node_modules\@babel\parser\lib\index.js:6622:19)
    at TypeScriptParserMixin.unexpected (C:\mahaa\node_modules\@babel\parser\lib\index.js:6642:16)
    at TypeScriptParserMixin.parseExprAtom (C:\mahaa\node_modules\@babel\parser\lib\index.js:11473:22)
    at TypeScriptParserMixin.parseExprSubscripts (C:\mahaa\node_modules\@babel\parser\lib\index.js:11107:23)
    at TypeScriptParserMixin.parseUpdate (C:\mahaa\node_modules\@babel\parser\lib\index.js:11092:21)
    at TypeScriptParserMixin.parseMaybeUnary (C:\mahaa\node_modules\@babel\parser\lib\index.js:11072:23)
    at TypeScriptParserMixin.parseMaybeUnary (C:\mahaa\node_modules\@babel\parser\lib\index.js:9860:18)
    at TypeScriptParserMixin.parseMaybeUnaryOrPrivate (C:\mahaa\node_modules\@babel\parser\lib\index.js:10925:61)
    at TypeScriptParserMixin.parseExprOps (C:\mahaa\node_modules\@babel\parser\lib\index.js:10930:23)
    at TypeScriptParserMixin.parseMaybeConditional (C:\mahaa\node_modules\@babel\parser\lib\index.js:10907:23)
    at TypeScriptParserMixin.parseMaybeAssign (C:\mahaa\node_modules\@babel\parser\lib\index.js:10857:21)
    at TypeScriptParserMixin.parseMaybeAssign (C:\mahaa\node_modules\@babel\parser\lib\index.js:9809:20)
    at TypeScriptParserMixin.parseExpressionBase (C:\mahaa\node_modules\@babel\parser\lib\index.js:10810:23)
    at C:\mahaa\node_modules\@babel\parser\lib\index.js:10806:39
    at TypeScriptParserMixin.allowInAnd (C:\mahaa\node_modules\@babel\parser\lib\index.js:12455:16)
    at TypeScriptParserMixin.parseExpression (C:\mahaa\node_modules\@babel\parser\lib\index.js:10806:17)
    at TypeScriptParserMixin.parseStatementContent (C:\mahaa\node_modules\@babel\parser\lib\index.js:12929:23)
    at TypeScriptParserMixin.parseStatementContent (C:\mahaa\node_modules\@babel\parser\lib\index.js:9531:18)
    at TypeScriptParserMixin.parseStatementLike (C:\mahaa\node_modules\@babel\parser\lib\index.js:12801:17)
    at TypeScriptParserMixin.parseModuleItem (C:\mahaa\node_modules\@babel\parser\lib\index.js:12778:17)
    at TypeScriptParserMixin.parseBlockOrModuleBlockBody (C:\mahaa\node_modules\@babel\parser\lib\index.js:13350:36)
    at TypeScriptParserMixin.parseBlockBody (C:\mahaa\node_modules\@babel\parser\lib\index.js:13343:10)
    at TypeScriptParserMixin.parseProgram (C:\mahaa\node_modules\@babel\parser\lib\index.js:12656:10)
    at TypeScriptParserMixin.parseTopLevel (C:\mahaa\node_modules\@babel\parser\lib\index.js:12646:25)
    at TypeScriptParserMixin.parse (C:\mahaa\node_modules\@babel\parser\lib\index.js:14522:25)
    at TypeScriptParserMixin.parse (C:\mahaa\node_modules\@babel\parser\lib\index.js:10149:18)
    at parse (C:\mahaa\node_modules\@babel\parser\lib\index.js:14535:26)
    at parser (C:\mahaa\node_modules\@babel\core\lib\parser\index.js:41:34)
    at parser.next (<anonymous>)
    at normalizeFile (C:\mahaa\node_modules\@babel\core\lib\transformation\normalize-file.js:51:37)
    at normalizeFile.next (<anonymous>)
    at run (C:\mahaa\node_modules\@babel\core\lib\transformation\index.js:22:50)
    at run.next (<anonymous>)
    at transform (C:\mahaa\node_modules\@babel\core\lib\transform.js:22:33)
    at transform.next (<anonymous>)
    at evaluateSync (C:\mahaa\node_modules\gensync\index.js:251:28)
    at sync (C:\mahaa\node_modules\gensync\index.js:89:14)
    at stopHiding - secret - don't use this - v1 (C:\mahaa\node_modules\@babel\core\lib\errors\rewrite-stack-trace.js:47:12)
    at Object.transformSync (C:\mahaa\node_modules\@babel\core\lib\transform.js:40:76)
    at parseWithBabel (C:\mahaa\node_modules\@expo\metro-config\build\transformSync.js:75:18)
    at transformSync (C:\mahaa\node_modules\@expo\metro-config\build\transformSync.js:54:16)
    at Object.transform (C:\mahaa\node_modules\@expo\metro-config\build\babel-transformer.js:146:58)
    at transformJSWithBabel (C:\mahaa\node_modules\@expo\metro-config\build\transform-worker\metro-transform-worker.js:495:47)
    at Object.transform (C:\mahaa\node_modules\@expo\metro-config\build\transform-worker\metro-transform-worker.js:614:12)
    at Object.transform (C:\mahaa\node_modules\@expo\metro-config\build\transform-worker\transform-worker.js:179:19)
    at transformFile (C:\mahaa\node_modules\metro\src\DeltaBundler\Worker.flow.js:67:36)
    at Object.transform (C:\mahaa\node_modules\metro\src\DeltaBundler\Worker.flow.js:42:10)
    at execFunction (C:\mahaa\node_modules\jest-worker\build\workers\threadChild.js:167:17)
    at execHelper (C:\mahaa\node_modules\jest-worker\build\workers\threadChild.js:155:5)
Web  ERROR  [TransformError: SyntaxError: C:\mahaa\src\features\profile\profileStyles.ts: Unexpected token (365:0)

  363 | });
  364 |
> 365 | });
      | ^
  366 |
  367 |]
 ERROR  SyntaxError: C:\mahaa\src\features\profile\profileStyles.ts: Unexpected token (365:0)

  363 | });
  364 |
> 365 | });
      | ^
  366 |
  367 |
    at constructor (C:\mahaa\node_modules\@babel\parser\lib\index.js:369:19)
    at TypeScriptParserMixin.raise (C:\mahaa\node_modules\@babel\parser\lib\index.js:6622:19)
    at TypeScriptParserMixin.unexpected (C:\mahaa\node_modules\@babel\parser\lib\index.js:6642:16)
    at TypeScriptParserMixin.parseExprAtom (C:\mahaa\node_modules\@babel\parser\lib\index.js:11473:22)
    at TypeScriptParserMixin.parseExprSubscripts (C:\mahaa\node_modules\@babel\parser\lib\index.js:11107:23)
    at TypeScriptParserMixin.parseUpdate (C:\mahaa\node_modules\@babel\parser\lib\index.js:11092:21)
    at TypeScriptParserMixin.parseMaybeUnary (C:\mahaa\node_modules\@babel\parser\lib\index.js:11072:23)
    at TypeScriptParserMixin.parseMaybeUnary (C:\mahaa\node_modules\@babel\parser\lib\index.js:9860:18)
    at TypeScriptParserMixin.parseMaybeUnaryOrPrivate (C:\mahaa\node_modules\@babel\parser\lib\index.js:10925:61)
    at TypeScriptParserMixin.parseExprOps (C:\mahaa\node_modules\@babel\parser\lib\index.js:10930:23)
    at TypeScriptParserMixin.parseMaybeConditional (C:\mahaa\node_modules\@babel\parser\lib\index.js:10907:23)
    at TypeScriptParserMixin.parseMaybeAssign (C:\mahaa\node_modules\@babel\parser\lib\index.js:10857:21)
    at TypeScriptParserMixin.parseMaybeAssign (C:\mahaa\node_modules\@babel\parser\lib\index.js:9809:20)
    at TypeScriptParserMixin.parseExpressionBase (C:\mahaa\node_modules\@babel\parser\lib\index.js:10810:23)
    at C:\mahaa\node_modules\@babel\parser\lib\index.js:10806:39
    at TypeScriptParserMixin.allowInAnd (C:\mahaa\node_modules\@babel\parser\lib\index.js:12455:16)
    at TypeScriptParserMixin.parseExpression (C:\mahaa\node_modules\@babel\parser\lib\index.js:10806:17)
    at TypeScriptParserMixin.parseStatementContent (C:\mahaa\node_modules\@babel\parser\lib\index.js:12929:23)
    at TypeScriptParserMixin.parseStatementContent (C:\mahaa\node_modules\@babel\parser\lib\index.js:9531:18)
    at TypeScriptParserMixin.parseStatementLike (C:\mahaa\node_modules\@babel\parser\lib\index.js:12801:17)
    at TypeScriptParserMixin.parseModuleItem (C:\mahaa\node_modules\@babel\parser\lib\index.js:12778:17)
    at TypeScriptParserMixin.parseBlockOrModuleBlockBody (C:\mahaa\node_modules\@babel\parser\lib\index.js:13350:36)
    at TypeScriptParserMixin.parseBlockBody (C:\mahaa\node_modules\@babel\parser\lib\index.js:13343:10)
    at TypeScriptParserMixin.parseProgram (C:\mahaa\node_modules\@babel\parser\lib\index.js:12656:10)
    at TypeScriptParserMixin.parseTopLevel (C:\mahaa\node_modules\@babel\parser\lib\index.js:12646:25)
    at TypeScriptParserMixin.parse (C:\mahaa\node_modules\@babel\parser\lib\index.js:14522:25)
    at TypeScriptParserMixin.parse (C:\mahaa\node_modules\@babel\parser\lib\index.js:10149:18)
    at parse (C:\mahaa\node_modules\@babel\parser\lib\index.js:14535:26)
    at parser (C:\mahaa\node_modules\@babel\core\lib\parser\index.js:41:34)
    at parser.next (<anonymous>)
    at normalizeFile (C:\mahaa\node_modules\@babel\core\lib\transformation\normalize-file.js:51:37)
    at normalizeFile.next (<anonymous>)
    at run (C:\mahaa\node_modules\@babel\core\lib\transformation\index.js:22:50)
    at run.next (<anonymous>)
    at transform (C:\mahaa\node_modules\@babel\core\lib\transform.js:22:33)
    at transform.next (<anonymous>)
    at evaluateSync (C:\mahaa\node_modules\gensync\index.js:251:28)
    at sync (C:\mahaa\node_modules\gensync\index.js:89:14)
    at stopHiding - secret - don't use this - v1 (C:\mahaa\node_modules\@babel\core\lib\errors\rewrite-stack-trace.js:47:12)
    at Object.transformSync (C:\mahaa\node_modules\@babel\core\lib\transform.js:40:76)
    at parseWithBabel (C:\mahaa\node_modules\@expo\metro-config\build\transformSync.js:75:18)
    at transformSync (C:\mahaa\node_modules\@expo\metro-config\build\transformSync.js:54:16)
    at Object.transform (C:\mahaa\node_modules\@expo\metro-config\build\babel-transformer.js:146:58)
    at transformJSWithBabel (C:\mahaa\node_modules\@expo\metro-config\build\transform-worker\metro-transform-worker.js:495:47)
    at Object.transform (C:\mahaa\node_modules\@expo\metro-config\build\transform-worker\metro-transform-worker.js:614:12)
    at Object.transform (C:\mahaa\node_modules\@expo\metro-config\build\transform-worker\transform-worker.js:179:19)
    at transformFile (C:\mahaa\node_modules\metro\src\DeltaBundler\Worker.flow.js:67:36)
    at Object.transform (C:\mahaa\node_modules\metro\src\DeltaBundler\Worker.flow.js:42:10)
    at execFunction (C:\mahaa\node_modules\jest-worker\build\workers\threadChild.js:167:17)
    at execHelper (C:\mahaa\node_modules\jest-worker\build\workers\threadChild.js:155:5)
Web  ERROR  [TransformError: SyntaxError: C:\mahaa\src\features\profile\profileStyles.ts: Unexpected token (365:0)

  363 | });
  364 |
> 365 | });
      | ^
  366 |
  367 |]
 ERROR  SyntaxError: C:\mahaa\src\features\profile\profileStyles.ts: Unexpected token (365:0)

  363 | });
  364 |
> 365 | });
      | ^
  366 |
  367 |
    at constructor (C:\mahaa\node_modules\@babel\parser\lib\index.js:369:19)
    at TypeScriptParserMixin.raise (C:\mahaa\node_modules\@babel\parser\lib\index.js:6622:19)
    at TypeScriptParserMixin.unexpected (C:\mahaa\node_modules\@babel\parser\lib\index.js:6642:16)
    at TypeScriptParserMixin.parseExprAtom (C:\mahaa\node_modules\@babel\parser\lib\index.js:11473:22)
    at TypeScriptParserMixin.parseExprSubscripts (C:\mahaa\node_modules\@babel\parser\lib\index.js:11107:23)
    at TypeScriptParserMixin.parseUpdate (C:\mahaa\node_modules\@babel\parser\lib\index.js:11092:21)
    at TypeScriptParserMixin.parseMaybeUnary (C:\mahaa\node_modules\@babel\parser\lib\index.js:11072:23)
    at TypeScriptParserMixin.parseMaybeUnary (C:\mahaa\node_modules\@babel\parser\lib\index.js:9860:18)
    at TypeScriptParserMixin.parseMaybeUnaryOrPrivate (C:\mahaa\node_modules\@babel\parser\lib\index.js:10925:61)
    at TypeScriptParserMixin.parseExprOps (C:\mahaa\node_modules\@babel\parser\lib\index.js:10930:23)
    at TypeScriptParserMixin.parseMaybeConditional (C:\mahaa\node_modules\@babel\parser\lib\index.js:10907:23)
    at TypeScriptParserMixin.parseMaybeAssign (C:\mahaa\node_modules\@babel\parser\lib\index.js:10857:21)
    at TypeScriptParserMixin.parseMaybeAssign (C:\mahaa\node_modules\@babel\parser\lib\index.js:9809:20)
    at TypeScriptParserMixin.parseExpressionBase (C:\mahaa\node_modules\@babel\parser\lib\index.js:10810:23)
    at C:\mahaa\node_modules\@babel\parser\lib\index.js:10806:39
    at TypeScriptParserMixin.allowInAnd (C:\mahaa\node_modules\@babel\parser\lib\index.js:12455:16)
    at TypeScriptParserMixin.parseExpression (C:\mahaa\node_modules\@babel\parser\lib\index.js:10806:17)
    at TypeScriptParserMixin.parseStatementContent (C:\mahaa\node_modules\@babel\parser\lib\index.js:12929:23)
    at TypeScriptParserMixin.parseStatementContent (C:\mahaa\node_modules\@babel\parser\lib\index.js:9531:18)
    at TypeScriptParserMixin.parseStatementLike (C:\mahaa\node_modules\@babel\parser\lib\index.js:12801:17)
    at TypeScriptParserMixin.parseModuleItem (C:\mahaa\node_modules\@babel\parser\lib\index.js:12778:17)
    at TypeScriptParserMixin.parseBlockOrModuleBlockBody (C:\mahaa\node_modules\@babel\parser\lib\index.js:13350:36)
    at TypeScriptParserMixin.parseBlockBody (C:\mahaa\node_modules\@babel\parser\lib\index.js:13343:10)
    at TypeScriptParserMixin.parseProgram (C:\mahaa\node_modules\@babel\parser\lib\index.js:12656:10)
    at TypeScriptParserMixin.parseTopLevel (C:\mahaa\node_modules\@babel\parser\lib\index.js:12646:25)
    at TypeScriptParserMixin.parse (C:\mahaa\node_modules\@babel\parser\lib\index.js:14522:25)
    at TypeScriptParserMixin.parse (C:\mahaa\node_modules\@babel\parser\lib\index.js:10149:18)
    at parse (C:\mahaa\node_modules\@babel\parser\lib\index.js:14535:26)
    at parser (C:\mahaa\node_modules\@babel\core\lib\parser\index.js:41:34)
    at parser.next (<anonymous>)
    at normalizeFile (C:\mahaa\node_modules\@babel\core\lib\transformation\normalize-file.js:51:37)
    at normalizeFile.next (<anonymous>)
    at run (C:\mahaa\node_modules\@babel\core\lib\transformation\index.js:22:50)
    at run.next (<anonymous>)
    at transform (C:\mahaa\node_modules\@babel\core\lib\transform.js:22:33)
    at transform.next (<anonymous>)
    at evaluateSync (C:\mahaa\node_modules\gensync\index.js:251:28)
    at sync (C:\mahaa\node_modules\gensync\index.js:89:14)
    at stopHiding - secret - don't use this - v1 (C:\mahaa\node_modules\@babel\core\lib\errors\rewrite-stack-trace.js:47:12)
    at Object.transformSync (C:\mahaa\node_modules\@babel\core\lib\transform.js:40:76)
    at parseWithBabel (C:\mahaa\node_modules\@expo\metro-config\build\transformSync.js:75:18)
    at transformSync (C:\mahaa\node_modules\@expo\metro-config\build\transformSync.js:54:16)
    at Object.transform (C:\mahaa\node_modules\@expo\metro-config\build\babel-transformer.js:146:58)
    at transformJSWithBabel (C:\mahaa\node_modules\@expo\metro-config\build\transform-worker\metro-transform-worker.js:495:47)
    at Object.transform (C:\mahaa\node_modules\@expo\metro-config\build\transform-worker\metro-transform-worker.js:614:12)
    at Object.transform (C:\mahaa\node_modules\@expo\metro-config\build\transform-worker\transform-worker.js:179:19)
    at transformFile (C:\mahaa\node_modules\metro\src\DeltaBundler\Worker.flow.js:67:36)
    at Object.transform (C:\mahaa\node_modules\metro\src\DeltaBundler\Worker.flow.js:42:10)
    at execFunction (C:\mahaa\node_modules\jest-worker\build\workers\threadChild.js:167:17)
    at execHelper (C:\mahaa\node_modules\jest-worker\build\workers\threadChild.js:155:5)
Web  ERROR  [TransformError: SyntaxError: C:\mahaa\src\features\profile\profileStyles.ts: Unexpected token (365:0)

  363 | });
  364 |
> 365 | });
      | ^
  366 |
  367 |]
 ERROR  SyntaxError: C:\mahaa\src\features\profile\profileStyles.ts: Unexpected token (365:0)

  363 | });
  364 |
> 365 | });
      | ^
  366 |
  367 |
    at constructor (C:\mahaa\node_modules\@babel\parser\lib\index.js:369:19)
    at TypeScriptParserMixin.raise (C:\mahaa\node_modules\@babel\parser\lib\index.js:6622:19)
    at TypeScriptParserMixin.unexpected (C:\mahaa\node_modules\@babel\parser\lib\index.js:6642:16)
    at TypeScriptParserMixin.parseExprAtom (C:\mahaa\node_modules\@babel\parser\lib\index.js:11473:22)
    at TypeScriptParserMixin.parseExprSubscripts (C:\mahaa\node_modules\@babel\parser\lib\index.js:11107:23)
    at TypeScriptParserMixin.parseUpdate (C:\mahaa\node_modules\@babel\parser\lib\index.js:11092:21)
    at TypeScriptParserMixin.parseMaybeUnary (C:\mahaa\node_modules\@babel\parser\lib\index.js:11072:23)
    at TypeScriptParserMixin.parseMaybeUnary (C:\mahaa\node_modules\@babel\parser\lib\index.js:9860:18)
    at TypeScriptParserMixin.parseMaybeUnaryOrPrivate (C:\mahaa\node_modules\@babel\parser\lib\index.js:10925:61)
    at TypeScriptParserMixin.parseExprOps (C:\mahaa\node_modules\@babel\parser\lib\index.js:10930:23)
    at TypeScriptParserMixin.parseMaybeConditional (C:\mahaa\node_modules\@babel\parser\lib\index.js:10907:23)
    at TypeScriptParserMixin.parseMaybeAssign (C:\mahaa\node_modules\@babel\parser\lib\index.js:10857:21)
    at TypeScriptParserMixin.parseMaybeAssign (C:\mahaa\node_modules\@babel\parser\lib\index.js:9809:20)
    at TypeScriptParserMixin.parseExpressionBase (C:\mahaa\node_modules\@babel\parser\lib\index.js:10810:23)
    at C:\mahaa\node_modules\@babel\parser\lib\index.js:10806:39
    at TypeScriptParserMixin.allowInAnd (C:\mahaa\node_modules\@babel\parser\lib\index.js:12455:16)
    at TypeScriptParserMixin.parseExpression (C:\mahaa\node_modules\@babel\parser\lib\index.js:10806:17)
    at TypeScriptParserMixin.parseStatementContent (C:\mahaa\node_modules\@babel\parser\lib\index.js:12929:23)
    at TypeScriptParserMixin.parseStatementContent (C:\mahaa\node_modules\@babel\parser\lib\index.js:9531:18)
    at TypeScriptParserMixin.parseStatementLike (C:\mahaa\node_modules\@babel\parser\lib\index.js:12801:17)
    at TypeScriptParserMixin.parseModuleItem (C:\mahaa\node_modules\@babel\parser\lib\index.js:12778:17)
    at TypeScriptParserMixin.parseBlockOrModuleBlockBody (C:\mahaa\node_modules\@babel\parser\lib\index.js:13350:36)
    at TypeScriptParserMixin.parseBlockBody (C:\mahaa\node_modules\@babel\parser\lib\index.js:13343:10)
    at TypeScriptParserMixin.parseProgram (C:\mahaa\node_modules\@babel\parser\lib\index.js:12656:10)
    at TypeScriptParserMixin.parseTopLevel (C:\mahaa\node_modules\@babel\parser\lib\index.js:12646:25)
    at TypeScriptParserMixin.parse (C:\mahaa\node_modules\@babel\parser\lib\index.js:14522:25)
    at TypeScriptParserMixin.parse (C:\mahaa\node_modules\@babel\parser\lib\index.js:10149:18)
    at parse (C:\mahaa\node_modules\@babel\parser\lib\index.js:14535:26)
    at parser (C:\mahaa\node_modules\@babel\core\lib\parser\index.js:41:34)
    at parser.next (<anonymous>)
    at normalizeFile (C:\mahaa\node_modules\@babel\core\lib\transformation\normalize-file.js:51:37)
    at normalizeFile.next (<anonymous>)
    at run (C:\mahaa\node_modules\@babel\core\lib\transformation\index.js:22:50)
    at run.next (<anonymous>)
    at transform (C:\mahaa\node_modules\@babel\core\lib\transform.js:22:33)
    at transform.next (<anonymous>)
    at evaluateSync (C:\mahaa\node_modules\gensync\index.js:251:28)
    at sync (C:\mahaa\node_modules\gensync\index.js:89:14)
    at stopHiding - secret - don't use this - v1 (C:\mahaa\node_modules\@babel\core\lib\errors\rewrite-stack-trace.js:47:12)
    at Object.transformSync (C:\mahaa\node_modules\@babel\core\lib\transform.js:40:76)
    at parseWithBabel (C:\mahaa\node_modules\@expo\metro-config\build\transformSync.js:75:18)
    at transformSync (C:\mahaa\node_modules\@expo\metro-config\build\transformSync.js:54:16)
    at Object.transform (C:\mahaa\node_modules\@expo\metro-config\build\babel-transformer.js:146:58)
    at transformJSWithBabel (C:\mahaa\node_modules\@expo\metro-config\build\transform-worker\metro-transform-worker.js:495:47)
    at Object.transform (C:\mahaa\node_modules\@expo\metro-config\build\transform-worker\metro-transform-worker.js:614:12)
    at Object.transform (C:\mahaa\node_modules\@expo\metro-config\build\transform-worker\transform-worker.js:179:19)
    at transformFile (C:\mahaa\node_modules\metro\src\DeltaBundler\Worker.flow.js:67:36)
    at Object.transform (C:\mahaa\node_modules\metro\src\DeltaBundler\Worker.flow.js:42:10)
    at execFunction (C:\mahaa\node_modules\jest-worker\build\workers\threadChild.js:167:17)
    at execHelper (C:\mahaa\node_modules\jest-worker\build\workers\threadChild.js:155:5)
Web  ERROR  [TransformError: SyntaxError: C:\mahaa\src\features\profile\profileStyles.ts: Unexpected token (365:0)

  363 | });
  364 |
> 365 | });
      | ^
  366 |
  367 |]
 ERROR  SyntaxError: C:\mahaa\src\features\profile\profileStyles.ts: Unexpected token (365:0)

  363 | });
  364 |
> 365 | });
      | ^
  366 |
  367 |
    at constructor (C:\mahaa\node_modules\@babel\parser\lib\index.js:369:19)
    at TypeScriptParserMixin.raise (C:\mahaa\node_modules\@babel\parser\lib\index.js:6622:19)
    at TypeScriptParserMixin.unexpected (C:\mahaa\node_modules\@babel\parser\lib\index.js:6642:16)
    at TypeScriptParserMixin.parseExprAtom (C:\mahaa\node_modules\@babel\parser\lib\index.js:11473:22)
    at TypeScriptParserMixin.parseExprSubscripts (C:\mahaa\node_modules\@babel\parser\lib\index.js:11107:23)
    at TypeScriptParserMixin.parseUpdate (C:\mahaa\node_modules\@babel\parser\lib\index.js:11092:21)
    at TypeScriptParserMixin.parseMaybeUnary (C:\mahaa\node_modules\@babel\parser\lib\index.js:11072:23)
    at TypeScriptParserMixin.parseMaybeUnary (C:\mahaa\node_modules\@babel\parser\lib\index.js:9860:18)
    at TypeScriptParserMixin.parseMaybeUnaryOrPrivate (C:\mahaa\node_modules\@babel\parser\lib\index.js:10925:61)
    at TypeScriptParserMixin.parseExprOps (C:\mahaa\node_modules\@babel\parser\lib\index.js:10930:23)
    at TypeScriptParserMixin.parseMaybeConditional (C:\mahaa\node_modules\@babel\parser\lib\index.js:10907:23)
    at TypeScriptParserMixin.parseMaybeAssign (C:\mahaa\node_modules\@babel\parser\lib\index.js:10857:21)
    at TypeScriptParserMixin.parseMaybeAssign (C:\mahaa\node_modules\@babel\parser\lib\index.js:9809:20)
    at TypeScriptParserMixin.parseExpressionBase (C:\mahaa\node_modules\@babel\parser\lib\index.js:10810:23)
    at C:\mahaa\node_modules\@babel\parser\lib\index.js:10806:39
    at TypeScriptParserMixin.allowInAnd (C:\mahaa\node_modules\@babel\parser\lib\index.js:12455:16)
    at TypeScriptParserMixin.parseExpression (C:\mahaa\node_modules\@babel\parser\lib\index.js:10806:17)
    at TypeScriptParserMixin.parseStatementContent (C:\mahaa\node_modules\@babel\parser\lib\index.js:12929:23)
    at TypeScriptParserMixin.parseStatementContent (C:\mahaa\node_modules\@babel\parser\lib\index.js:9531:18)
    at TypeScriptParserMixin.parseStatementLike (C:\mahaa\node_modules\@babel\parser\lib\index.js:12801:17)
    at TypeScriptParserMixin.parseModuleItem (C:\mahaa\node_modules\@babel\parser\lib\index.js:12778:17)
    at TypeScriptParserMixin.parseBlockOrModuleBlockBody (C:\mahaa\node_modules\@babel\parser\lib\index.js:13350:36)
    at TypeScriptParserMixin.parseBlockBody (C:\mahaa\node_modules\@babel\parser\lib\index.js:13343:10)
    at TypeScriptParserMixin.parseProgram (C:\mahaa\node_modules\@babel\parser\lib\index.js:12656:10)
    at TypeScriptParserMixin.parseTopLevel (C:\mahaa\node_modules\@babel\parser\lib\index.js:12646:25)
    at TypeScriptParserMixin.parse (C:\mahaa\node_modules\@babel\parser\lib\index.js:14522:25)
    at TypeScriptParserMixin.parse (C:\mahaa\node_modules\@babel\parser\lib\index.js:10149:18)
    at parse (C:\mahaa\node_modules\@babel\parser\lib\index.js:14535:26)
    at parser (C:\mahaa\node_modules\@babel\core\lib\parser\index.js:41:34)
    at parser.next (<anonymous>)
    at normalizeFile (C:\mahaa\node_modules\@babel\core\lib\transformation\normalize-file.js:51:37)
    at normalizeFile.next (<anonymous>)
    at run (C:\mahaa\node_modules\@babel\core\lib\transformation\index.js:22:50)
    at run.next (<anonymous>)
    at transform (C:\mahaa\node_modules\@babel\core\lib\transform.js:22:33)
    at transform.next (<anonymous>)
    at evaluateSync (C:\mahaa\node_modules\gensync\index.js:251:28)
    at sync (C:\mahaa\node_modules\gensync\index.js:89:14)
    at stopHiding - secret - don't use this - v1 (C:\mahaa\node_modules\@babel\core\lib\errors\rewrite-stack-trace.js:47:12)
    at Object.transformSync (C:\mahaa\node_modules\@babel\core\lib\transform.js:40:76)
    at parseWithBabel (C:\mahaa\node_modules\@expo\metro-config\build\transformSync.js:75:18)
    at transformSync (C:\mahaa\node_modules\@expo\metro-config\build\transformSync.js:54:16)
    at Object.transform (C:\mahaa\node_modules\@expo\metro-config\build\babel-transformer.js:146:58)
    at transformJSWithBabel (C:\mahaa\node_modules\@expo\metro-config\build\transform-worker\metro-transform-worker.js:495:47)
    at Object.transform (C:\mahaa\node_modules\@expo\metro-config\build\transform-worker\metro-transform-worker.js:614:12)
    at Object.transform (C:\mahaa\node_modules\@expo\metro-config\build\transform-worker\transform-worker.js:179:19)
    at transformFile (C:\mahaa\node_modules\metro\src\DeltaBundler\Worker.flow.js:67:36)
    at Object.transform (C:\mahaa\node_modules\metro\src\DeltaBundler\Worker.flow.js:42:10)
    at execFunction (C:\mahaa\node_modules\jest-worker\build\workers\threadChild.js:167:17)
    at execHelper (C:\mahaa\node_modules\jest-worker\build\workers\threadChild.js:155:5)
Web  ERROR  [TransformError: SyntaxError: C:\mahaa\src\features\profile\profileStyles.ts: Unexpected token (365:0)

  363 | });
  364 |
> 365 | });
      | ^
  366 |
  367 |]
 ERROR  SyntaxError: C:\mahaa\src\features\profile\profileStyles.ts: Unexpected token (365:0)

  363 | });
  364 |
> 365 | });
      | ^
  366 |
  367 |
    at constructor (C:\mahaa\node_modules\@babel\parser\lib\index.js:369:19)
    at TypeScriptParserMixin.raise (C:\mahaa\node_modules\@babel\parser\lib\index.js:6622:19)
    at TypeScriptParserMixin.unexpected (C:\mahaa\node_modules\@babel\parser\lib\index.js:6642:16)
    at TypeScriptParserMixin.parseExprAtom (C:\mahaa\node_modules\@babel\parser\lib\index.js:11473:22)
    at TypeScriptParserMixin.parseExprSubscripts (C:\mahaa\node_modules\@babel\parser\lib\index.js:11107:23)
    at TypeScriptParserMixin.parseUpdate (C:\mahaa\node_modules\@babel\parser\lib\index.js:11092:21)
    at TypeScriptParserMixin.parseMaybeUnary (C:\mahaa\node_modules\@babel\parser\lib\index.js:11072:23)
    at TypeScriptParserMixin.parseMaybeUnary (C:\mahaa\node_modules\@babel\parser\lib\index.js:9860:18)
    at TypeScriptParserMixin.parseMaybeUnaryOrPrivate (C:\mahaa\node_modules\@babel\parser\lib\index.js:10925:61)
    at TypeScriptParserMixin.parseExprOps (C:\mahaa\node_modules\@babel\parser\lib\index.js:10930:23)
    at TypeScriptParserMixin.parseMaybeConditional (C:\mahaa\node_modules\@babel\parser\lib\index.js:10907:23)
    at TypeScriptParserMixin.parseMaybeAssign (C:\mahaa\node_modules\@babel\parser\lib\index.js:10857:21)
    at TypeScriptParserMixin.parseMaybeAssign (C:\mahaa\node_modules\@babel\parser\lib\index.js:9809:20)
    at TypeScriptParserMixin.parseExpressionBase (C:\mahaa\node_modules\@babel\parser\lib\index.js:10810:23)
    at C:\mahaa\node_modules\@babel\parser\lib\index.js:10806:39
    at TypeScriptParserMixin.allowInAnd (C:\mahaa\node_modules\@babel\parser\lib\index.js:12455:16)
    at TypeScriptParserMixin.parseExpression (C:\mahaa\node_modules\@babel\parser\lib\index.js:10806:17)
    at TypeScriptParserMixin.parseStatementContent (C:\mahaa\node_modules\@babel\parser\lib\index.js:12929:23)
    at TypeScriptParserMixin.parseStatementContent (C:\mahaa\node_modules\@babel\parser\lib\index.js:9531:18)
    at TypeScriptParserMixin.parseStatementLike (C:\mahaa\node_modules\@babel\parser\lib\index.js:12801:17)
    at TypeScriptParserMixin.parseModuleItem (C:\mahaa\node_modules\@babel\parser\lib\index.js:12778:17)
    at TypeScriptParserMixin.parseBlockOrModuleBlockBody (C:\mahaa\node_modules\@babel\parser\lib\index.js:13350:36)
    at TypeScriptParserMixin.parseBlockBody (C:\mahaa\node_modules\@babel\parser\lib\index.js:13343:10)
    at TypeScriptParserMixin.parseProgram (C:\mahaa\node_modules\@babel\parser\lib\index.js:12656:10)
    at TypeScriptParserMixin.parseTopLevel (C:\mahaa\node_modules\@babel\parser\lib\index.js:12646:25)
    at TypeScriptParserMixin.parse (C:\mahaa\node_modules\@babel\parser\lib\index.js:14522:25)
    at TypeScriptParserMixin.parse (C:\mahaa\node_modules\@babel\parser\lib\index.js:10149:18)
    at parse (C:\mahaa\node_modules\@babel\parser\lib\index.js:14535:26)
    at parser (C:\mahaa\node_modules\@babel\core\lib\parser\index.js:41:34)
    at parser.next (<anonymous>)
    at normalizeFile (C:\mahaa\node_modules\@babel\core\lib\transformation\normalize-file.js:51:37)
    at normalizeFile.next (<anonymous>)
    at run (C:\mahaa\node_modules\@babel\core\lib\transformation\index.js:22:50)
    at run.next (<anonymous>)
    at transform (C:\mahaa\node_modules\@babel\core\lib\transform.js:22:33)
    at transform.next (<anonymous>)
    at evaluateSync (C:\mahaa\node_modules\gensync\index.js:251:28)
    at sync (C:\mahaa\node_modules\gensync\index.js:89:14)
    at stopHiding - secret - don't use this - v1 (C:\mahaa\node_modules\@babel\core\lib\errors\rewrite-stack-trace.js:47:12)
    at Object.transformSync (C:\mahaa\node_modules\@babel\core\lib\transform.js:40:76)
    at parseWithBabel (C:\mahaa\node_modules\@expo\metro-config\build\transformSync.js:75:18)
    at transformSync (C:\mahaa\node_modules\@expo\metro-config\build\transformSync.js:54:16)
    at Object.transform (C:\mahaa\node_modules\@expo\metro-config\build\babel-transformer.js:146:58)
    at transformJSWithBabel (C:\mahaa\node_modules\@expo\metro-config\build\transform-worker\metro-transform-worker.js:495:47)
    at Object.transform (C:\mahaa\node_modules\@expo\metro-config\build\transform-worker\metro-transform-worker.js:614:12)
    at Object.transform (C:\mahaa\node_modules\@expo\metro-config\build\transform-worker\transform-worker.js:179:19)
    at transformFile (C:\mahaa\node_modules\metro\src\DeltaBundler\Worker.flow.js:67:36)
    at Object.transform (C:\mahaa\node_modules\metro\src\DeltaBundler\Worker.flow.js:42:10)
    at execFunction (C:\mahaa\node_modules\jest-worker\build\workers\threadChild.js:167:17)
    at execHelper (C:\mahaa\node_modules\jest-worker\build\workers\threadChild.js:155:5)
Web  ERROR  [TransformError: SyntaxError: C:\mahaa\src\features\profile\profileStyles.ts: Unexpected token (365:0)

  363 | });
  364 |
> 365 | });
      | ^
  366 |
  367 |]
 ERROR  SyntaxError: C:\mahaa\src\features\profile\profileStyles.ts: Unexpected token (365:0)

  363 | });
  364 |
> 365 | });
      | ^
  366 |
  367 |
    at constructor (C:\mahaa\node_modules\@babel\parser\lib\index.js:369:19)
    at TypeScriptParserMixin.raise (C:\mahaa\node_modules\@babel\parser\lib\index.js:6622:19)
    at TypeScriptParserMixin.unexpected (C:\mahaa\node_modules\@babel\parser\lib\index.js:6642:16)
    at TypeScriptParserMixin.parseExprAtom (C:\mahaa\node_modules\@babel\parser\lib\index.js:11473:22)
    at TypeScriptParserMixin.parseExprSubscripts (C:\mahaa\node_modules\@babel\parser\lib\index.js:11107:23)
    at TypeScriptParserMixin.parseUpdate (C:\mahaa\node_modules\@babel\parser\lib\index.js:11092:21)
    at TypeScriptParserMixin.parseMaybeUnary (C:\mahaa\node_modules\@babel\parser\lib\index.js:11072:23)
    at TypeScriptParserMixin.parseMaybeUnary (C:\mahaa\node_modules\@babel\parser\lib\index.js:9860:18)
    at TypeScriptParserMixin.parseMaybeUnaryOrPrivate (C:\mahaa\node_modules\@babel\parser\lib\index.js:10925:61)
    at TypeScriptParserMixin.parseExprOps (C:\mahaa\node_modules\@babel\parser\lib\index.js:10930:23)
    at TypeScriptParserMixin.parseMaybeConditional (C:\mahaa\node_modules\@babel\parser\lib\index.js:10907:23)
    at TypeScriptParserMixin.parseMaybeAssign (C:\mahaa\node_modules\@babel\parser\lib\index.js:10857:21)
    at TypeScriptParserMixin.parseMaybeAssign (C:\mahaa\node_modules\@babel\parser\lib\index.js:9809:20)
    at TypeScriptParserMixin.parseExpressionBase (C:\mahaa\node_modules\@babel\parser\lib\index.js:10810:23)
    at C:\mahaa\node_modules\@babel\parser\lib\index.js:10806:39
    at TypeScriptParserMixin.allowInAnd (C:\mahaa\node_modules\@babel\parser\lib\index.js:12455:16)
    at TypeScriptParserMixin.parseExpression (C:\mahaa\node_modules\@babel\parser\lib\index.js:10806:17)
    at TypeScriptParserMixin.parseStatementContent (C:\mahaa\node_modules\@babel\parser\lib\index.js:12929:23)
    at TypeScriptParserMixin.parseStatementContent (C:\mahaa\node_modules\@babel\parser\lib\index.js:9531:18)
    at TypeScriptParserMixin.parseStatementLike (C:\mahaa\node_modules\@babel\parser\lib\index.js:12801:17)
    at TypeScriptParserMixin.parseModuleItem (C:\mahaa\node_modules\@babel\parser\lib\index.js:12778:17)
    at TypeScriptParserMixin.parseBlockOrModuleBlockBody (C:\mahaa\node_modules\@babel\parser\lib\index.js:13350:36)
    at TypeScriptParserMixin.parseBlockBody (C:\mahaa\node_modules\@babel\parser\lib\index.js:13343:10)
    at TypeScriptParserMixin.parseProgram (C:\mahaa\node_modules\@babel\parser\lib\index.js:12656:10)
    at TypeScriptParserMixin.parseTopLevel (C:\mahaa\node_modules\@babel\parser\lib\index.js:12646:25)
    at TypeScriptParserMixin.parse (C:\mahaa\node_modules\@babel\parser\lib\index.js:14522:25)
    at TypeScriptParserMixin.parse (C:\mahaa\node_modules\@babel\parser\lib\index.js:10149:18)
    at parse (C:\mahaa\node_modules\@babel\parser\lib\index.js:14535:26)
    at parser (C:\mahaa\node_modules\@babel\core\lib\parser\index.js:41:34)
    at parser.next (<anonymous>)
    at normalizeFile (C:\mahaa\node_modules\@babel\core\lib\transformation\normalize-file.js:51:37)
    at normalizeFile.next (<anonymous>)
    at run (C:\mahaa\node_modules\@babel\core\lib\transformation\index.js:22:50)
    at run.next (<anonymous>)
    at transform (C:\mahaa\node_modules\@babel\core\lib\transform.js:22:33)
    at transform.next (<anonymous>)
    at evaluateSync (C:\mahaa\node_modules\gensync\index.js:251:28)
    at sync (C:\mahaa\node_modules\gensync\index.js:89:14)
    at stopHiding - secret - don't use this - v1 (C:\mahaa\node_modules\@babel\core\lib\errors\rewrite-stack-trace.js:47:12)
    at Object.transformSync (C:\mahaa\node_modules\@babel\core\lib\transform.js:40:76)
    at parseWithBabel (C:\mahaa\node_modules\@expo\metro-config\build\transformSync.js:75:18)
    at transformSync (C:\mahaa\node_modules\@expo\metro-config\build\transformSync.js:54:16)
    at Object.transform (C:\mahaa\node_modules\@expo\metro-config\build\babel-transformer.js:146:58)
    at transformJSWithBabel (C:\mahaa\node_modules\@expo\metro-config\build\transform-worker\metro-transform-worker.js:495:47)
    at Object.transform (C:\mahaa\node_modules\@expo\metro-config\build\transform-worker\metro-transform-worker.js:614:12)
    at Object.transform (C:\mahaa\node_modules\@expo\metro-config\build\transform-worker\transform-worker.js:179:19)
    at transformFile (C:\mahaa\node_modules\metro\src\DeltaBundler\Worker.flow.js:67:36)
    at Object.transform (C:\mahaa\node_modules\metro\src\DeltaBundler\Worker.flow.js:42:10)
    at execFunction (C:\mahaa\node_modules\jest-worker\build\workers\threadChild.js:167:17)
    at execHelper (C:\mahaa\node_modules\jest-worker\build\workers\threadChild.js:155:5)
Web  ERROR  [TransformError: SyntaxError: C:\mahaa\src\features\profile\profileStyles.ts: Unexpected token (365:0)

  363 | });
  364 |
> 365 | });
      | ^
  366 |
  367 |]
 ERROR  TypeError: Duplicate declaration "styles"
  160 | }
  161 |
> 162 | const styles = {
      |       ^^^^^^
  163 |   entry: { gap: 2 },
  164 |   form: { gap: spacing.md },
  165 |   chipRow: { flexDirection: 'row' as const, flexWrap: 'wrap' as const, gap: spacing.sm },
    at File.buildCodeFrameError (C:\mahaa\node_modules\@babel\core\lib\transformation\file\file.js:189:12)
    at Scope.checkBlockScopedCollisions (C:\mahaa\node_modules\@babel\traverse\lib\scope\index.js:433:27)
    at Scope.registerBinding (C:\mahaa\node_modules\@babel\traverse\lib\scope\index.js:530:16)
    at Scope.registerDeclaration (C:\mahaa\node_modules\@babel\traverse\lib\scope\index.js:482:14)
    at Object.BlockScoped (C:\mahaa\node_modules\@babel\traverse\lib\scope\index.js:276:12)
    at Object.newFn (C:\mahaa\node_modules\@babel\traverse\lib\visitors.js:203:17)
    at NodePath._call (C:\mahaa\node_modules\@babel\traverse\lib\path\context.js:50:20)
    at NodePath.call (C:\mahaa\node_modules\@babel\traverse\lib\path\context.js:40:18)
    at NodePath.visit (C:\mahaa\node_modules\@babel\traverse\lib\path\context.js:87:31)
    at TraversalContext.visitQueue (C:\mahaa\node_modules\@babel\traverse\lib\context.js:96:16)
    at TraversalContext.visitMultiple (C:\mahaa\node_modules\@babel\traverse\lib\context.js:68:17)
    at TraversalContext.visit (C:\mahaa\node_modules\@babel\traverse\lib\context.js:117:19)
    at traverseNode (C:\mahaa\node_modules\@babel\traverse\lib\traverse-node.js:130:17)
    at traverse (C:\mahaa\node_modules\@babel\traverse\lib\index.js:53:34)
    at NodePath.traverse (C:\mahaa\node_modules\@babel\traverse\lib\path\index.js:120:24)
    at Scope.crawl (C:\mahaa\node_modules\@babel\traverse\lib\scope\index.js:695:10)
    at Scope.init (C:\mahaa\node_modules\@babel\traverse\lib\scope\index.js:661:12)
    at NodePath.setScope (C:\mahaa\node_modules\@babel\traverse\lib\path\context.js:139:55)
    at NodePath.setContext (C:\mahaa\node_modules\@babel\traverse\lib\path\context.js:151:12)
    at new File (C:\mahaa\node_modules\@babel\core\lib\transformation\file\file.js:80:8)
    at normalizeFile (C:\mahaa\node_modules\@babel\core\lib\transformation\normalize-file.js:82:10)
    at normalizeFile.next (<anonymous>)
    at run (C:\mahaa\node_modules\@babel\core\lib\transformation\index.js:22:50)
    at run.next (<anonymous>)
    at transform (C:\mahaa\node_modules\@babel\core\lib\transform.js:22:33)
    at transform.next (<anonymous>)
    at evaluateSync (C:\mahaa\node_modules\gensync\index.js:251:28)
    at sync (C:\mahaa\node_modules\gensync\index.js:89:14)
    at stopHiding - secret - don't use this - v1 (C:\mahaa\node_modules\@babel\core\lib\errors\rewrite-stack-trace.js:47:12)
    at Object.transformSync (C:\mahaa\node_modules\@babel\core\lib\transform.js:40:76)
    at parseWithBabel (C:\mahaa\node_modules\@expo\metro-config\build\transformSync.js:75:18)
    at transformSync (C:\mahaa\node_modules\@expo\metro-config\build\transformSync.js:54:16)
    at Object.transform (C:\mahaa\node_modules\@expo\metro-config\build\babel-transformer.js:146:58)
    at transformJSWithBabel (C:\mahaa\node_modules\@expo\metro-config\build\transform-worker\metro-transform-worker.js:495:47)
    at Object.transform (C:\mahaa\node_modules\@expo\metro-config\build\transform-worker\metro-transform-worker.js:614:12)
    at Object.transform (C:\mahaa\node_modules\@expo\metro-config\build\transform-worker\transform-worker.js:179:19)
    at transformFile (C:\mahaa\node_modules\metro\src\DeltaBundler\Worker.flow.js:67:36)
    at Object.transform (C:\mahaa\node_modules\metro\src\DeltaBundler\Worker.flow.js:42:10)
    at execFunction (C:\mahaa\node_modules\jest-worker\build\workers\threadChild.js:167:17)
    at execHelper (C:\mahaa\node_modules\jest-worker\build\workers\threadChild.js:155:5)
    at execMethod (C:\mahaa\node_modules\jest-worker\build\workers\threadChild.js:158:5)
    at MessagePort.messageListener (C:\mahaa\node_modules\jest-worker\build\workers\threadChild.js:52:7)
    at [nodejs.internal.kHybridDispatch] (node:internal/event_target:827:20)
Web  ERROR  [TransformError: src\app\(candidate)\profile\achievements.tsx: Duplicate declaration "styles"
  160 | }
  161 |
> 162 | const styles = {
      |       ^^^^^^
  163 |   entry: { gap: 2 },
  164 |   form: { gap: spacing.md },
  165 |   chipRow: { flexDirection: 'row' as const, flexWrap: 'wrap' as const, gap: spacing.sm },]
 ERROR  TypeError: Duplicate declaration "styles"
  160 | }
  161 |
> 162 | const styles = {
      |       ^^^^^^
  163 |   entry: { gap: 2 },
  164 |   form: { gap: spacing.md },
  165 |   chipRow: { flexDirection: 'row' as const, flexWrap: 'wrap' as const, gap: spacing.sm },
    at File.buildCodeFrameError (C:\mahaa\node_modules\@babel\core\lib\transformation\file\file.js:189:12)
    at Scope.checkBlockScopedCollisions (C:\mahaa\node_modules\@babel\traverse\lib\scope\index.js:433:27)
    at Scope.registerBinding (C:\mahaa\node_modules\@babel\traverse\lib\scope\index.js:530:16)
    at Scope.registerDeclaration (C:\mahaa\node_modules\@babel\traverse\lib\scope\index.js:482:14)
    at Object.BlockScoped (C:\mahaa\node_modules\@babel\traverse\lib\scope\index.js:276:12)
    at Object.newFn (C:\mahaa\node_modules\@babel\traverse\lib\visitors.js:203:17)
    at NodePath._call (C:\mahaa\node_modules\@babel\traverse\lib\path\context.js:50:20)
    at NodePath.call (C:\mahaa\node_modules\@babel\traverse\lib\path\context.js:40:18)
    at NodePath.visit (C:\mahaa\node_modules\@babel\traverse\lib\path\context.js:87:31)
    at TraversalContext.visitQueue (C:\mahaa\node_modules\@babel\traverse\lib\context.js:96:16)
    at TraversalContext.visitMultiple (C:\mahaa\node_modules\@babel\traverse\lib\context.js:68:17)
    at TraversalContext.visit (C:\mahaa\node_modules\@babel\traverse\lib\context.js:117:19)
    at traverseNode (C:\mahaa\node_modules\@babel\traverse\lib\traverse-node.js:130:17)
    at traverse (C:\mahaa\node_modules\@babel\traverse\lib\index.js:53:34)
    at NodePath.traverse (C:\mahaa\node_modules\@babel\traverse\lib\path\index.js:120:24)
    at Scope.crawl (C:\mahaa\node_modules\@babel\traverse\lib\scope\index.js:695:10)
    at Scope.init (C:\mahaa\node_modules\@babel\traverse\lib\scope\index.js:661:12)
    at NodePath.setScope (C:\mahaa\node_modules\@babel\traverse\lib\path\context.js:139:55)
    at NodePath.setContext (C:\mahaa\node_modules\@babel\traverse\lib\path\context.js:151:12)
    at new File (C:\mahaa\node_modules\@babel\core\lib\transformation\file\file.js:80:8)
    at normalizeFile (C:\mahaa\node_modules\@babel\core\lib\transformation\normalize-file.js:82:10)
    at normalizeFile.next (<anonymous>)
    at run (C:\mahaa\node_modules\@babel\core\lib\transformation\index.js:22:50)
    at run.next (<anonymous>)
    at transform (C:\mahaa\node_modules\@babel\core\lib\transform.js:22:33)
    at transform.next (<anonymous>)
    at evaluateSync (C:\mahaa\node_modules\gensync\index.js:251:28)
    at sync (C:\mahaa\node_modules\gensync\index.js:89:14)
    at stopHiding - secret - don't use this - v1 (C:\mahaa\node_modules\@babel\core\lib\errors\rewrite-stack-trace.js:47:12)
    at Object.transformSync (C:\mahaa\node_modules\@babel\core\lib\transform.js:40:76)
    at parseWithBabel (C:\mahaa\node_modules\@expo\metro-config\build\transformSync.js:75:18)
    at transformSync (C:\mahaa\node_modules\@expo\metro-config\build\transformSync.js:54:16)
    at Object.transform (C:\mahaa\node_modules\@expo\metro-config\build\babel-transformer.js:146:58)
    at transformJSWithBabel (C:\mahaa\node_modules\@expo\metro-config\build\transform-worker\metro-transform-worker.js:495:47)
    at Object.transform (C:\mahaa\node_modules\@expo\metro-config\build\transform-worker\metro-transform-worker.js:614:12)
    at Object.transform (C:\mahaa\node_modules\@expo\metro-config\build\transform-worker\transform-worker.js:179:19)
    at transformFile (C:\mahaa\node_modules\metro\src\DeltaBundler\Worker.flow.js:67:36)
    at Object.transform (C:\mahaa\node_modules\metro\src\DeltaBundler\Worker.flow.js:42:10)
    at execFunction (C:\mahaa\node_modules\jest-worker\build\workers\threadChild.js:167:17)
    at execHelper (C:\mahaa\node_modules\jest-worker\build\workers\threadChild.js:155:5)
    at execMethod (C:\mahaa\node_modules\jest-worker\build\workers\threadChild.js:158:5)
    at MessagePort.messageListener (C:\mahaa\node_modules\jest-worker\build\workers\threadChild.js:52:7)
    at [nodejs.internal.kHybridDispatch] (node:internal/event_target:827:20)
Web  ERROR  [TransformError: src\app\(candidate)\profile\achievements.tsx: Duplicate declaration "styles"
  160 | }
  161 |
> 162 | const styles = {
      |       ^^^^^^
  163 |   entry: { gap: 2 },
  164 |   form: { gap: spacing.md },
  165 |   chipRow: { flexDirection: 'row' as const, flexWrap: 'wrap' as const, gap: spacing.sm },]
 ERROR  TypeError: Duplicate declaration "styles"
  160 | }
  161 |
> 162 | const styles = {
      |       ^^^^^^
  163 |   entry: { gap: 2 },
  164 |   form: { gap: spacing.md },
  165 |   chipRow: { flexDirection: 'row' as const, flexWrap: 'wrap' as const, gap: spacing.sm },
    at File.buildCodeFrameError (C:\mahaa\node_modules\@babel\core\lib\transformation\file\file.js:189:12)
    at Scope.checkBlockScopedCollisions (C:\mahaa\node_modules\@babel\traverse\lib\scope\index.js:433:27)
    at Scope.registerBinding (C:\mahaa\node_modules\@babel\traverse\lib\scope\index.js:530:16)
    at Scope.registerDeclaration (C:\mahaa\node_modules\@babel\traverse\lib\scope\index.js:482:14)
    at Object.BlockScoped (C:\mahaa\node_modules\@babel\traverse\lib\scope\index.js:276:12)
    at Object.newFn (C:\mahaa\node_modules\@babel\traverse\lib\visitors.js:203:17)
    at NodePath._call (C:\mahaa\node_modules\@babel\traverse\lib\path\context.js:50:20)
    at NodePath.call (C:\mahaa\node_modules\@babel\traverse\lib\path\context.js:40:18)
    at NodePath.visit (C:\mahaa\node_modules\@babel\traverse\lib\path\context.js:87:31)
    at TraversalContext.visitQueue (C:\mahaa\node_modules\@babel\traverse\lib\context.js:96:16)
    at TraversalContext.visitMultiple (C:\mahaa\node_modules\@babel\traverse\lib\context.js:68:17)
    at TraversalContext.visit (C:\mahaa\node_modules\@babel\traverse\lib\context.js:117:19)
    at traverseNode (C:\mahaa\node_modules\@babel\traverse\lib\traverse-node.js:130:17)
    at traverse (C:\mahaa\node_modules\@babel\traverse\lib\index.js:53:34)
    at NodePath.traverse (C:\mahaa\node_modules\@babel\traverse\lib\path\index.js:120:24)
    at Scope.crawl (C:\mahaa\node_modules\@babel\traverse\lib\scope\index.js:695:10)
    at Scope.init (C:\mahaa\node_modules\@babel\traverse\lib\scope\index.js:661:12)
    at NodePath.setScope (C:\mahaa\node_modules\@babel\traverse\lib\path\context.js:139:55)
    at NodePath.setContext (C:\mahaa\node_modules\@babel\traverse\lib\path\context.js:151:12)
    at new File (C:\mahaa\node_modules\@babel\core\lib\transformation\file\file.js:80:8)
    at normalizeFile (C:\mahaa\node_modules\@babel\core\lib\transformation\normalize-file.js:82:10)
    at normalizeFile.next (<anonymous>)
    at run (C:\mahaa\node_modules\@babel\core\lib\transformation\index.js:22:50)
    at run.next (<anonymous>)
    at transform (C:\mahaa\node_modules\@babel\core\lib\transform.js:22:33)
    at transform.next (<anonymous>)
    at evaluateSync (C:\mahaa\node_modules\gensync\index.js:251:28)
    at sync (C:\mahaa\node_modules\gensync\index.js:89:14)
    at stopHiding - secret - don't use this - v1 (C:\mahaa\node_modules\@babel\core\lib\errors\rewrite-stack-trace.js:47:12)
    at Object.transformSync (C:\mahaa\node_modules\@babel\core\lib\transform.js:40:76)
    at parseWithBabel (C:\mahaa\node_modules\@expo\metro-config\build\transformSync.js:75:18)
    at transformSync (C:\mahaa\node_modules\@expo\metro-config\build\transformSync.js:54:16)
    at Object.transform (C:\mahaa\node_modules\@expo\metro-config\build\babel-transformer.js:146:58)
    at transformJSWithBabel (C:\mahaa\node_modules\@expo\metro-config\build\transform-worker\metro-transform-worker.js:495:47)
    at Object.transform (C:\mahaa\node_modules\@expo\metro-config\build\transform-worker\metro-transform-worker.js:614:12)
    at Object.transform (C:\mahaa\node_modules\@expo\metro-config\build\transform-worker\transform-worker.js:179:19)
    at transformFile (C:\mahaa\node_modules\metro\src\DeltaBundler\Worker.flow.js:67:36)
    at Object.transform (C:\mahaa\node_modules\metro\src\DeltaBundler\Worker.flow.js:42:10)
    at execFunction (C:\mahaa\node_modules\jest-worker\build\workers\threadChild.js:167:17)
    at execHelper (C:\mahaa\node_modules\jest-worker\build\workers\threadChild.js:155:5)
    at execMethod (C:\mahaa\node_modules\jest-worker\build\workers\threadChild.js:158:5)
    at MessagePort.messageListener (C:\mahaa\node_modules\jest-worker\build\workers\threadChild.js:52:7)
    at [nodejs.internal.kHybridDispatch] (node:internal/event_target:827:20)
Web  ERROR  [TransformError: src\app\(candidate)\profile\achievements.tsx: Duplicate declaration "styles"
  160 | }
  161 |
> 162 | const styles = {
      |       ^^^^^^
  163 |   entry: { gap: 2 },
  164 |   form: { gap: spacing.md },
  165 |   chipRow: { flexDirection: 'row' as const, flexWrap: 'wrap' as const, gap: spacing.sm },]
 ERROR  TypeError: Duplicate declaration "styles"
  160 | }
  161 |
> 162 | const styles = {
      |       ^^^^^^
  163 |   entry: { gap: 2 },
  164 |   form: { gap: spacing.md },
  165 |   chipRow: { flexDirection: 'row' as const, flexWrap: 'wrap' as const, gap: spacing.sm },
    at File.buildCodeFrameError (C:\mahaa\node_modules\@babel\core\lib\transformation\file\file.js:189:12)
    at Scope.checkBlockScopedCollisions (C:\mahaa\node_modules\@babel\traverse\lib\scope\index.js:433:27)
    at Scope.registerBinding (C:\mahaa\node_modules\@babel\traverse\lib\scope\index.js:530:16)
    at Scope.registerDeclaration (C:\mahaa\node_modules\@babel\traverse\lib\scope\index.js:482:14)
    at Object.BlockScoped (C:\mahaa\node_modules\@babel\traverse\lib\scope\index.js:276:12)
    at Object.newFn (C:\mahaa\node_modules\@babel\traverse\lib\visitors.js:203:17)
    at NodePath._call (C:\mahaa\node_modules\@babel\traverse\lib\path\context.js:50:20)
    at NodePath.call (C:\mahaa\node_modules\@babel\traverse\lib\path\context.js:40:18)
    at NodePath.visit (C:\mahaa\node_modules\@babel\traverse\lib\path\context.js:87:31)
    at TraversalContext.visitQueue (C:\mahaa\node_modules\@babel\traverse\lib\context.js:96:16)
    at TraversalContext.visitMultiple (C:\mahaa\node_modules\@babel\traverse\lib\context.js:68:17)
    at TraversalContext.visit (C:\mahaa\node_modules\@babel\traverse\lib\context.js:117:19)
    at traverseNode (C:\mahaa\node_modules\@babel\traverse\lib\traverse-node.js:130:17)
    at traverse (C:\mahaa\node_modules\@babel\traverse\lib\index.js:53:34)
    at NodePath.traverse (C:\mahaa\node_modules\@babel\traverse\lib\path\index.js:120:24)
    at Scope.crawl (C:\mahaa\node_modules\@babel\traverse\lib\scope\index.js:695:10)
    at Scope.init (C:\mahaa\node_modules\@babel\traverse\lib\scope\index.js:661:12)
    at NodePath.setScope (C:\mahaa\node_modules\@babel\traverse\lib\path\context.js:139:55)
    at NodePath.setContext (C:\mahaa\node_modules\@babel\traverse\lib\path\context.js:151:12)
    at new File (C:\mahaa\node_modules\@babel\core\lib\transformation\file\file.js:80:8)
    at normalizeFile (C:\mahaa\node_modules\@babel\core\lib\transformation\normalize-file.js:82:10)
    at normalizeFile.next (<anonymous>)
    at run (C:\mahaa\node_modules\@babel\core\lib\transformation\index.js:22:50)
    at run.next (<anonymous>)
    at transform (C:\mahaa\node_modules\@babel\core\lib\transform.js:22:33)
    at transform.next (<anonymous>)
    at evaluateSync (C:\mahaa\node_modules\gensync\index.js:251:28)
    at sync (C:\mahaa\node_modules\gensync\index.js:89:14)
    at stopHiding - secret - don't use this - v1 (C:\mahaa\node_modules\@babel\core\lib\errors\rewrite-stack-trace.js:47:12)
    at Object.transformSync (C:\mahaa\node_modules\@babel\core\lib\transform.js:40:76)
    at parseWithBabel (C:\mahaa\node_modules\@expo\metro-config\build\transformSync.js:75:18)
    at transformSync (C:\mahaa\node_modules\@expo\metro-config\build\transformSync.js:54:16)
    at Object.transform (C:\mahaa\node_modules\@expo\metro-config\build\babel-transformer.js:146:58)
    at transformJSWithBabel (C:\mahaa\node_modules\@expo\metro-config\build\transform-worker\metro-transform-worker.js:495:47)
    at Object.transform (C:\mahaa\node_modules\@expo\metro-config\build\transform-worker\metro-transform-worker.js:614:12)
    at Object.transform (C:\mahaa\node_modules\@expo\metro-config\build\transform-worker\transform-worker.js:179:19)
    at transformFile (C:\mahaa\node_modules\metro\src\DeltaBundler\Worker.flow.js:67:36)
    at Object.transform (C:\mahaa\node_modules\metro\src\DeltaBundler\Worker.flow.js:42:10)
    at execFunction (C:\mahaa\node_modules\jest-worker\build\workers\threadChild.js:167:17)
    at execHelper (C:\mahaa\node_modules\jest-worker\build\workers\threadChild.js:155:5)
    at execMethod (C:\mahaa\node_modules\jest-worker\build\workers\threadChild.js:158:5)
    at MessagePort.messageListener (C:\mahaa\node_modules\jest-worker\build\workers\threadChild.js:52:7)
    at [nodejs.internal.kHybridDispatch] (node:internal/event_target:827:20)
Web  ERROR  [TransformError: src\app\(candidate)\profile\achievements.tsx: Duplicate declaration "styles"
  160 | }
  161 |
> 162 | const styles = {
      |       ^^^^^^
  163 |   entry: { gap: 2 },
  164 |   form: { gap: spacing.md },
  165 |   chipRow: { flexDirection: 'row' as const, flexWrap: 'wrap' as const, gap: spacing.sm },]
 ERROR  TypeError: Duplicate declaration "styles"
  160 | }
  161 |
> 162 | const styles = {
      |       ^^^^^^
  163 |   entry: { gap: 2 },
  164 |   form: { gap: spacing.md },
  165 |   chipRow: { flexDirection: 'row' as const, flexWrap: 'wrap' as const, gap: spacing.sm },
    at File.buildCodeFrameError (C:\mahaa\node_modules\@babel\core\lib\transformation\file\file.js:189:12)
    at Scope.checkBlockScopedCollisions (C:\mahaa\node_modules\@babel\traverse\lib\scope\index.js:433:27)
    at Scope.registerBinding (C:\mahaa\node_modules\@babel\traverse\lib\scope\index.js:530:16)
    at Scope.registerDeclaration (C:\mahaa\node_modules\@babel\traverse\lib\scope\index.js:482:14)
    at Object.BlockScoped (C:\mahaa\node_modules\@babel\traverse\lib\scope\index.js:276:12)
    at Object.newFn (C:\mahaa\node_modules\@babel\traverse\lib\visitors.js:203:17)
    at NodePath._call (C:\mahaa\node_modules\@babel\traverse\lib\path\context.js:50:20)
    at NodePath.call (C:\mahaa\node_modules\@babel\traverse\lib\path\context.js:40:18)
    at NodePath.visit (C:\mahaa\node_modules\@babel\traverse\lib\path\context.js:87:31)
    at TraversalContext.visitQueue (C:\mahaa\node_modules\@babel\traverse\lib\context.js:96:16)
    at TraversalContext.visitMultiple (C:\mahaa\node_modules\@babel\traverse\lib\context.js:68:17)
    at TraversalContext.visit (C:\mahaa\node_modules\@babel\traverse\lib\context.js:117:19)
    at traverseNode (C:\mahaa\node_modules\@babel\traverse\lib\traverse-node.js:130:17)
    at traverse (C:\mahaa\node_modules\@babel\traverse\lib\index.js:53:34)
    at NodePath.traverse (C:\mahaa\node_modules\@babel\traverse\lib\path\index.js:120:24)
    at Scope.crawl (C:\mahaa\node_modules\@babel\traverse\lib\scope\index.js:695:10)
    at Scope.init (C:\mahaa\node_modules\@babel\traverse\lib\scope\index.js:661:12)
    at NodePath.setScope (C:\mahaa\node_modules\@babel\traverse\lib\path\context.js:139:55)
    at NodePath.setContext (C:\mahaa\node_modules\@babel\traverse\lib\path\context.js:151:12)
    at new File (C:\mahaa\node_modules\@babel\core\lib\transformation\file\file.js:80:8)
    at normalizeFile (C:\mahaa\node_modules\@babel\core\lib\transformation\normalize-file.js:82:10)
    at normalizeFile.next (<anonymous>)
    at run (C:\mahaa\node_modules\@babel\core\lib\transformation\index.js:22:50)
    at run.next (<anonymous>)
    at transform (C:\mahaa\node_modules\@babel\core\lib\transform.js:22:33)
    at transform.next (<anonymous>)
    at evaluateSync (C:\mahaa\node_modules\gensync\index.js:251:28)
    at sync (C:\mahaa\node_modules\gensync\index.js:89:14)
    at stopHiding - secret - don't use this - v1 (C:\mahaa\node_modules\@babel\core\lib\errors\rewrite-stack-trace.js:47:12)
    at Object.transformSync (C:\mahaa\node_modules\@babel\core\lib\transform.js:40:76)
    at parseWithBabel (C:\mahaa\node_modules\@expo\metro-config\build\transformSync.js:75:18)
    at transformSync (C:\mahaa\node_modules\@expo\metro-config\build\transformSync.js:54:16)
    at Object.transform (C:\mahaa\node_modules\@expo\metro-config\build\babel-transformer.js:146:58)
    at transformJSWithBabel (C:\mahaa\node_modules\@expo\metro-config\build\transform-worker\metro-transform-worker.js:495:47)
    at Object.transform (C:\mahaa\node_modules\@expo\metro-config\build\transform-worker\metro-transform-worker.js:614:12)
    at Object.transform (C:\mahaa\node_modules\@expo\metro-config\build\transform-worker\transform-worker.js:179:19)
    at transformFile (C:\mahaa\node_modules\metro\src\DeltaBundler\Worker.flow.js:67:36)
    at Object.transform (C:\mahaa\node_modules\metro\src\DeltaBundler\Worker.flow.js:42:10)
    at execFunction (C:\mahaa\node_modules\jest-worker\build\workers\threadChild.js:167:17)
    at execHelper (C:\mahaa\node_modules\jest-worker\build\workers\threadChild.js:155:5)
    at execMethod (C:\mahaa\node_modules\jest-worker\build\workers\threadChild.js:158:5)
    at MessagePort.messageListener (C:\mahaa\node_modules\jest-worker\build\workers\threadChild.js:52:7)
    at [nodejs.internal.kHybridDispatch] (node:internal/event_target:827:20)
Web  ERROR  [TransformError: src\app\(candidate)\profile\achievements.tsx: Duplicate declaration "styles"
  160 | }
  161 |
> 162 | const styles = {
      |       ^^^^^^
  163 |   entry: { gap: 2 },
  164 |   form: { gap: spacing.md },
  165 |   chipRow: { flexDirection: 'row' as const, flexWrap: 'wrap' as const, gap: spacing.sm },]
λ Bundled 24201ms node_modules\expo\node_modules\@expo\cli\node_modules\@expo\router-server\node\render.js (1 module)
Web Bundled 28470ms node_modules\expo-router\entry.js (1 module)
Web Bundled 332ms node_modules\expo-router\entry.js (1 module)
Web  INFO  %cDownload the React DevTools for a better development experience: https://react.dev/link/react-devtools font-weight:bold
Web  LOG  Running application "main" with appParams:
 {"hydrate": undefined, "rootTag": "#root"} 
Development-level warnings: ON.
Performance optimizations: OFF.
Web  WARN  "shadow*" style props are deprecated. Use "boxShadow".
